region,epiweek,release_date,issue,lag,ili,wili,num_ili,num_patients,num_providers,year,week
ca,201040,2017-10-24,201740,365,1.95412,1.95412,632,32342,112,2010,40
ca,201041,2017-10-24,201740,364,2.15266,2.15266,742,34469,122,2010,41
ca,201042,2017-10-24,201740,363,2.24173,2.24173,766,34170,126,2010,42
ca,201043,2017-10-24,201740,362,1.91748,1.91748,666,34733,130,2010,43
ca,201044,2017-10-24,201740,361,2.52326,2.52326,887,35153,131,2010,44
ca,201045,2017-10-24,201740,360,2.74562,2.74562,906,32998,126,2010,45
ca,201046,2017-10-24,201740,359,2.81963,2.81963,1020,36175,131,2010,46
ca,201047,2017-10-24,201740,358,3.16132,3.16132,729,23060,134,2010,47
ca,201048,2017-10-24,201740,357,2.60631,2.60631,939,36028,135,2010,48
ca,201049,2017-10-24,201740,356,3.05613,3.05613,1072,35077,135,2010,49
ca,201050,2017-10-24,201740,355,3.6598,3.6598,1170,31969,128,2010,50
ca,201051,2017-10-24,201740,354,4.62077,4.62077,1057,22875,127,2010,51
ca,201052,2017-10-24,201740,353,4.6895,4.6895,916,19533,125,2010,52
ca,201101,2017-10-24,201740,352,3.56213,3.56213,1190,33407,129,2011,1
ca,201102,2017-10-24,201740,351,3.79325,3.79325,1354,35695,132,2011,2
ca,201103,2017-10-24,201740,350,4.02689,4.02689,1324,32879,130,2011,3
ca,201104,2017-10-24,201740,349,4.60501,4.60501,1768,38393,132,2011,4
ca,201105,2017-10-24,201740,348,4.33983,4.33983,1747,40255,133,2011,5
ca,201106,2017-10-24,201740,347,4.88711,4.88711,1987,40658,138,2011,6
ca,201107,2017-10-24,201740,346,5.07162,5.07162,2036,40145,136,2011,7
ca,201108,2017-10-24,201740,345,5.17402,5.17402,1775,34306,134,2011,8
ca,201109,2017-10-24,201740,344,5.00087,5.00087,2007,40133,138,2011,9
ca,201110,2017-10-24,201740,343,4.69447,4.69447,1853,39472,136,2011,10
ca,201111,2017-10-24,201740,342,4.4379,4.4379,1598,36008,134,2011,11
ca,201112,2017-10-24,201740,341,3.29703,3.29703,1111,33697,127,2011,12
ca,201113,2017-10-24,201740,340,3.2,3.2,1160,36250,131,2011,13
ca,201114,2017-10-24,201740,339,2.64683,2.64683,927,35023,121,2011,14
ca,201115,2017-10-24,201740,338,2.57193,2.57193,918,35693,120,2011,15
ca,201116,2017-10-24,201740,337,2.24199,2.24199,736,32828,119,2011,16
ca,201117,2017-10-24,201740,336,2.34436,2.34436,784,33442,112,2011,17
ca,201118,2017-10-24,201740,335,2.14632,2.14632,734,34198,111,2011,18
ca,201119,2017-10-24,201740,334,2.05279,2.05279,672,32736,110,2011,19
ca,201120,2017-10-24,201740,333,2.13285,2.13285,700,32820,113,2011,20
ca,201121,2017-10-24,201740,332,2.10667,2.10667,583,27674,94,2011,21
ca,201122,2017-10-24,201740,331,2.5765,2.5765,581,22550,91,2011,22
ca,201123,2017-10-24,201740,330,2.26424,2.26424,588,25969,87,2011,23
ca,201124,2017-10-24,201740,329,1.84762,1.84762,461,24951,88,2011,24
ca,201125,2017-10-24,201740,328,1.73298,1.73298,436,25159,88,2011,25
ca,201126,2017-10-24,201740,327,1.67684,1.67684,426,25405,80,2011,26
ca,201127,2017-10-24,201740,326,1.68774,1.68774,343,20323,82,2011,27
ca,201128,2017-10-24,201740,325,1.60432,1.60432,383,23873,84,2011,28
ca,201129,2017-10-24,201740,324,1.45437,1.45437,327,22484,78,2011,29
ca,201130,2017-10-24,201740,323,1.35141,1.35141,303,22421,79,2011,30
ca,201131,2017-10-24,201740,322,0.553292,0.553292,91,16447,74,2011,31
ca,201132,2017-10-24,201740,321,1.35688,1.35688,295,21741,80,2011,32
ca,201133,2017-10-24,201740,320,1.1637,1.1637,284,24405,82,2011,33
ca,201134,2017-10-24,201740,319,1.34833,1.34833,350,25958,83,2011,34
ca,201135,2017-10-24,201740,318,1.47857,1.47857,376,25430,79,2011,35
ca,201136,2017-10-24,201740,317,1.60215,1.60215,322,20098,77,2011,36
ca,201137,2017-10-24,201740,316,1.74891,1.74891,420,24015,76,2011,37
ca,201138,2017-10-24,201740,315,1.75994,1.75994,445,25285,74,2011,38
ca,201139,2017-10-24,201740,314,1.84745,1.84745,474,25657,73,2011,39
ca,201140,2017-10-24,201740,313,1.80295,1.80295,568,31504,116,2011,40
ca,201141,2017-10-24,201740,312,2.06534,2.06534,703,34038,122,2011,41
ca,201142,2017-10-24,201740,311,2.38294,2.38294,801,33614,116,2011,42
ca,201143,2017-10-24,201740,310,2.29128,2.29128,797,34784,118,2011,43
ca,201144,2017-10-24,201740,309,2.48358,2.48358,866,34869,125,2011,44
ca,201145,2017-10-24,201740,308,2.1744,2.1744,784,36056,127,2011,45
ca,201146,2017-10-24,201740,307,2.6274,2.6274,992,37756,123,2011,46
ca,201147,2017-10-24,201740,306,2.51216,2.51216,594,23645,125,2011,47
ca,201148,2017-10-24,201740,305,1.6858,1.6858,511,30312,125,2011,48
ca,201149,2017-10-24,201740,304,2.7037,2.7037,883,32659,128,2011,49
ca,201150,2017-10-24,201740,303,3.02135,3.02135,951,31476,127,2011,50
ca,201151,2017-10-24,201740,302,3.60781,3.60781,843,23366,121,2011,51
ca,201152,2017-10-24,201740,301,4.3531,4.3531,718,16494,117,2011,52
ca,201201,2017-10-24,201740,300,3.50589,3.50589,854,24359,122,2012,1
ca,201202,2017-10-24,201740,299,2.94298,2.94298,958,32552,124,2012,2
ca,201203,2017-10-24,201740,298,2.73705,2.73705,855,31238,125,2012,3
ca,201204,2017-10-24,201740,297,3.53247,3.53247,1224,34650,126,2012,4
ca,201205,2017-10-24,201740,296,3.85357,3.85357,1359,35266,129,2012,5
ca,201206,2017-10-24,201740,295,3.29788,3.29788,1265,38358,130,2012,6
ca,201207,2017-10-24,201740,294,3.57343,3.57343,1278,35764,130,2012,7
ca,201208,2017-10-24,201740,293,4.20562,4.20562,1300,30911,125,2012,8
ca,201209,2017-10-24,201740,292,3.54025,3.54025,1253,35393,127,2012,9
ca,201210,2017-10-24,201740,291,2.69266,2.69266,812,30156,128,2012,10
ca,201211,2017-10-24,201740,290,3.12447,3.12447,920,29445,128,2012,11
ca,201212,2017-10-24,201740,289,2.83205,2.83205,819,28919,124,2012,12
ca,201213,2017-10-24,201740,288,3.89886,3.89886,1229,31522,127,2012,13
ca,201214,2017-10-24,201740,287,2.99164,2.99164,952,31822,120,2012,14
ca,201215,2017-10-24,201740,286,2.87193,2.87193,927,32278,118,2012,15
ca,201216,2017-10-24,201740,285,2.15102,2.15102,717,33333,116,2012,16
ca,201217,2017-10-24,201740,284,2.15365,2.15365,693,32178,113,2012,17
ca,201218,2017-10-24,201740,283,2.36106,2.36106,732,31003,107,2012,18
ca,201219,2017-10-24,201740,282,2.17778,2.17778,673,30903,99,2012,19
ca,201220,2017-10-24,201740,281,2.04531,2.04531,613,29971,94,2012,20
ca,201221,2017-10-24,201740,280,2.22589,2.22589,593,26641,91,2012,21
ca,201222,2017-10-24,201740,279,2.21439,2.21439,465,20999,89,2012,22
ca,201223,2017-10-24,201740,278,2.01533,2.01533,497,24661,88,2012,23
ca,201224,2017-10-24,201740,277,1.81274,1.81274,466,25707,88,2012,24
ca,201225,2017-10-24,201740,276,2.03814,2.03814,482,23649,85,2012,25
ca,201226,2017-10-24,201740,275,1.875,1.875,411,21920,80,2012,26
ca,201227,2017-10-24,201740,274,1.93357,1.93357,365,18877,81,2012,27
ca,201228,2017-10-24,201740,273,1.82661,1.82661,390,21351,74,2012,28
ca,201229,2017-10-24,201740,272,1.69307,1.69307,357,21086,76,2012,29
ca,201230,2017-10-24,201740,271,1.68499,1.68499,354,21009,76,2012,30
ca,201231,2017-10-24,201740,270,1.75422,1.75422,362,20636,77,2012,31
ca,201232,2017-10-24,201740,269,1.61435,1.61435,343,21247,74,2012,32
ca,201233,2017-10-24,201740,268,1.07686,1.07686,160,14858,70,2012,33
ca,201234,2017-10-24,201740,267,1.88368,1.88368,411,21819,73,2012,34
ca,201235,2017-10-24,201740,266,2.0159,2.0159,525,26043,74,2012,35
ca,201236,2017-10-24,201740,265,2.3227,2.3227,543,23378,76,2012,36
ca,201237,2017-10-24,201740,264,2.2445,2.2445,627,27935,75,2012,37
ca,201238,2017-10-24,201740,263,2.43955,2.43955,678,27792,73,2012,38
ca,201239,2017-10-24,201740,262,2.40973,2.40973,656,27223,69,2012,39
ca,201240,2017-10-24,201740,261,2.10133,2.10133,720,34264,123,2012,40
ca,201241,2017-10-24,201740,260,2.26502,2.26502,781,34481,123,2012,41
ca,201242,2017-10-24,201740,259,2.35697,2.35697,840,35639,126,2012,42
ca,201243,2017-10-24,201740,258,2.37177,2.37177,812,34236,122,2012,43
ca,201244,2017-10-24,201740,257,2.45736,2.45736,853,34712,119,2012,44
ca,201245,2017-10-24,201740,256,2.56157,2.56157,909,35486,120,2012,45
ca,201246,2017-10-24,201740,255,2.51209,2.51209,857,34115,123,2012,46
ca,201247,2017-10-24,201740,254,2.73042,2.73042,639,23403,123,2012,47
ca,201248,2017-10-24,201740,253,2.56313,2.56313,946,36908,129,2012,48
ca,201249,2017-10-24,201740,252,2.45937,2.45937,905,36798,128,2012,49
ca,201250,2017-10-24,201740,251,2.70899,2.70899,920,33961,126,2012,50
ca,201251,2017-10-24,201740,250,3.37338,3.37338,1025,30385,117,2012,51
ca,201252,2017-10-24,201740,249,5.49621,5.49621,957,17412,110,2012,52
ca,201301,2017-10-24,201740,248,3.62306,3.62306,812,22412,123,2013,1
ca,201302,2017-10-24,201740,247,3.7083,3.7083,1255,33843,125,2013,2
ca,201303,2017-10-24,201740,246,4.98923,4.98923,1783,35737,126,2013,3
ca,201304,2017-10-24,201740,245,5.83965,5.83965,2043,34985,124,2013,4
ca,201305,2017-10-24,201740,244,6.10146,6.10146,2349,38499,126,2013,5
ca,201306,2017-10-24,201740,243,5.4357,5.4357,1993,36665,115,2013,6
ca,201307,2017-10-24,201740,242,4.86921,4.86921,1746,35858,120,2013,7
ca,201308,2017-10-24,201740,241,4.14831,4.14831,1365,32905,123,2013,8
ca,201309,2017-10-24,201740,240,3.70949,3.70949,1354,36501,123,2013,9
ca,201310,2017-10-24,201740,239,3.98337,3.98337,1399,35121,121,2013,10
ca,201311,2017-10-24,201740,238,3.45064,3.45064,1159,33588,115,2013,11
ca,201312,2017-10-24,201740,237,3.237,3.237,1017,31418,116,2013,12
ca,201313,2017-10-24,201740,236,2.96289,2.96289,871,29397,117,2013,13
ca,201314,2017-10-24,201740,235,2.50403,2.50403,715,28554,108,2013,14
ca,201315,2017-10-24,201740,234,1.97829,1.97829,687,34727,109,2013,15
ca,201316,2017-10-24,201740,233,1.82625,1.82625,609,33347,106,2013,16
ca,201317,2017-10-24,201740,232,1.7337,1.7337,600,34608,111,2013,17
ca,201318,2017-10-24,201740,231,1.6856,1.6856,561,33282,106,2013,18
ca,201319,2017-10-24,201740,230,1.62542,1.62542,528,32484,107,2013,19
ca,201320,2017-10-24,201740,229,1.69397,1.69397,545,32173,100,2013,20
ca,201321,2017-10-24,201740,228,1.59179,1.59179,495,31097,96,2013,21
ca,201322,2017-10-24,201740,227,1.52385,1.52385,390,25593,98,2013,22
ca,201323,2017-10-24,201740,226,1.54648,1.54648,454,29357,98,2013,23
ca,201324,2017-10-24,201740,225,1.58567,1.58567,433,27307,92,2013,24
ca,201325,2017-10-24,201740,224,1.59109,1.59109,407,25580,90,2013,25
ca,201326,2017-10-24,201740,223,1.41541,1.41541,355,25081,89,2013,26
ca,201327,2017-10-24,201740,222,1.43255,1.43255,288,20104,91,2013,27
ca,201328,2017-10-24,201740,221,1.25056,1.25056,334,26708,92,2013,28
ca,201329,2017-10-24,201740,220,1.30391,1.30391,325,24925,88,2013,29
ca,201330,2017-10-24,201740,219,1.3224,1.3224,324,24501,85,2013,30
ca,201331,2017-10-24,201740,218,1.22818,1.22818,299,24345,82,2013,31
ca,201332,2017-10-24,201740,217,1.32131,1.32131,299,22629,78,2013,32
ca,201333,2017-10-24,201740,216,1.21946,1.21946,285,23371,75,2013,33
ca,201334,2017-10-24,201740,215,1.19376,1.19376,294,24628,73,2013,34
ca,201335,2017-10-24,201740,214,1.53035,1.53035,389,25419,75,2013,35
ca,201336,2017-10-24,201740,213,1.63164,1.63164,354,21696,76,2013,36
ca,201337,2017-10-24,201740,212,1.70543,1.70543,440,25800,75,2013,37
ca,201338,2017-10-24,201740,211,1.67839,1.67839,451,26871,77,2013,38
ca,201339,2017-10-24,201740,210,1.94581,1.94581,530,27238,80,2013,39
ca,201340,2017-10-24,201740,209,1.52479,1.52479,633,41514,137,2013,40
ca,201341,2017-10-24,201740,208,1.75269,1.75269,744,42449,137,2013,41
ca,201342,2017-10-24,201740,207,1.74662,1.74662,687,39333,133,2013,42
ca,201343,2017-10-24,201740,206,1.77965,1.77965,744,41806,133,2013,43
ca,201344,2017-10-24,201740,205,1.99307,1.99307,828,41544,139,2013,44
ca,201345,2017-10-24,201740,204,2.29774,2.29774,977,42520,147,2013,45
ca,201346,2017-10-24,201740,203,2.29161,2.29161,888,38750,146,2013,46
ca,201347,2017-10-24,201740,202,2.13404,2.13404,868,40674,138,2013,47
ca,201348,2017-10-24,201740,201,2.59558,2.59558,702,27046,138,2013,48
ca,201349,2017-10-24,201740,200,2.32553,2.32553,970,41711,139,2013,49
ca,201350,2017-10-24,201740,199,2.77058,2.77058,1080,38981,141,2013,50
ca,201351,2017-10-24,201740,198,3.1557,3.1557,1137,36030,137,2013,51
ca,201352,2017-10-24,201740,197,5.10491,5.10491,1107,21685,130,2013,52
ca,201401,2017-10-24,201740,196,5.1101,5.1101,1397,27338,137,2014,1
ca,201402,2017-10-24,201740,195,4.61744,4.61744,1866,40412,138,2014,2
ca,201403,2017-10-24,201740,194,4.57287,4.57287,1903,41615,140,2014,3
ca,201404,2017-10-24,201740,193,5.04872,5.04872,2005,39713,138,2014,4
ca,201405,2017-10-24,201740,192,4.28707,4.28707,1813,42290,131,2014,5
ca,201406,2017-10-24,201740,191,3.83781,3.83781,1628,42420,137,2014,6
ca,201407,2017-10-24,201740,190,3.46235,3.46235,1357,39193,131,2014,7
ca,201408,2017-10-24,201740,189,3.38719,3.38719,1176,34719,127,2014,8
ca,201409,2017-10-24,201740,188,3.03955,3.03955,1165,38328,125,2014,9
ca,201410,2017-10-24,201740,187,2.72134,2.72134,1034,37996,122,2014,10
ca,201411,2017-10-24,201740,186,2.31375,2.31375,882,38120,119,2014,11
ca,201412,2017-10-24,201740,185,2.39688,2.39688,892,37215,121,2014,12
ca,201413,2017-10-24,201740,184,1.99261,1.99261,685,34377,118,2014,13
ca,201414,2017-10-24,201740,183,2.01378,2.01378,672,33370,116,2014,14
ca,201415,2017-10-24,201740,182,1.84637,1.84637,655,35475,112,2014,15
ca,201416,2017-10-24,201740,181,1.87291,1.87291,611,32623,106,2014,16
ca,201417,2017-10-24,201740,180,1.83302,1.83302,602,32842,98,2014,17
ca,201418,2017-10-24,201740,179,1.69241,1.69241,562,33207,95,2014,18
ca,201419,2017-10-24,201740,178,1.72803,1.72803,551,31886,92,2014,19
ca,201420,2017-10-24,201740,177,1.80206,1.80206,569,31575,88,2014,20
ca,201421,2017-10-24,201740,176,2.0838,2.0838,563,27018,88,2014,21
ca,201422,2017-10-24,201740,175,1.86448,1.86448,454,24350,86,2014,22
ca,201423,2017-10-24,201740,174,1.88064,1.88064,531,28235,88,2014,23
ca,201424,2017-10-24,201740,173,1.80584,1.80584,508,28131,87,2014,24
ca,201425,2017-10-24,201740,172,1.77155,1.77155,458,25853,84,2014,25
ca,201426,2017-10-24,201740,171,1.76479,1.76479,473,26802,84,2014,26
ca,201427,2017-10-24,201740,170,1.80666,1.80666,405,22417,86,2014,27
ca,201428,2017-10-24,201740,169,1.49365,1.49365,402,26914,89,2014,28
ca,201429,2017-10-24,201740,168,1.48858,1.48858,382,25662,83,2014,29
ca,201430,2017-10-24,201740,167,1.26523,1.26523,325,25687,85,2014,30
ca,201431,2017-10-24,201740,166,1.27847,1.27847,339,26516,87,2014,31
ca,201432,2017-10-24,201740,165,1.05709,1.05709,267,25258,85,2014,32
ca,201433,2017-10-24,201740,164,1.05714,1.05714,242,22892,74,2014,33
ca,201434,2017-10-24,201740,163,1.20447,1.20447,291,24160,72,2014,34
ca,201435,2017-10-24,201740,162,1.31574,1.31574,357,27133,76,2014,35
ca,201436,2017-10-24,201740,161,1.58283,1.58283,348,21986,70,2014,36
ca,201437,2017-10-24,201740,160,1.87174,1.87174,481,25698,67,2014,37
ca,201438,2017-10-24,201740,159,1.86948,1.86948,487,26050,68,2014,38
ca,201439,2017-10-24,201740,158,1.78656,1.78656,453,25356,66,2014,39
ca,201440,2017-10-24,201740,157,1.9089,1.9089,831,43533,129,2014,40
ca,201441,2017-10-24,201740,156,2.01872,2.01872,936,46366,136,2014,41
ca,201442,2017-10-24,201740,155,1.88158,1.88158,886,47088,139,2014,42
ca,201443,2017-10-24,201740,154,1.84197,1.84197,873,47395,147,2014,43
ca,201444,2017-10-24,201740,153,1.88603,1.88603,844,44750,154,2014,44
ca,201445,2017-10-24,201740,152,2.22964,2.22964,1048,47003,157,2014,45
ca,201446,2017-10-24,201740,151,2.21797,2.21797,858,38684,141,2014,46
ca,201447,2017-10-24,201740,150,2.48984,2.48984,1176,47232,160,2014,47
ca,201448,2017-10-24,201740,149,2.72718,2.72718,840,30801,159,2014,48
ca,201449,2017-10-24,201740,148,2.40936,2.40936,1129,46859,165,2014,49
ca,201450,2017-10-24,201740,147,2.57737,2.57737,1151,44658,159,2014,50
ca,201451,2017-10-24,201740,146,2.90369,2.90369,1171,40328,152,2014,51
ca,201452,2017-10-24,201740,145,4.47729,4.47729,1048,23407,151,2014,52
ca,201453,2017-10-24,201740,144,4.77128,4.77128,1284,26911,152,2014,53
ca,201501,2017-10-24,201740,143,3.99683,3.99683,1865,46662,157,2015,1
ca,201502,2017-10-24,201740,142,4.33141,4.33141,2065,47675,152,2015,2
ca,201503,2017-10-24,201740,141,4.88005,4.88005,2140,43852,152,2015,3
ca,201504,2017-10-24,201740,140,5.01063,5.01063,2452,48936,155,2015,4
ca,201505,2017-10-24,201740,139,4.505,4.505,2192,48657,144,2015,5
ca,201506,2017-10-24,201740,138,4.0094,4.0094,1774,44246,141,2015,6
ca,201507,2017-10-24,201740,137,3.44632,3.44632,1396,40507,147,2015,7
ca,201508,2017-10-24,201740,136,3.17311,3.17311,1488,46894,149,2015,8
ca,201509,2017-10-24,201740,135,3.07302,3.07302,1369,44549,148,2015,9
ca,201510,2017-10-24,201740,134,3.17645,3.17645,1472,46341,142,2015,10
ca,201511,2017-10-24,201740,133,2.9528,2.9528,1278,43281,138,2015,11
ca,201512,2017-10-24,201740,132,2.65624,2.65624,1097,41299,137,2015,12
ca,201513,2017-10-24,201740,131,2.655,2.655,1050,39548,138,2015,13
ca,201514,2017-10-24,201740,130,2.39851,2.39851,950,39608,139,2015,14
ca,201515,2017-10-24,201740,129,2.11801,2.11801,906,42776,139,2015,15
ca,201516,2017-10-24,201740,128,2.13528,2.13528,858,40182,125,2015,16
ca,201517,2017-10-24,201740,127,2.14816,2.14816,912,42455,129,2015,17
ca,201518,2017-10-24,201740,126,2.22859,2.22859,910,40833,125,2015,18
ca,201519,2017-10-24,201740,125,2.26505,2.26505,905,39955,125,2015,19
ca,201520,2017-10-24,201740,124,2.10943,2.10943,768,36408,123,2015,20
ca,201521,2017-10-24,201740,123,2.07654,2.07654,643,30965,120,2015,21
ca,201522,2017-10-24,201740,122,2.17739,2.17739,680,31230,98,2015,22
ca,201523,2017-10-24,201740,121,1.96065,1.96065,576,29378,100,2015,23
ca,201524,2017-10-24,201740,120,1.86878,1.86878,507,27130,99,2015,24
ca,201525,2017-10-24,201740,119,1.65902,1.65902,459,27667,97,2015,25
ca,201526,2017-10-24,201740,118,1.64078,1.64078,393,23952,97,2015,26
ca,201527,2017-10-24,201740,117,1.4891,1.4891,420,28205,96,2015,27
ca,201528,2017-10-24,201740,116,1.27019,1.27019,339,26689,94,2015,28
ca,201529,2017-10-24,201740,115,1.07618,1.07618,293,27226,96,2015,29
ca,201530,2017-10-24,201740,114,1.07527,1.07527,282,26226,90,2015,30
ca,201531,2017-10-24,201740,113,1.06028,1.06028,283,26691,93,2015,31
ca,201532,2017-10-24,201740,112,1.22321,1.22321,351,28695,103,2015,32
ca,201533,2017-10-24,201740,111,1.15595,1.15595,350,30278,98,2015,33
ca,201534,2017-10-24,201740,110,1.30353,1.30353,431,33064,99,2015,34
ca,201535,2017-10-24,201740,109,1.26281,1.26281,419,33180,97,2015,35
ca,201536,2017-10-24,201740,108,0.909243,0.909243,218,23976,95,2015,36
ca,201537,2017-10-24,201740,107,1.4079,1.4079,471,33454,100,2015,37
ca,201538,2017-10-24,201740,106,1.34636,1.34636,463,34389,97,2015,38
ca,201539,2017-10-24,201740,105,1.21246,1.21246,348,28702,87,2015,39
ca,201540,2017-10-24,201740,104,1.38064,1.38064,558,40416,125,2015,40
ca,201541,2017-10-24,201740,103,1.5661,1.5661,653,41696,138,2015,41
ca,201542,2017-10-24,201740,102,1.50411,1.50411,677,45010,140,2015,42
ca,201543,2017-10-24,201740,101,1.61772,1.61772,715,44198,151,2015,43
ca,201544,2017-10-24,201740,100,1.73589,1.73589,800,46086,157,2015,44
ca,201545,2017-10-24,201740,99,1.80813,1.80813,782,43249,156,2015,45
ca,201546,2017-10-24,201740,98,2.14097,2.14097,996,46521,157,2015,46
ca,201547,2017-10-24,201740,97,2.39866,2.39866,687,28641,153,2015,47
ca,201548,2017-10-24,201740,96,2.02273,2.02273,936,46274,152,2015,48
ca,201549,2017-10-24,201740,95,2.07101,2.07101,938,45292,152,2015,49
ca,201550,2017-10-24,201740,94,2.17017,2.17017,856,39444,149,2015,50
ca,201551,2017-10-24,201740,93,2.91333,2.91333,723,24817,145,2015,51
ca,201552,2017-10-24,201740,92,3.27722,3.27722,806,24594,139,2015,52
ca,201601,2017-10-24,201740,91,2.5018,2.5018,1077,43049,153,2016,1
ca,201602,2017-10-24,201740,90,2.47039,2.47039,1043,42220,143,2016,2
ca,201603,2017-10-24,201740,89,2.68971,2.68971,1097,40785,138,2016,3
ca,201604,2017-10-24,201740,88,2.83328,2.83328,1347,47542,148,2016,4
ca,201605,2017-10-24,201740,87,3.28407,3.28407,1600,48720,152,2016,5
ca,201606,2017-10-24,201740,86,3.91439,3.91439,1882,48079,146,2016,6
ca,201607,2017-10-24,201740,85,4.39619,4.39619,1893,43060,139,2016,7
ca,201608,2017-10-24,201740,84,3.73143,3.73143,1859,49820,147,2016,8
ca,201609,2017-10-24,201740,83,3.63724,3.63724,1804,49598,148,2016,9
ca,201610,2017-10-24,201740,82,3.69442,3.69442,1636,44283,129,2016,10
ca,201611,2017-10-24,201740,81,3.19283,3.19283,1293,40497,125,2016,11
ca,201612,2017-10-24,201740,80,2.99262,2.99262,1201,40132,139,2016,12
ca,201613,2017-10-24,201740,79,2.80927,2.80927,1053,37483,131,2016,13
ca,201614,2017-10-24,201740,78,2.11652,2.11652,938,44318,139,2016,14
ca,201615,2017-10-24,201740,77,1.92403,1.92403,855,44438,133,2016,15
ca,201616,2017-10-24,201740,76,1.62852,1.62852,710,43598,128,2016,16
ca,201617,2017-10-24,201740,75,1.73597,1.73597,711,40957,123,2016,17
ca,201618,2017-10-24,201740,74,1.84902,1.84902,726,39264,115,2016,18
ca,201619,2017-10-24,201740,73,1.53059,1.53059,586,38286,109,2016,19
ca,201620,2017-10-24,201740,72,1.48681,1.48681,527,35445,102,2016,20
ca,201621,2017-10-24,201740,71,1.44399,1.44399,515,35665,99,2016,21
ca,201622,2017-10-24,201740,70,1.37865,1.37865,417,30247,105,2016,22
ca,201623,2017-10-24,201740,69,1.36671,1.36671,440,32194,97,2016,23
ca,201624,2017-10-24,201740,68,1.2644,1.2644,395,31240,102,2016,24
ca,201625,2017-10-24,201740,67,1.15867,1.15867,376,32451,100,2016,25
ca,201626,2017-10-24,201740,66,1.21986,1.21986,381,31233,96,2016,26
ca,201627,2017-10-24,201740,65,1.14608,1.14608,299,26089,97,2016,27
ca,201628,2017-10-24,201740,64,1.04573,1.04573,324,30983,98,2016,28
ca,201629,2017-10-24,201740,63,0.904141,0.904141,269,29752,96,2016,29
ca,201630,2017-10-24,201740,62,0.856349,0.856349,262,30595,96,2016,30
ca,201631,2017-10-24,201740,61,0.85127,0.85127,246,28898,82,2016,31
ca,201632,2017-10-24,201740,60,0.896093,0.896093,267,29796,83,2016,32
ca,201633,2017-10-24,201740,59,1.00994,1.00994,310,30695,83,2016,33
ca,201634,2017-10-24,201740,58,1.04709,1.04709,342,32662,81,2016,34
ca,201635,2017-10-24,201740,57,1.30993,1.30993,447,34124,82,2016,35
ca,201636,2017-10-24,201740,56,1.36273,1.36273,398,29206,81,2016,36
ca,201637,2017-10-24,201740,55,1.71708,1.71708,604,35176,86,2016,37
ca,201638,2017-10-24,201740,54,1.78398,1.78398,624,34978,88,2016,38
ca,201639,2017-10-24,201740,53,1.65703,1.65703,636,38382,95,2016,39
ca,201640,2018-10-05,201839,103,1.30758,1.30758,698,53381,130,2016,40
ca,201641,2018-10-05,201839,102,1.39291,1.39291,760,54562,134,2016,41
ca,201642,2018-10-05,201839,101,1.51631,1.51631,812,53551,131,2016,42
ca,201643,2018-10-05,201839,100,1.52383,1.52383,833,54665,130,2016,43
ca,201644,2018-10-05,201839,99,1.57619,1.57619,849,53864,132,2016,44
ca,201645,2018-10-05,201839,98,1.74694,1.74694,942,53923,136,2016,45
ca,201646,2018-10-05,201839,97,1.7768,1.7768,993,55887,133,2016,46
ca,201647,2018-10-05,201839,96,2.14459,2.14459,865,40334,133,2016,47
ca,201648,2018-10-05,201839,95,2.00773,2.00773,1091,54340,132,2016,48
ca,201649,2018-10-05,201839,94,2.07484,2.07484,1114,53691,133,2016,49
ca,201650,2018-10-05,201839,93,2.37525,2.37525,1190,50100,125,2016,50
ca,201651,2018-10-05,201839,92,2.87829,2.87829,1233,42838,123,2016,51
ca,201652,2018-10-05,201839,91,3.52608,3.52608,1419,40243,129,2016,52
ca,201701,2018-10-05,201839,90,3.2667,3.2667,1559,47724,135,2017,1
ca,201702,2018-10-05,201839,89,2.9995,2.9995,1490,49675,129,2017,2
ca,201703,2018-10-05,201839,88,2.77799,2.77799,1441,51872,129,2017,3
ca,201704,2018-10-05,201839,87,3.11572,3.11572,1700,54562,129,2017,4
ca,201705,2018-10-05,201839,86,3.19202,3.19202,1667,52224,121,2017,5
ca,201706,2018-10-05,201839,85,2.69419,2.69419,1395,51778,118,2017,6
ca,201707,2018-10-05,201839,84,2.52341,2.52341,1245,49338,113,2017,7
ca,201708,2018-10-05,201839,83,2.38854,2.38854,1080,45216,107,2017,8
ca,201709,2018-10-05,201839,82,2.14593,2.14593,1082,50421,112,2017,9
ca,201710,2018-10-05,201839,81,2.17089,2.17089,1091,50256,111,2017,10
ca,201711,2018-10-05,201839,80,2.3373,2.3373,1155,49416,112,2017,11
ca,201712,2018-10-05,201839,79,1.95979,1.95979,925,47199,104,2017,12
ca,201713,2018-10-05,201839,78,1.96521,1.96521,845,42998,102,2017,13
ca,201714,2018-10-05,201839,77,1.73982,1.73982,809,46499,104,2017,14
ca,201715,2018-10-05,201839,76,1.59589,1.59589,746,46745,103,2017,15
ca,201716,2018-10-05,201839,75,1.62994,1.62994,776,47609,103,2017,16
ca,201717,2018-10-05,201839,74,1.66288,1.66288,797,47929,103,2017,17
ca,201718,2018-10-05,201839,73,1.46371,1.46371,660,45091,92,2017,18
ca,201719,2018-10-05,201839,72,1.43326,1.43326,629,43886,95,2017,19
ca,201720,2018-10-05,201839,71,1.4245,1.4245,640,44928,96,2017,20
ca,201721,2018-10-05,201839,70,1.39117,1.39117,551,39607,85,2017,21
ca,201722,2018-10-05,201839,69,1.39993,1.39993,449,32073,75,2017,22
ca,201723,2018-10-05,201839,68,1.6159,1.6159,608,37626,81,2017,23
ca,201724,2018-10-05,201839,67,1.2838,1.2838,470,36610,75,2017,24
ca,201725,2018-10-05,201839,66,1.25237,1.25237,463,36970,77,2017,25
ca,201726,2018-10-05,201839,65,1.39657,1.39657,470,33654,75,2017,26
ca,201727,2018-10-05,201839,64,1.31237,1.31237,369,28117,74,2017,27
ca,201728,2018-10-05,201839,63,1.12425,1.12425,366,32555,73,2017,28
ca,201729,2018-10-05,201839,62,1.09387,1.09387,397,36293,72,2017,29
ca,201730,2018-10-05,201839,61,0.979101,0.979101,342,34930,67,2017,30
ca,201731,2018-10-05,201839,60,0.853916,0.853916,307,35952,69,2017,31
ca,201732,2018-10-05,201839,59,0.936918,0.936918,337,35969,70,2017,32
ca,201733,2018-10-05,201839,58,1.01272,1.01272,340,33573,68,2017,33
ca,201734,2018-10-05,201839,57,1.13787,1.13787,439,38581,70,2017,34
ca,201735,2018-10-05,201839,56,1.19891,1.19891,506,42205,72,2017,35
ca,201736,2018-10-05,201839,55,1.28088,1.28088,490,38255,74,2017,36
ca,201737,2018-10-05,201839,54,1.547,1.547,652,42146,78,2017,37
ca,201738,2018-10-05,201839,53,1.52105,1.52105,621,40827,71,2017,38
ca,201739,2018-10-05,201839,52,1.55626,1.55626,659,42345,72,2017,39
ca,201740,2019-10-04,201939,103,1.75421,1.75421,852,48569,102,2017,40
ca,201741,2019-10-04,201939,102,1.53534,1.53534,733,47742,106,2017,41
ca,201742,2019-10-04,201939,101,1.56714,1.56714,823,52516,117,2017,42
ca,201743,2019-10-04,201939,100,1.72325,1.72325,906,52575,118,2017,43
ca,201744,2019-10-04,201939,99,1.98355,1.98355,948,47793,120,2017,44
ca,201745,2019-10-04,201939,98,1.90851,1.90851,950,49777,124,2017,45
ca,201746,2019-10-04,201939,97,1.99801,1.99801,1024,51251,126,2017,46
ca,201747,2019-10-04,201939,96,2.2189,2.2189,817,36820,120,2017,47
ca,201748,2019-10-04,201939,95,1.94918,1.94918,988,50688,124,2017,48
ca,201749,2019-10-04,201939,94,2.49813,2.49813,1236,49477,128,2017,49
ca,201750,2019-10-04,201939,93,3.39179,3.39179,1671,49266,122,2017,50
ca,201751,2019-10-04,201939,92,4.58891,4.58891,2069,45087,117,2017,51
ca,201752,2019-10-04,201939,91,6.84245,6.84245,2512,36712,118,2017,52
ca,201801,2019-10-04,201939,90,6.66513,6.66513,2310,34658,118,2018,1
ca,201802,2019-10-04,201939,89,4.69123,4.69123,2361,50328,123,2018,2
ca,201803,2019-10-04,201939,88,3.93592,3.93592,1963,49874,124,2018,3
ca,201804,2019-10-04,201939,87,3.89779,3.89779,2038,52286,122,2018,4
ca,201805,2019-10-04,201939,86,4.25872,4.25872,2369,55627,121,2018,5
ca,201806,2019-10-04,201939,85,3.81901,3.81901,2116,55407,121,2018,6
ca,201807,2019-10-04,201939,84,3.71403,3.71403,1879,50592,112,2018,7
ca,201808,2019-10-04,201939,83,3.51102,3.51102,1619,46112,119,2018,8
ca,201809,2019-10-04,201939,82,3.64857,3.64857,1870,51253,120,2018,9
ca,201810,2019-10-04,201939,81,3.39303,3.39303,1813,53433,118,2018,10
ca,201811,2019-10-04,201939,80,3.21007,3.21007,1658,51650,114,2018,11
ca,201812,2019-10-04,201939,79,2.9579,2.9579,1457,49258,107,2018,12
ca,201813,2019-10-04,201939,78,2.76154,2.76154,1167,42259,112,2018,13
ca,201814,2019-10-04,201939,77,2.30591,2.30591,1082,46923,108,2018,14
ca,201815,2019-10-04,201939,76,1.81038,1.81038,903,49879,111,2018,15
ca,201816,2019-10-04,201939,75,1.83904,1.83904,888,48286,109,2018,16
ca,201817,2019-10-04,201939,74,1.90959,1.90959,934,48911,110,2018,17
ca,201818,2019-10-04,201939,73,1.859,1.859,876,47122,104,2018,18
ca,201819,2019-10-04,201939,72,1.7816,1.7816,828,46475,100,2018,19
ca,201820,2019-10-04,201939,71,1.59208,1.59208,708,44470,101,2018,20
ca,201821,2019-10-04,201939,70,1.69035,1.69035,690,40820,91,2018,21
ca,201822,2019-10-04,201939,69,1.5359,1.5359,581,37828,91,2018,22
ca,201823,2019-10-04,201939,68,1.34495,1.34495,571,42455,91,2018,23
ca,201824,2019-10-04,201939,67,1.33835,1.33835,548,40946,90,2018,24
ca,201825,2019-10-04,201939,66,1.64565,1.64565,526,31963,81,2018,25
ca,201826,2019-10-04,201939,65,1.53626,1.53626,493,32091,84,2018,26
ca,201827,2019-10-04,201939,64,1.09491,1.09491,380,34706,89,2018,27
ca,201828,2019-10-04,201939,63,0.98471,0.98471,398,40418,92,2018,28
ca,201829,2019-10-04,201939,62,0.933866,0.933866,379,40584,93,2018,29
ca,201830,2019-10-04,201939,61,0.946458,0.946458,382,40361,90,2018,30
ca,201831,2019-10-04,201939,60,0.942208,0.942208,374,39694,82,2018,31
ca,201832,2019-10-04,201939,59,0.954801,0.954801,387,40532,87,2018,32
ca,201833,2019-10-04,201939,58,0.947351,0.947351,391,41273,84,2018,33
ca,201834,2019-10-04,201939,57,0.85034,0.85034,335,39396,72,2018,34
ca,201835,2019-10-04,201939,56,1.01655,1.01655,435,42792,75,2018,35
ca,201836,2019-10-04,201939,55,1.35018,1.35018,515,38143,71,2018,36
ca,201837,2019-10-04,201939,54,1.53784,1.53784,645,41942,78,2018,37
ca,201838,2019-10-04,201939,53,1.36726,1.36726,555,40592,78,2018,38
ca,201839,2019-10-04,201939,52,1.30344,1.30344,546,41889,79,2018,39
ca,201840,2020-10-02,202039,103,1.48079,1.48079,698,47137,105,2018,40
ca,201841,2020-10-02,202039,102,1.27218,1.27218,598,47006,105,2018,41
ca,201842,2020-10-02,202039,101,1.42798,1.42798,691,48390,103,2018,42
ca,201843,2020-10-02,202039,100,1.58346,1.58346,753,47554,102,2018,43
ca,201844,2020-10-02,202039,99,1.76401,1.76401,875,49603,113,2018,44
ca,201845,2020-10-02,202039,98,1.86635,1.86635,944,50580,118,2018,45
ca,201846,2020-10-02,202039,97,2.07476,2.07476,943,45451,115,2018,46
ca,201847,2020-10-02,202039,96,2.07785,2.07785,719,34603,115,2018,47
ca,201848,2020-10-02,202039,95,2.35193,2.35193,1177,50044,114,2018,48
ca,201849,2020-10-02,202039,94,2.55125,2.55125,1206,47271,113,2018,49
ca,201850,2020-10-02,202039,93,2.90103,2.90103,1356,46742,115,2018,50
ca,201851,2020-10-02,202039,92,3.15841,3.15841,1288,40780,107,2018,51
ca,201852,2020-10-02,202039,91,3.35655,3.35655,935,27856,105,2018,52
ca,201901,2020-10-02,202039,90,3.3413,3.3413,1021,30557,113,2019,1
ca,201902,2020-10-02,202039,89,3.14047,3.14047,1415,45057,115,2019,2
ca,201903,2020-10-02,202039,88,2.87537,2.87537,1325,46081,117,2019,3
ca,201904,2020-10-02,202039,87,2.74367,2.74367,1267,46179,118,2019,4
ca,201905,2020-10-02,202039,86,3.25349,3.25349,1657,50930,120,2019,5
ca,201906,2020-10-02,202039,85,3.26858,3.26858,1617,49471,119,2019,6
ca,201907,2020-10-02,202039,84,3.77301,3.77301,1726,45746,113,2019,7
ca,201908,2020-10-02,202039,83,3.40884,3.40884,1562,45822,118,2019,8
ca,201909,2020-10-02,202039,82,3.59746,3.59746,1856,51592,117,2019,9
ca,201910,2020-10-02,202039,81,3.52475,3.52475,1804,51181,116,2019,10
ca,201911,2020-10-02,202039,80,3.36917,3.36917,1708,50695,114,2019,11
ca,201912,2020-10-02,202039,79,3.48291,3.48291,1699,48781,117,2019,12
ca,201913,2020-10-02,202039,78,2.96381,2.96381,1371,46258,116,2019,13
ca,201914,2020-10-02,202039,77,2.9268,2.9268,1329,45408,114,2019,14
ca,201915,2020-10-02,202039,76,2.40137,2.40137,1165,48514,112,2019,15
ca,201916,2020-10-02,202039,75,2.27985,2.27985,1084,47547,102,2019,16
ca,201917,2020-10-02,202039,74,2.02365,2.02365,972,48032,112,2019,17
ca,201918,2020-10-02,202039,73,1.62147,1.62147,702,43294,92,2019,18
ca,201919,2020-10-02,202039,72,1.8175,1.8175,771,42421,88,2019,19
ca,201920,2020-10-02,202039,71,1.63414,1.63414,674,41245,88,2019,20
ca,201921,2020-10-02,202039,70,1.54355,1.54355,616,39908,79,2019,21
ca,201922,2020-10-02,202039,69,1.68956,1.68956,620,36696,80,2019,22
ca,201923,2020-10-02,202039,68,1.53268,1.53268,579,37777,76,2019,23
ca,201924,2020-10-02,202039,67,1.44924,1.44924,570,39331,73,2019,24
ca,201925,2020-10-02,202039,66,1.24964,1.24964,474,37931,76,2019,25
ca,201926,2020-10-02,202039,65,1.22439,1.22439,465,37978,74,2019,26
ca,201927,2020-10-02,202039,64,1.00449,1.00449,329,32753,76,2019,27
ca,201928,2020-10-02,202039,63,0.899837,0.899837,343,38118,76,2019,28
ca,201929,2020-10-02,202039,62,0.911741,0.911741,344,37730,76,2019,29
ca,201930,2020-10-02,202039,61,0.898999,0.898999,345,38376,74,2019,30
ca,201931,2020-10-02,202039,60,0.834614,0.834614,315,37742,75,2019,31
ca,201932,2020-10-02,202039,59,0.99623,0.99623,370,37140,71,2019,32
ca,201933,2020-10-02,202039,58,0.816787,0.816787,311,38076,70,2019,33
ca,201934,2020-10-02,202039,57,0.782927,0.782927,310,39595,73,2019,34
ca,201935,2020-10-02,202039,56,1.00916,1.00916,413,40925,70,2019,35
ca,201936,2020-10-02,202039,55,1.01946,1.01946,385,37765,73,2019,36
ca,201937,2020-10-02,202039,54,1.11862,1.11862,480,42910,78,2019,37
ca,201938,2020-10-02,202039,53,1.14106,1.14106,480,42066,78,2019,38
ca,201939,2020-10-02,202039,52,1.13509,1.13509,485,42728,78,2019,39
ca,201940,2021-10-08,202139,104,1.36062,1.36062,770,56592,119,2019,40
ca,201941,2021-10-08,202139,103,1.51557,1.51557,830,54765,115,2019,41
ca,201942,2021-10-08,202139,102,1.63204,1.63204,898,55023,119,2019,42
ca,201943,2021-10-08,202139,101,1.73687,1.73687,988,56884,117,2019,43
ca,201944,2021-10-08,202139,100,1.86748,1.86748,1016,54405,120,2019,44
ca,201945,2021-10-08,202139,99,2.19393,2.19393,1258,57340,124,2019,45
ca,201946,2021-10-08,202139,98,2.44212,2.44212,1481,60644,125,2019,46
ca,201947,2021-10-08,202139,97,2.39551,2.39551,1536,64120,122,2019,47
ca,201948,2021-10-08,202139,96,2.74306,2.74306,1205,43929,122,2019,48
ca,201949,2021-10-08,202139,95,2.71881,2.71881,1697,62417,125,2019,49
ca,201950,2021-10-08,202139,94,2.76788,2.76788,1678,60624,122,2019,50
ca,201951,2021-10-08,202139,93,3.2334,3.2334,1854,57339,124,2019,51
ca,201952,2021-10-08,202139,92,4.69895,4.69895,2040,43414,124,2019,52
ca,202001,2021-10-08,202139,91,4.86718,4.86718,2217,45550,126,2020,1
ca,202002,2021-10-08,202139,90,4.15263,4.15263,2601,62635,126,2020,2
ca,202003,2021-10-08,202139,89,4.3026,4.3026,2738,63636,123,2020,3
ca,202004,2021-10-08,202139,88,4.80273,4.80273,3087,64276,126,2020,4
ca,202005,2021-10-08,202139,87,4.98209,4.98209,3365,67542,127,2020,5
ca,202006,2021-10-08,202139,86,5.05518,5.05518,3394,67139,123,2020,6
ca,202007,2021-10-08,202139,85,4.80201,4.80201,2885,60079,125,2020,7
ca,202008,2021-10-08,202139,84,4.5141,4.5141,2762,61186,128,2020,8
ca,202009,2021-10-08,202139,83,4.22932,4.22932,2765,65377,124,2020,9
ca,202010,2021-10-08,202139,82,3.99147,3.99147,2395,60003,109,2020,10
ca,202011,2021-10-08,202139,81,4.27011,4.27011,2322,54378,104,2020,11
ca,202012,2021-10-08,202139,80,4.92236,4.92236,1474,29945,100,2020,12
ca,202013,2021-10-08,202139,79,3.62004,3.62004,1101,30414,99,2020,13
ca,202014,2021-10-08,202139,78,2.59626,2.59626,739,28464,95,2020,14
ca,202015,2021-10-08,202139,77,2.07578,2.07578,567,27315,95,2020,15
ca,202016,2021-10-08,202139,76,1.55867,1.55867,452,28999,97,2020,16
ca,202017,2021-10-08,202139,75,1.28651,1.28651,388,30159,95,2020,17
ca,202018,2021-10-08,202139,74,1.25852,1.25852,406,32260,96,2020,18
ca,202019,2021-10-08,202139,73,1.11124,1.11124,394,35456,96,2020,19
ca,202020,2021-10-08,202139,72,1.13358,1.13358,379,33434,95,2020,20
ca,202021,2021-10-08,202139,71,1.06059,1.06059,387,36489,93,2020,21
ca,202022,2021-10-08,202139,70,1.03612,1.03612,364,35131,91,2020,22
ca,202023,2021-10-08,202139,69,0.841184,0.841184,325,38636,94,2020,23
ca,202024,2021-10-08,202139,68,0.86893,0.86893,345,39704,90,2020,24
ca,202025,2021-10-08,202139,67,0.990463,0.990463,404,40789,84,2020,25
ca,202026,2021-10-08,202139,66,1.32841,1.32841,550,41403,86,2020,26
ca,202027,2021-10-08,202139,65,1.52444,1.52444,592,38834,82,2020,27
ca,202028,2021-10-08,202139,64,1.62359,1.62359,691,42560,84,2020,28
ca,202029,2021-10-08,202139,63,1.55256,1.55256,649,41802,84,2020,29
ca,202030,2021-10-08,202139,62,1.38562,1.38562,731,52756,99,2020,30
ca,202031,2021-10-08,202139,61,1.41758,1.41758,724,51073,97,2020,31
ca,202032,2021-10-08,202139,60,1.18426,1.18426,603,50918,97,2020,32
ca,202033,2021-10-08,202139,59,1.00087,1.00087,528,52754,95,2020,33
ca,202034,2021-10-08,202139,58,0.799416,0.799416,427,53414,97,2020,34
ca,202035,2021-10-08,202139,57,0.810917,0.810917,435,53643,98,2020,35
ca,202036,2021-10-08,202139,56,0.800522,0.800522,429,53590,98,2020,36
ca,202037,2021-10-08,202139,55,0.84862,0.84862,427,50317,93,2020,37
ca,202038,2021-10-08,202139,54,0.7842,0.7842,432,55088,102,2020,38
ca,202039,2021-10-08,202139,53,0.879811,0.879811,457,51943,88,2020,39
ca,202040,2022-10-07,202239,104,0.851035,0.851035,494,58047,113,2020,40
ca,202041,2022-10-07,202239,103,1.04308,1.04308,676,64808,122,2020,41
ca,202042,2022-10-07,202239,102,0.992321,0.992321,650,65503,125,2020,42
ca,202043,2022-10-07,202239,101,0.995349,0.995349,642,64500,123,2020,43
ca,202044,2022-10-07,202239,100,1.13066,1.13066,732,64741,121,2020,44
ca,202045,2022-10-07,202239,99,1.24569,1.24569,857,68797,121,2020,45
ca,202046,2022-10-07,202239,98,1.42255,1.42255,871,61228,121,2020,46
ca,202047,2022-10-07,202239,97,1.47112,1.47112,1093,74297,121,2020,47
ca,202048,2022-10-07,202239,96,1.84915,1.84915,1128,61001,118,2020,48
ca,202049,2022-10-07,202239,95,1.66789,1.66789,1252,75065,118,2020,49
ca,202050,2022-10-07,202239,94,1.93499,1.93499,1352,69871,117,2020,50
ca,202051,2022-10-07,202239,93,2.00166,2.00166,1278,63847,117,2020,51
ca,202052,2022-10-07,202239,92,2.21095,2.21095,1085,49074,114,2020,52
ca,202053,2022-10-07,202239,91,2.05516,2.05516,1082,52648,116,2020,53
ca,202101,2022-10-07,202239,90,1.83892,1.83892,1140,61993,121,2021,1
ca,202102,2022-10-07,202239,89,1.57431,1.57431,989,62821,120,2021,2
ca,202103,2022-10-07,202239,88,1.2733,1.2733,763,59923,120,2021,3
ca,202104,2022-10-07,202239,87,1.15549,1.15549,679,58763,120,2021,4
ca,202105,2022-10-07,202239,86,1.05314,1.05314,649,61625,120,2021,5
ca,202106,2022-10-07,202239,85,0.910319,0.910319,546,59979,120,2021,6
ca,202107,2022-10-07,202239,84,0.816204,0.816204,463,56726,119,2021,7
ca,202108,2022-10-07,202239,83,0.845387,0.845387,519,61392,116,2021,8
ca,202109,2022-10-07,202239,82,0.821432,0.821432,505,61478,117,2021,9
ca,202110,2022-10-07,202239,81,0.758857,0.758857,471,62067,117,2021,10
ca,202111,2022-10-07,202239,80,0.745306,0.745306,468,62793,117,2021,11
ca,202112,2022-10-07,202239,79,0.814146,0.814146,506,62151,118,2021,12
ca,202113,2022-10-07,202239,78,0.778543,0.778543,492,63195,118,2021,13
ca,202114,2022-10-07,202239,77,0.791581,0.791581,522,65944,119,2021,14
ca,202115,2022-10-07,202239,76,0.904744,0.904744,632,69854,119,2021,15
ca,202116,2022-10-07,202239,75,0.841468,0.841468,575,68333,116,2021,16
ca,202117,2022-10-07,202239,74,0.928769,0.928769,614,66109,114,2021,17
ca,202118,2022-10-07,202239,73,1.00048,1.00048,631,63070,108,2021,18
ca,202119,2022-10-07,202239,72,1.1135,1.1135,715,64212,111,2021,19
ca,202120,2022-10-07,202239,71,1.10559,1.10559,674,60963,104,2021,20
ca,202121,2022-10-07,202239,70,1.14863,1.14863,715,62248,103,2021,21
ca,202122,2022-10-07,202239,69,1.03842,1.03842,619,59610,108,2021,22
ca,202123,2022-10-07,202239,68,1.10635,1.10635,723,65350,107,2021,23
ca,202124,2022-10-07,202239,67,1.08145,1.08145,711,65745,105,2021,24
ca,202125,2022-10-07,202239,66,1.15886,1.15886,779,67221,107,2021,25
ca,202126,2022-10-07,202239,65,1.25905,1.25905,807,64096,102,2021,26
ca,202127,2022-10-07,202239,64,1.31055,1.31055,846,64553,104,2021,27
ca,202128,2022-10-07,202239,63,1.62525,1.62525,1098,67559,103,2021,28
ca,202129,2022-10-07,202239,62,1.68151,1.68151,1163,69164,101,2021,29
ca,202130,2022-10-07,202239,61,1.87474,1.87474,1309,69823,103,2021,30
ca,202131,2022-10-07,202239,60,2.09482,2.09482,1463,69839,103,2021,31
ca,202132,2022-10-07,202239,59,2.13228,2.13228,1494,70066,101,2021,32
ca,202133,2022-10-07,202239,58,2.35749,2.35749,1627,69014,101,2021,33
ca,202134,2022-10-07,202239,57,2.33019,2.33019,1636,70209,103,2021,34
ca,202135,2022-10-07,202239,56,2.72416,2.72416,1891,69416,102,2021,35
ca,202136,2022-10-07,202239,55,2.38605,2.38605,1549,64919,98,2021,36
ca,202137,2022-10-07,202239,54,2.0372,2.0372,1356,66562,100,2021,37
ca,202138,2022-10-07,202239,53,1.89232,1.89232,1260,66585,99,2021,38
ca,202139,2022-10-07,202239,52,1.63828,1.63828,1185,72332,106,2021,39
ca,202140,2023-10-06,202339,103,1.59558,1.59558,1986,124469,163,2021,40
ca,202141,2023-10-06,202339,102,1.59992,1.59992,1828,114256,159,2021,41
ca,202142,2023-10-06,202339,101,1.70283,1.70283,2023,118802,161,2021,42
ca,202143,2023-10-06,202339,100,1.70732,1.70732,2044,119720,161,2021,43
ca,202144,2023-10-06,202339,99,1.67203,1.67203,2006,119974,158,2021,44
ca,202145,2023-10-06,202339,98,1.78767,1.78767,2158,120716,160,2021,45
ca,202146,2023-10-06,202339,97,1.72431,1.72431,2118,122832,164,2021,46
ca,202147,2023-10-06,202339,96,2.00482,2.00482,2073,103401,161,2021,47
ca,202148,2023-10-06,202339,95,1.90704,1.90704,2358,123647,159,2021,48
ca,202149,2023-10-06,202339,94,1.98793,1.98793,2345,117962,158,2021,49
ca,202150,2023-10-06,202339,93,2.07135,2.07135,2366,114225,160,2021,50
ca,202151,2023-10-06,202339,92,3.02313,3.02313,3243,107273,161,2021,51
ca,202152,2023-10-06,202339,91,4.33867,4.33867,5210,120083,160,2021,52
ca,202201,2023-10-06,202339,90,4.28269,4.28269,5700,133094,160,2022,1
ca,202202,2023-10-06,202339,89,3.40318,3.40318,4320,126940,159,2022,2
ca,202203,2023-10-06,202339,88,2.30607,2.30607,2584,112052,160,2022,3
ca,202204,2023-10-06,202339,87,1.71391,1.71391,1958,114242,158,2022,4
ca,202205,2023-10-06,202339,86,1.37029,1.37029,1503,109685,159,2022,5
ca,202206,2023-10-06,202339,85,1.13434,1.13434,1292,113899,156,2022,6
ca,202207,2023-10-06,202339,84,0.995538,0.995538,1109,111397,153,2022,7
ca,202208,2023-10-06,202339,83,0.9576,0.9576,1038,108396,155,2022,8
ca,202209,2023-10-06,202339,82,1.07287,1.07287,1260,117442,158,2022,9
ca,202210,2023-10-06,202339,81,1.09241,1.09241,1291,118179,158,2022,10
ca,202211,2023-10-06,202339,80,1.14065,1.14065,1383,121247,154,2022,11
ca,202212,2023-10-06,202339,79,1.28732,1.28732,1559,121104,159,2022,12
ca,202213,2023-10-06,202339,78,1.28779,1.28779,1556,120827,159,2022,13
ca,202214,2023-10-06,202339,77,1.33353,1.33353,1614,121032,154,2022,14
ca,202215,2023-10-06,202339,76,1.42706,1.42706,1704,119406,156,2022,15
ca,202216,2023-10-06,202339,75,1.59983,1.59983,1921,120075,157,2022,16
ca,202217,2023-10-06,202339,74,1.74749,1.74749,2210,126467,154,2022,17
ca,202218,2023-10-06,202339,73,1.98102,1.98102,2419,122109,146,2022,18
ca,202219,2023-10-06,202339,72,2.1401,2.1401,2603,121630,144,2022,19
ca,202220,2023-10-06,202339,71,2.41753,2.41753,3040,125748,143,2022,20
ca,202221,2023-10-06,202339,70,2.41103,2.41103,3017,125133,148,2022,21
ca,202222,2023-10-06,202339,69,2.57686,2.57686,3067,119021,148,2022,22
ca,202223,2023-10-06,202339,68,2.29064,2.29064,2688,117347,139,2022,23
ca,202224,2023-10-06,202339,67,2.12019,2.12019,2451,115603,145,2022,24
ca,202225,2023-10-06,202339,66,2.02374,2.02374,2399,118543,147,2022,25
ca,202226,2023-10-06,202339,65,1.86714,1.86714,2244,120184,148,2022,26
ca,202227,2023-10-06,202339,64,1.90386,1.90386,2202,115660,147,2022,27
ca,202228,2023-10-06,202339,63,1.79231,1.79231,2136,119176,145,2022,28
ca,202229,2023-10-06,202339,62,1.6696,1.6696,1993,119370,147,2022,29
ca,202230,2023-10-06,202339,61,1.59307,1.59307,1828,114747,146,2022,30
ca,202231,2023-10-06,202339,60,1.40839,1.40839,1619,114954,146,2022,31
ca,202232,2023-10-06,202339,59,1.33549,1.33549,1534,114864,144,2022,32
ca,202233,2023-10-06,202339,58,1.37727,1.37727,1623,117842,144,2022,33
ca,202234,2023-10-06,202339,57,1.62306,1.62306,1949,120082,141,2022,34
ca,202235,2023-10-06,202339,56,1.8173,1.8173,2218,122049,142,2022,35
ca,202236,2023-10-06,202339,55,1.78103,1.78103,2152,120829,139,2022,36
ca,202237,2023-10-06,202339,54,1.71739,1.71739,2146,124957,146,2022,37
ca,202238,2023-10-06,202339,53,1.87261,1.87261,2331,124479,145,2022,38
ca,202239,2023-10-06,202339,52,1.96579,1.96579,2440,124123,154,2022,39
ca,202240,2024-10-04,202439,103,2.44759,2.44759,7136,291552,225,2022,40
ca,202241,2024-10-04,202439,102,2.69767,2.69767,7892,292549,226,2022,41
ca,202242,2024-10-04,202439,101,3.02693,3.02693,8955,295844,223,2022,42
ca,202243,2024-10-04,202439,100,3.73647,3.73647,11136,298035,223,2022,43
ca,202244,2024-10-04,202439,99,4.50526,4.50526,13396,297341,225,2022,44
ca,202245,2024-10-04,202439,98,5.45335,5.45335,16348,299779,226,2022,45
ca,202246,2024-10-04,202439,97,6.47208,6.47208,20087,310364,223,2022,46
ca,202247,2024-10-04,202439,96,8.85566,8.85566,22774,257169,223,2022,47
ca,202248,2024-10-04,202439,95,8.20078,8.20078,26030,317409,221,2022,48
ca,202249,2024-10-04,202439,94,7.18702,7.18702,21518,299401,223,2022,49
ca,202250,2024-10-04,202439,93,6.43924,6.43924,18479,286975,220,2022,50
ca,202251,2024-10-04,202439,92,6.48097,6.48097,17211,265562,209,2022,51
ca,202252,2024-10-04,202439,91,6.47401,6.47401,15272,235897,218,2022,52
ca,202301,2024-10-04,202439,90,5.36975,5.36975,13217,246138,220,2023,1
ca,202302,2024-10-04,202439,89,3.86336,3.86336,10907,282319,220,2023,2
ca,202303,2024-10-04,202439,88,3.29358,3.29358,8614,261539,220,2023,3
ca,202304,2024-10-04,202439,87,3.20698,3.20698,9287,289587,218,2023,4
ca,202305,2024-10-04,202439,86,3.42504,3.42504,10071,294040,221,2023,5
ca,202306,2024-10-04,202439,85,3.55255,3.55255,10583,297899,220,2023,6
ca,202307,2024-10-04,202439,84,3.62101,3.62101,10451,288621,214,2023,7
ca,202308,2024-10-04,202439,83,3.88868,3.88868,10049,258417,222,2023,8
ca,202309,2024-10-04,202439,82,3.53505,3.53505,10152,287181,211,2023,9
ca,202310,2024-10-04,202439,81,3.42857,3.42857,9846,287175,210,2023,10
ca,202311,2024-10-04,202439,80,3.29907,3.29907,9390,284626,205,2023,11
ca,202312,2024-10-04,202439,79,3.28989,3.28989,9337,283809,208,2023,12
ca,202313,2024-10-04,202439,78,3.35144,3.35144,9267,276508,208,2023,13
ca,202314,2024-10-04,202439,77,3.18623,3.18623,8525,267558,207,2023,14
ca,202315,2024-10-04,202439,76,3.02217,3.02217,8204,271461,206,2023,15
ca,202316,2024-10-04,202439,75,2.86897,2.86897,7882,274733,207,2023,16
ca,202317,2024-10-04,202439,74,2.66504,2.66504,7566,283898,208,2023,17
ca,202318,2024-10-04,202439,73,2.8112,2.8112,7901,281054,205,2023,18
ca,202319,2024-10-04,202439,72,2.87044,2.87044,8167,284521,202,2023,19
ca,202320,2024-10-04,202439,71,2.82237,2.82237,8073,286036,203,2023,20
ca,202321,2024-10-04,202439,70,2.89984,2.89984,8133,280464,198,2023,21
ca,202322,2024-10-04,202439,69,3.0799,3.0799,7630,247735,199,2023,22
ca,202323,2024-10-04,202439,68,2.84894,2.84894,7683,269679,196,2023,23
ca,202324,2024-10-04,202439,67,2.68056,2.68056,7081,264161,198,2023,24
ca,202325,2024-10-04,202439,66,2.50331,2.50331,6583,262972,201,2023,25
ca,202326,2024-10-04,202439,65,2.3684,2.3684,6211,262245,198,2023,26
ca,202327,2024-10-04,202439,64,2.3328,2.3328,5465,234268,198,2023,27
ca,202328,2024-10-04,202439,63,1.9623,1.9623,5019,255771,195,2023,28
ca,202329,2024-10-04,202439,62,1.84611,1.84611,4747,257135,195,2023,29
ca,202330,2024-10-04,202439,61,1.79308,1.79308,4587,255817,195,2023,30
ca,202331,2024-10-04,202439,60,1.80349,1.80349,4546,252067,195,2023,31
ca,202332,2024-10-04,202439,59,1.88335,1.88335,4800,254865,196,2023,32
ca,202333,2024-10-04,202439,58,1.91037,1.91037,4994,261416,195,2023,33
ca,202334,2024-10-04,202439,57,2.07233,2.07233,5491,264968,193,2023,34
ca,202335,2024-10-04,202439,56,2.30863,2.30863,6347,274925,196,2023,35
ca,202336,2024-10-04,202439,55,2.48965,2.48965,6181,248268,196,2023,36
ca,202337,2024-10-04,202439,54,2.38665,2.38665,6521,273228,198,2023,37
ca,202338,2024-10-04,202439,53,2.44069,2.44069,6499,266277,197,2023,38
ca,202339,2024-10-04,202439,52,2.48396,2.48396,6530,262887,196,2023,39
ca,202340,2025-09-26,202538,102,2.8034,2.8034,6790,242206,204,2023,40
ca,202341,2025-09-26,202538,101,2.68133,2.68133,7433,277213,211,2023,41
ca,202342,2025-09-26,202538,100,3.2034,3.2034,8892,277580,209,2023,42
ca,202343,2025-09-26,202538,99,3.35172,3.35172,9268,276515,210,2023,43
ca,202344,2025-09-26,202538,98,3.86125,3.86125,10565,273616,209,2023,44
ca,202345,2025-09-26,202538,97,4.23124,4.23124,11836,279729,209,2023,45
ca,202346,2025-09-26,202538,96,4.63309,4.63309,12981,280180,208,2023,46
ca,202347,2025-09-26,202538,95,5.2259,5.2259,11803,225856,209,2023,47
ca,202348,2025-09-26,202538,94,5.54673,5.54673,15889,286457,206,2023,48
ca,202349,2025-09-26,202538,93,5.79754,5.79754,16579,285966,205,2023,49
ca,202350,2025-09-26,202538,92,6.33422,6.33422,18214,287549,205,2023,50
ca,202351,2025-09-26,202538,91,7.31954,7.31954,20820,284444,204,2023,51
ca,202352,2025-09-26,202538,90,7.77033,7.77033,18362,236309,204,2023,52
ca,202401,2025-09-26,202538,89,6.93704,6.93704,17226,248319,207,2024,1
ca,202402,2025-09-26,202538,88,5.48384,5.48384,16015,292040,209,2024,2
ca,202403,2025-09-26,202538,87,5.05494,5.05494,13641,269855,209,2024,3
ca,202404,2025-09-26,202538,86,4.36541,4.36541,12834,293993,211,2024,4
ca,202405,2025-09-26,202538,85,4.24409,4.24409,12309,290027,210,2024,5
ca,202406,2025-09-26,202538,84,4.0475,4.0475,11329,279901,210,2024,6
ca,202407,2025-09-26,202538,83,4.27979,4.27979,12026,280995,208,2024,7
ca,202408,2025-09-26,202538,82,4.46261,4.46261,11503,257764,209,2024,8
ca,202409,2025-09-26,202538,81,4.11688,4.11688,11918,289491,208,2024,9
ca,202410,2025-09-26,202538,80,3.97257,3.97257,11359,285936,209,2024,10
ca,202411,2025-09-26,202538,79,3.9524,3.9524,11383,288002,209,2024,11
ca,202412,2025-09-26,202538,78,3.90304,3.90304,11361,291081,208,2024,12
ca,202413,2025-09-26,202538,77,3.75537,3.75537,10416,277363,208,2024,13
ca,202414,2025-09-26,202538,76,3.76951,3.76951,10062,266931,206,2024,14
ca,202415,2025-09-26,202538,75,3.61006,3.61006,10085,279358,206,2024,15
ca,202416,2025-09-26,202538,74,3.268,3.268,9052,276989,197,2024,16
ca,202417,2025-09-26,202538,73,3.39008,3.39008,9668,285185,200,2024,17
ca,202418,2025-09-26,202538,72,3.2853,3.2853,9439,287310,200,2024,18
ca,202419,2025-09-26,202538,71,3.27604,3.27604,9478,289313,200,2024,19
ca,202420,2025-09-26,202538,70,3.31514,3.31514,9604,289701,196,2024,20
ca,202421,2025-09-26,202538,69,3.2727,3.2727,9334,285208,191,2024,21
ca,202422,2025-09-26,202538,68,3.41577,3.41577,8757,256370,190,2024,22
ca,202423,2025-09-26,202538,67,2.98646,2.98646,8329,278892,187,2024,23
ca,202424,2025-09-26,202538,66,2.79366,2.79366,7588,271615,188,2024,24
ca,202425,2025-09-26,202538,65,2.66718,2.66718,7201,269986,187,2024,25
ca,202426,2025-09-26,202538,64,2.4866,2.4866,6803,273586,190,2024,26
ca,202427,2025-09-26,202538,63,2.42956,2.42956,5890,242431,189,2024,27
ca,202428,2025-09-26,202538,62,2.1757,2.1757,6020,276693,189,2024,28
ca,202429,2025-09-26,202538,61,2.07936,2.07936,5658,272103,188,2024,29
ca,202430,2025-09-26,202538,60,2.03622,2.03622,5465,268389,187,2024,30
ca,202431,2025-09-26,202538,59,1.99739,1.99739,5303,265496,186,2024,31
ca,202432,2025-09-26,202538,58,1.95488,1.95488,5180,264978,188,2024,32
ca,202433,2025-09-26,202538,57,1.88102,1.88102,5134,272937,187,2024,33
ca,202434,2025-09-26,202538,56,2.0203,2.0203,5614,277880,186,2024,34
ca,202435,2025-09-26,202538,55,2.15991,2.15991,6029,279132,189,2024,35
ca,202436,2025-09-26,202538,54,2.30042,2.30042,5848,254215,188,2024,36
ca,202437,2025-09-26,202538,53,2.18254,2.18254,6184,283339,189,2024,37
ca,202438,2025-09-26,202538,52,2.1078,2.1078,5789,274647,189,2024,38
ca,202439,2025-09-26,202538,51,2.20044,2.20044,6040,274491,187,2024,39
ca,202440,2026-09-11,202635,100,2.14117,2.14117,6371,297547,210,2024,40
ca,202441,2026-09-11,202635,99,2.18838,2.18838,6483,296247,211,2024,41
ca,202442,2026-09-11,202635,98,2.26182,2.26182,6643,293701,210,2024,42
ca,202443,2026-09-11,202635,97,2.49743,2.49743,7341,293942,210,2024,43
ca,202444,2026-09-11,202635,96,2.682,2.682,7770,289709,208,2024,44
ca,202445,2026-09-11,202635,95,3.07401,3.07401,8990,292452,209,2024,45
ca,202446,2026-09-11,202635,94,3.34095,3.34095,9765,292282,210,2024,46
ca,202447,2026-09-11,202635,93,3.71437,3.71437,11084,298409,209,2024,47
ca,202448,2026-09-11,202635,92,4.43184,4.43184,10711,241683,209,2024,48
ca,202449,2026-09-11,202635,91,4.81174,4.81174,14339,298000,209,2024,49
ca,202450,2026-09-11,202635,90,5.33874,5.33874,15626,292691,209,2024,50
ca,202451,2026-09-11,202635,89,6.75053,6.75053,20130,298199,206,2024,51
ca,202452,2026-09-11,202635,88,9.25079,9.25079,22608,244390,206,2024,52
fl,202140,2023-10-06,202339,103,2.67425,2.67425,6106,228326,362,2021,40
fl,202141,2023-10-06,202339,102,2.72171,2.72171,6223,228643,359,2021,41
fl,202142,2023-10-06,202339,101,2.8136,2.8136,6395,227289,360,2021,42
fl,202143,2023-10-06,202339,100,2.88015,2.88015,6495,225509,360,2021,43
fl,202144,2023-10-06,202339,99,3.36512,3.36512,7710,229115,360,2021,44
fl,202145,2023-10-06,202339,98,3.42705,3.42705,7877,229848,359,2021,45
fl,202146,2023-10-06,202339,97,3.5257,3.5257,8244,233826,359,2021,46
fl,202147,2023-10-06,202339,96,3.46775,3.46775,7471,215442,359,2021,47
fl,202148,2023-10-06,202339,95,3.38403,3.38403,8008,236641,358,2021,48
fl,202149,2023-10-06,202339,94,3.51283,3.51283,8541,243137,358,2021,49
fl,202150,2023-10-06,202339,93,4.2924,4.2924,10798,251561,358,2021,50
fl,202151,2023-10-06,202339,92,5.67413,5.67413,14231,250805,357,2021,51
fl,202152,2023-10-06,202339,91,6.74805,6.74805,20459,303184,357,2021,52
fl,202201,2023-10-06,202339,90,6.0185,6.0185,17674,293661,357,2022,1
fl,202202,2023-10-06,202339,89,4.54391,4.54391,11746,258500,358,2022,2
fl,202203,2023-10-06,202339,88,3.49032,3.49032,8155,233646,358,2022,3
fl,202204,2023-10-06,202339,87,2.70421,2.70421,5922,218992,358,2022,4
fl,202205,2023-10-06,202339,86,2.33871,2.33871,5104,218240,356,2022,5
fl,202206,2023-10-06,202339,85,2.0469,2.0469,4486,219161,358,2022,6
fl,202207,2023-10-06,202339,84,2.02541,2.02541,4475,220943,359,2022,7
fl,202208,2023-10-06,202339,83,2.01689,2.01689,4550,225595,360,2022,8
fl,202209,2023-10-06,202339,82,1.91951,1.91951,4289,223442,359,2022,9
fl,202210,2023-10-06,202339,81,1.90932,1.90932,4253,222749,360,2022,10
fl,202211,2023-10-06,202339,80,2.05368,2.05368,4604,224183,358,2022,11
fl,202212,2023-10-06,202339,79,2.02019,2.02019,4648,230077,360,2022,12
fl,202213,2023-10-06,202339,78,2.12948,2.12948,4945,232216,360,2022,13
fl,202214,2023-10-06,202339,77,2.34379,2.34379,5479,233767,358,2022,14
fl,202215,2023-10-06,202339,76,2.89471,2.89471,6863,237088,357,2022,15
fl,202216,2023-10-06,202339,75,3.16494,3.16494,7654,241837,358,2022,16
fl,202217,2023-10-06,202339,74,3.35718,3.35718,8240,245444,357,2022,17
fl,202218,2023-10-06,202339,73,3.87458,3.87458,9574,247098,357,2022,18
fl,202219,2023-10-06,202339,72,4.77392,4.77392,12238,256351,357,2022,19
fl,202220,2023-10-06,202339,71,5.50178,5.50178,14478,263151,357,2022,20
fl,202221,2023-10-06,202339,70,6.46971,6.46971,17313,267601,356,2022,21
fl,202222,2023-10-06,202339,69,6.63976,6.63976,17372,261636,358,2022,22
fl,202223,2023-10-06,202339,68,5.53338,5.53338,14194,256516,356,2022,23
fl,202224,2023-10-06,202339,67,4.78214,4.78214,12108,253192,357,2022,24
fl,202225,2023-10-06,202339,66,4.15921,4.15921,10253,246513,357,2022,25
fl,202226,2023-10-06,202339,65,3.66901,3.66901,8841,240964,355,2022,26
fl,202227,2023-10-06,202339,64,3.48806,3.48806,8568,245638,356,2022,27
fl,202228,2023-10-06,202339,63,3.30378,3.30378,8096,245053,356,2022,28
fl,202229,2023-10-06,202339,62,3.25243,3.25243,7833,240835,356,2022,29
fl,202230,2023-10-06,202339,61,3.10488,3.10488,7520,242199,356,2022,30
fl,202231,2023-10-06,202339,60,2.6785,2.6785,6370,237820,356,2022,31
fl,202232,2023-10-06,202339,59,2.51634,2.51634,5884,233832,357,2022,32
fl,202233,2023-10-06,202339,58,2.6449,2.6449,6292,237892,357,2022,33
fl,202234,2023-10-06,202339,57,3.07322,3.07322,7530,245020,356,2022,34
fl,202235,2023-10-06,202339,56,3.22675,3.22675,8019,248516,354,2022,35
fl,202236,2023-10-06,202339,55,3.22321,3.22321,7841,243267,354,2022,36
fl,202237,2023-10-06,202339,54,3.06748,3.06748,7355,239773,354,2022,37
fl,202238,2023-10-06,202339,53,3.33144,3.33144,8039,241307,354,2022,38
fl,202239,2023-10-06,202339,52,3.39787,3.39787,7288,214487,356,2022,39
fl,202240,2024-10-04,202439,103,2.92512,2.92512,6946,237460,362,2022,40
fl,202241,2024-10-04,202439,102,2.98013,2.98013,7097,238144,361,2022,41
fl,202242,2024-10-04,202439,101,3.64088,3.64088,8762,240656,361,2022,42
fl,202243,2024-10-04,202439,100,4.78704,4.78704,12160,254019,362,2022,43
fl,202244,2024-10-04,202439,99,5.50544,5.50544,14390,261378,362,2022,44
fl,202245,2024-10-04,202439,98,6.01916,6.01916,14928,248008,361,2022,45
fl,202246,2024-10-04,202439,97,5.48824,5.48824,14127,257405,362,2022,46
fl,202247,2024-10-04,202439,96,5.89708,5.89708,13872,235235,361,2022,47
fl,202248,2024-10-04,202439,95,5.74952,5.74952,15284,265831,360,2022,48
fl,202249,2024-10-04,202439,94,5.73731,5.73731,15359,267704,360,2022,49
fl,202250,2024-10-04,202439,93,6.28252,6.28252,16677,265451,361,2022,50
fl,202251,2024-10-04,202439,92,6.50865,6.50865,16102,247394,360,2022,51
fl,202252,2024-10-04,202439,91,6.3677,6.3677,16271,255524,358,2022,52
fl,202301,2024-10-04,202439,90,5.2658,5.2658,14582,276919,358,2023,1
fl,202302,2024-10-04,202439,89,4.13728,4.13728,10502,253838,360,2023,2
fl,202303,2024-10-04,202439,88,3.87619,3.87619,9817,253264,360,2023,3
fl,202304,2024-10-04,202439,87,3.69914,3.69914,9525,257492,360,2023,4
fl,202305,2024-10-04,202439,86,3.72095,3.72095,9701,260713,359,2023,5
fl,202306,2024-10-04,202439,85,3.63625,3.63625,9537,262276,360,2023,6
fl,202307,2024-10-04,202439,84,3.46929,3.46929,8970,258554,359,2023,7
fl,202308,2024-10-04,202439,83,3.2884,3.2884,8831,268550,359,2023,8
fl,202309,2024-10-04,202439,82,3.15107,3.15107,8502,269813,360,2023,9
fl,202310,2024-10-04,202439,81,3.08992,3.08992,8331,269619,360,2023,10
fl,202311,2024-10-04,202439,80,3.05709,3.05709,7811,255504,360,2023,11
fl,202312,2024-10-04,202439,79,2.92014,2.92014,7575,259405,359,2023,12
fl,202313,2024-10-04,202439,78,2.84819,2.84819,7462,261991,358,2023,13
fl,202314,2024-10-04,202439,77,2.80077,2.80077,7263,259322,359,2023,14
fl,202315,2024-10-04,202439,76,2.91754,2.91754,7401,253673,359,2023,15
fl,202316,2024-10-04,202439,75,2.80935,2.80935,7234,257497,358,2023,16
fl,202317,2024-10-04,202439,74,2.91901,2.91901,7420,254196,359,2023,17
fl,202318,2024-10-04,202439,73,2.95376,2.95376,7434,251679,359,2023,18
fl,202319,2024-10-04,202439,72,2.8798,2.8798,7242,251476,356,2023,19
fl,202320,2024-10-04,202439,71,2.87266,2.87266,7204,250778,358,2023,20
fl,202321,2024-10-04,202439,70,2.88768,2.88768,7101,245907,358,2023,21
fl,202322,2024-10-04,202439,69,3.15908,3.15908,7702,243805,358,2023,22
fl,202323,2024-10-04,202439,68,2.69078,2.69078,6375,236920,358,2023,23
fl,202324,2024-10-04,202439,67,2.39989,2.39989,5726,238594,358,2023,24
fl,202325,2024-10-04,202439,66,2.29832,2.29832,5377,233953,358,2023,25
fl,202326,2024-10-04,202439,65,2.14313,2.14313,5118,238810,358,2023,26
fl,202327,2024-10-04,202439,64,2.12382,2.12382,4981,234530,357,2023,27
fl,202328,2024-10-04,202439,63,2.0815,2.0815,4953,237953,358,2023,28
fl,202329,2024-10-04,202439,62,2.14328,2.14328,5061,236133,358,2023,29
fl,202330,2024-10-04,202439,61,2.29877,2.29877,5376,233864,358,2023,30
fl,202331,2024-10-04,202439,60,2.2953,2.2953,5418,236048,359,2023,31
fl,202332,2024-10-04,202439,59,2.36264,2.36264,5754,243541,359,2023,32
fl,202333,2024-10-04,202439,58,2.68768,2.68768,6489,241435,359,2023,33
fl,202334,2024-10-04,202439,57,3.55084,3.55084,9105,256418,359,2023,34
fl,202335,2024-10-04,202439,56,3.72522,3.72522,9251,248334,359,2023,35
fl,202336,2024-10-04,202439,55,3.52117,3.52117,8986,255199,358,2023,36
fl,202337,2024-10-04,202439,54,3.18047,3.18047,8016,252038,358,2023,37
fl,202338,2024-10-04,202439,53,3.25197,3.25197,8092,248834,359,2023,38
fl,202339,2024-10-04,202439,52,3.45568,3.45568,8594,248692,358,2023,39
fl,202340,2025-09-26,202538,102,3.90749,3.90749,9918,253820,358,2023,40
fl,202341,2025-09-26,202538,101,4.04913,4.04913,10289,254104,358,2023,41
fl,202342,2025-09-26,202538,100,4.37331,4.37331,11103,253881,357,2023,42
fl,202343,2025-09-26,202538,99,4.7522,4.7522,12309,259017,356,2023,43
fl,202344,2025-09-26,202538,98,5.05029,5.05029,13095,259292,357,2023,44
fl,202345,2025-09-26,202538,97,5.4442,5.4442,14379,264116,357,2023,45
fl,202346,2025-09-26,202538,96,5.49141,5.49141,14410,262410,357,2023,46
fl,202347,2025-09-26,202538,95,5.35711,5.35711,12976,242220,357,2023,47
fl,202348,2025-09-26,202538,94,5.00215,5.00215,13036,260608,357,2023,48
fl,202349,2025-09-26,202538,93,5.26067,5.26067,13773,261811,357,2023,49
fl,202350,2025-09-26,202538,92,5.90208,5.90208,15225,257960,357,2023,50
fl,202351,2025-09-26,202538,91,6.44265,6.44265,16719,259505,356,2023,51
fl,202352,2025-09-26,202538,90,6.88259,6.88259,18033,262009,356,2023,52
fl,202401,2025-09-26,202538,89,6.22866,6.22866,16527,265338,356,2024,1
fl,202402,2025-09-26,202538,88,5.29359,5.29359,13981,264112,356,2024,2
fl,202403,2025-09-26,202538,87,4.88784,4.88784,12420,254100,356,2024,3
fl,202404,2025-09-26,202538,86,4.94473,4.94473,13012,263149,356,2024,4
fl,202405,2025-09-26,202538,85,4.96202,4.96202,12981,261607,356,2024,5
fl,202406,2025-09-26,202538,84,5.08604,5.08604,13607,267536,356,2024,6
fl,202407,2025-09-26,202538,83,4.63437,4.63437,12341,266293,355,2024,7
fl,202408,2025-09-26,202538,82,4.48408,4.48408,11571,258046,353,2024,8
fl,202409,2025-09-26,202538,81,4.40331,4.40331,11769,267276,354,2024,9
fl,202410,2025-09-26,202538,80,4.03194,4.03194,10942,271383,354,2024,10
fl,202411,2025-09-26,202538,79,3.86881,3.86881,10159,262587,354,2024,11
fl,202412,2025-09-26,202538,78,3.62185,3.62185,9261,255698,353,2024,12
fl,202413,2025-09-26,202538,77,3.28885,3.28885,8360,254192,354,2024,13
fl,202414,2025-09-26,202538,76,3.17729,3.17729,8117,255469,354,2024,14
fl,202415,2025-09-26,202538,75,3.18272,3.18272,8001,251389,354,2024,15
fl,202416,2025-09-26,202538,74,3.02269,3.02269,7751,256427,354,2024,16
fl,202417,2025-09-26,202538,73,3.09007,3.09007,7834,253522,354,2024,17
fl,202418,2025-09-26,202538,72,2.98732,2.98732,7513,251496,354,2024,18
fl,202419,2025-09-26,202538,71,2.84153,2.84153,7058,248387,353,2024,19
fl,202420,2025-09-26,202538,70,2.93441,2.93441,7194,245160,354,2024,20
fl,202421,2025-09-26,202538,69,2.93562,2.93562,7211,245638,354,2024,21
fl,202422,2025-09-26,202538,68,2.94749,2.94749,7276,246854,354,2024,22
fl,202423,2025-09-26,202538,67,2.84015,2.84015,6924,243790,355,2024,23
fl,202424,2025-09-26,202538,66,2.5624,2.5624,6033,235443,355,2024,24
fl,202425,2025-09-26,202538,65,2.67263,2.67263,6274,234750,355,2024,25
fl,202426,2025-09-26,202538,64,2.75857,2.75857,6503,235738,354,2024,26
fl,202427,2025-09-26,202538,63,2.76884,2.76884,6482,234105,354,2024,27
fl,202428,2025-09-26,202538,62,2.84999,2.84999,7026,246527,355,2024,28
fl,202429,2025-09-26,202538,61,2.83016,2.83016,6739,238114,354,2024,29
fl,202430,2025-09-26,202538,60,2.82911,2.82911,6672,235834,354,2024,30
fl,202431,2025-09-26,202538,59,2.57399,2.57399,5980,232324,354,2024,31
fl,202432,2025-09-26,202538,58,2.39752,2.39752,5484,228736,354,2024,32
fl,202433,2025-09-26,202538,57,2.25739,2.25739,5276,233721,354,2024,33
fl,202434,2025-09-26,202538,56,2.64037,2.64037,6339,240080,355,2024,34
fl,202435,2025-09-26,202538,55,3.13449,3.13449,7698,245590,355,2024,35
fl,202436,2025-09-26,202538,54,3.08003,3.08003,7559,245420,354,2024,36
fl,202437,2025-09-26,202538,53,2.78189,2.78189,6762,243072,355,2024,37
fl,202438,2025-09-26,202538,52,2.88852,2.88852,7180,248570,355,2024,38
fl,202439,2025-09-26,202538,51,3.0019,3.0019,7078,235784,354,2024,39
fl,202440,2026-09-11,202635,100,2.92412,2.92412,7214,246707,356,2024,40
fl,202441,2026-09-11,202635,99,2.87693,2.87693,6342,220443,356,2024,41
fl,202442,2026-09-11,202635,98,2.7638,2.7638,6700,242420,356,2024,42
fl,202443,2026-09-11,202635,97,3.06422,3.06422,7538,246001,356,2024,43
fl,202444,2026-09-11,202635,96,3.36333,3.36333,8301,246809,357,2024,44
fl,202445,2026-09-11,202635,95,3.7546,3.7546,9565,254754,356,2024,45
fl,202446,2026-09-11,202635,94,4.06481,4.06481,10304,253493,356,2024,46
fl,202447,2026-09-11,202635,93,4.13696,4.13696,10149,245325,353,2024,47
fl,202448,2026-09-11,202635,92,4.35081,4.35081,9958,228877,352,2024,48
fl,202449,2026-09-11,202635,91,4.27963,4.27963,10510,245582,353,2024,49
fl,202450,2026-09-11,202635,90,4.58381,4.58381,11436,249487,352,2024,50
fl,202451,2026-09-11,202635,89,5.66566,5.66566,14419,254498,353,2024,51
fl,202452,2026-09-11,202635,88,7.01684,7.01684,17536,249913,354,2024,52
il,201040,2017-10-24,201740,365,1.28205,1.28205,505,39390,74,2010,40
il,201041,2017-10-24,201740,364,1.45089,1.45089,600,41354,76,2010,41
il,201042,2017-10-24,201740,363,1.56607,1.56607,644,41122,76,2010,42
il,201043,2017-10-24,201740,362,1.45762,1.45762,623,42741,79,2010,43
il,201044,2017-10-24,201740,361,1.4893,1.4893,625,41966,79,2010,44
il,201045,2017-10-24,201740,360,1.55392,1.55392,651,41894,80,2010,45
il,201046,2017-10-24,201740,359,1.63242,1.63242,661,40492,79,2010,46
il,201047,2017-10-24,201740,358,1.81669,1.81669,622,34238,78,2010,47
il,201048,2017-10-24,201740,357,1.62132,1.62132,659,40646,79,2010,48
il,201049,2017-10-24,201740,356,1.85288,1.85288,732,39506,79,2010,49
il,201050,2017-10-24,201740,355,2.05097,2.05097,775,37787,80,2010,50
il,201051,2017-10-24,201740,354,3.09033,3.09033,1039,33621,79,2010,51
il,201052,2017-10-24,201740,353,3.55156,3.55156,1251,35224,76,2010,52
il,201101,2017-10-24,201740,352,2.99071,2.99071,1172,39188,78,2011,1
il,201102,2017-10-24,201740,351,3.28357,3.28357,1280,38982,79,2011,2
il,201103,2017-10-24,201740,350,4.03462,4.03462,1664,41243,79,2011,3
il,201104,2017-10-24,201740,349,4.71879,4.71879,1991,42193,77,2011,4
il,201105,2017-10-24,201740,348,4.9683,4.9683,1857,37377,76,2011,5
il,201106,2017-10-24,201740,347,4.23328,4.23328,1774,41906,77,2011,6
il,201107,2017-10-24,201740,346,4.04362,4.04362,1739,43006,76,2011,7
il,201108,2017-10-24,201740,345,3.85922,3.85922,1568,40630,74,2011,8
il,201109,2017-10-24,201740,344,3.6953,3.6953,1579,42730,77,2011,9
il,201110,2017-10-24,201740,343,3.19015,3.19015,1345,42161,76,2011,10
il,201111,2017-10-24,201740,342,3.373,3.373,1284,38067,74,2011,11
il,201112,2017-10-24,201740,341,2.63603,2.63603,1045,39643,74,2011,12
il,201113,2017-10-24,201740,340,2.55181,2.55181,985,38600,71,2011,13
il,201114,2017-10-24,201740,339,2.15318,2.15318,851,39523,71,2011,14
il,201115,2017-10-24,201740,338,1.57063,1.57063,616,39220,71,2011,15
il,201116,2017-10-24,201740,337,1.72191,1.72191,640,37168,69,2011,16
il,201117,2017-10-24,201740,336,1.52495,1.52495,526,34493,66,2011,17
il,201118,2017-10-24,201740,335,1.34804,1.34804,479,35533,67,2011,18
il,201119,2017-10-24,201740,334,1.59068,1.59068,575,36148,67,2011,19
il,201120,2017-10-24,201740,333,1.19695,1.19695,392,32750,63,2011,20
il,201121,2017-10-24,201740,332,1.23846,1.23846,381,30764,59,2011,21
il,201122,2017-10-24,201740,331,1.68385,1.68385,516,30644,57,2011,22
il,201123,2017-10-24,201740,330,1.2613,1.2613,392,31079,57,2011,23
il,201124,2017-10-24,201740,329,1.10723,1.10723,311,28088,55,2011,24
il,201125,2017-10-24,201740,328,1.06486,1.06486,307,28830,55,2011,25
il,201126,2017-10-24,201740,327,1.24786,1.24786,379,30372,56,2011,26
il,201127,2017-10-24,201740,326,1.5216,1.5216,372,24448,52,2011,27
il,201128,2017-10-24,201740,325,0.822823,0.822823,244,29654,52,2011,28
il,201129,2017-10-24,201740,324,1.14027,1.14027,335,29379,52,2011,29
il,201130,2017-10-24,201740,323,1.18249,1.18249,356,30106,52,2011,30
il,201131,2017-10-24,201740,322,1.39115,1.39115,351,25231,51,2011,31
il,201132,2017-10-24,201740,321,1.01159,1.01159,316,31238,52,2011,32
il,201133,2017-10-24,201740,320,1.14914,1.14914,370,32198,52,2011,33
il,201134,2017-10-24,201740,319,1.21631,1.21631,398,32722,52,2011,34
il,201135,2017-10-24,201740,318,1.3125,1.3125,431,32838,52,2011,35
il,201136,2017-10-24,201740,317,1.41258,1.41258,448,31715,53,2011,36
il,201137,2017-10-24,201740,316,1.33621,1.33621,439,32854,53,2011,37
il,201138,2017-10-24,201740,315,1.93042,1.93042,541,28025,52,2011,38
il,201139,2017-10-24,201740,314,1.53657,1.53657,512,33321,54,2011,39
il,201140,2017-10-24,201740,313,1.83997,1.83997,886,48153,88,2011,40
il,201141,2017-10-24,201740,312,1.64447,1.64447,794,48283,89,2011,41
il,201142,2017-10-24,201740,311,1.65353,1.65353,755,45660,87,2011,42
il,201143,2017-10-24,201740,310,1.69384,1.69384,772,45577,89,2011,43
il,201144,2017-10-24,201740,309,1.7088,1.7088,797,46641,91,2011,44
il,201145,2017-10-24,201740,308,1.64647,1.64647,742,45066,91,2011,45
il,201146,2017-10-24,201740,307,1.76848,1.76848,819,46311,92,2011,46
il,201147,2017-10-24,201740,306,2.03392,2.03392,783,38497,92,2011,47
il,201148,2017-10-24,201740,305,1.71415,1.71415,772,45037,91,2011,48
il,201149,2017-10-24,201740,304,1.62628,1.62628,694,42674,90,2011,49
il,201150,2017-10-24,201740,303,2.09914,2.09914,772,36777,89,2011,50
il,201151,2017-10-24,201740,302,2.14258,2.14258,840,39205,89,2011,51
il,201152,2017-10-24,201740,301,2.68846,2.68846,1020,37940,87,2011,52
il,201201,2017-10-24,201740,300,2.20216,2.20216,888,40324,89,2012,1
il,201202,2017-10-24,201740,299,1.86664,1.86664,830,44465,89,2012,2
il,201203,2017-10-24,201740,298,2.08198,2.08198,867,41643,87,2012,3
il,201204,2017-10-24,201740,297,2.06257,2.06257,948,45962,86,2012,4
il,201205,2017-10-24,201740,296,2.4577,2.4577,1136,46222,88,2012,5
il,201206,2017-10-24,201740,295,2.40434,2.40434,989,41134,85,2012,6
il,201207,2017-10-24,201740,294,2.92657,2.92657,1361,46505,88,2012,7
il,201208,2017-10-24,201740,293,3.36853,3.36853,1557,46222,87,2012,8
il,201209,2017-10-24,201740,292,3.38003,3.38003,1561,46183,85,2012,9
il,201210,2017-10-24,201740,291,3.94913,3.94913,1829,46314,81,2012,10
il,201211,2017-10-24,201740,290,4.66875,4.66875,2074,44423,83,2012,11
il,201212,2017-10-24,201740,289,3.37912,3.37912,1562,46225,81,2012,12
il,201213,2017-10-24,201740,288,2.44384,2.44384,1077,44070,78,2012,13
il,201214,2017-10-24,201740,287,2.32242,2.32242,1009,43446,77,2012,14
il,201215,2017-10-24,201740,286,2.2553,2.2553,962,42655,75,2012,15
il,201216,2017-10-24,201740,285,1.98418,1.98418,863,43494,75,2012,16
il,201217,2017-10-24,201740,284,1.93371,1.93371,839,43388,73,2012,17
il,201218,2017-10-24,201740,283,1.79573,1.79573,749,41710,75,2012,18
il,201219,2017-10-24,201740,282,1.38429,1.38429,544,39298,71,2012,19
il,201220,2017-10-24,201740,281,1.41021,1.41021,542,38434,70,2012,20
il,201221,2017-10-24,201740,280,1.41798,1.41798,482,33992,56,2012,21
il,201222,2017-10-24,201740,279,1.50898,1.50898,511,33864,68,2012,22
il,201223,2017-10-24,201740,278,1.40542,1.40542,490,34865,68,2012,23
il,201224,2017-10-24,201740,277,1.10976,1.10976,374,33701,61,2012,24
il,201225,2017-10-24,201740,276,1.15051,1.15051,389,33811,61,2012,25
il,201226,2017-10-24,201740,275,1.20623,1.20623,402,33327,60,2012,26
il,201227,2017-10-24,201740,274,1.24848,1.24848,369,29556,58,2012,27
il,201228,2017-10-24,201740,273,1.18019,1.18019,396,33554,59,2012,28
il,201229,2017-10-24,201740,272,1.19658,1.19658,397,33178,56,2012,29
il,201230,2017-10-24,201740,271,1.22362,1.22362,429,35060,65,2012,30
il,201231,2017-10-24,201740,270,1.58305,1.58305,490,30953,71,2012,31
il,201232,2017-10-24,201740,269,1.27548,1.27548,378,29636,69,2012,32
il,201233,2017-10-24,201740,268,1.19505,1.19505,442,36986,70,2012,33
il,201234,2017-10-24,201740,267,1.34114,1.34114,518,38624,72,2012,34
il,201235,2017-10-24,201740,266,1.47584,1.47584,579,39232,73,2012,35
il,201236,2017-10-24,201740,265,1.59901,1.59901,503,31457,64,2012,36
il,201237,2017-10-24,201740,264,1.66453,1.66453,687,41273,73,2012,37
il,201238,2017-10-24,201740,263,1.63744,1.63744,607,37070,72,2012,38
il,201239,2017-10-24,201740,262,1.65217,1.65217,644,38979,74,2012,39
il,201240,2017-10-24,201740,261,1.58214,1.58214,696,43991,84,2012,40
il,201241,2017-10-24,201740,260,1.69269,1.69269,734,43363,83,2012,41
il,201242,2017-10-24,201740,259,1.71016,1.71016,789,46136,86,2012,42
il,201243,2017-10-24,201740,258,1.72181,1.72181,765,44430,83,2012,43
il,201244,2017-10-24,201740,257,1.89033,1.89033,836,44225,83,2012,44
il,201245,2017-10-24,201740,256,2.02857,2.02857,923,45500,85,2012,45
il,201246,2017-10-24,201740,255,1.99806,1.99806,885,44293,84,2012,46
il,201247,2017-10-24,201740,254,2.32818,2.32818,853,36638,84,2012,47
il,201248,2017-10-24,201740,253,2.39121,2.39121,1116,46671,87,2012,48
il,201249,2017-10-24,201740,252,3.22268,3.22268,1529,47445,85,2012,49
il,201250,2017-10-24,201740,251,4.239,4.239,1995,47063,89,2012,50
il,201251,2017-10-24,201740,250,5.07826,5.07826,2271,44720,85,2012,51
il,201252,2017-10-24,201740,249,6.27165,6.27165,2227,35509,83,2012,52
il,201301,2017-10-24,201740,248,5.05566,5.05566,1903,37641,81,2013,1
il,201302,2017-10-24,201740,247,4.34811,4.34811,2008,46181,86,2013,2
il,201303,2017-10-24,201740,246,3.88902,3.88902,1790,46027,88,2013,3
il,201304,2017-10-24,201740,245,3.54367,3.54367,1500,42329,86,2013,4
il,201305,2017-10-24,201740,244,3.50275,3.50275,1572,44879,84,2013,5
il,201306,2017-10-24,201740,243,3.12585,3.12585,1381,44180,84,2013,6
il,201307,2017-10-24,201740,242,3.05967,3.05967,1282,41900,80,2013,7
il,201308,2017-10-24,201740,241,2.55517,2.55517,1064,41641,83,2013,8
il,201309,2017-10-24,201740,240,2.81471,2.81471,1194,42420,82,2013,9
il,201310,2017-10-24,201740,239,2.62175,2.62175,1102,42033,82,2013,10
il,201311,2017-10-24,201740,238,3.03716,3.03716,1073,35329,78,2013,11
il,201312,2017-10-24,201740,237,2.64034,2.64034,1039,39351,79,2013,12
il,201313,2017-10-24,201740,236,2.44904,2.44904,954,38954,78,2013,13
il,201314,2017-10-24,201740,235,2.31881,2.31881,932,40193,76,2013,14
il,201315,2017-10-24,201740,234,1.89672,1.89672,746,39331,76,2013,15
il,201316,2017-10-24,201740,233,1.82598,1.82598,724,39650,76,2013,16
il,201317,2017-10-24,201740,232,1.69867,1.69867,705,41503,79,2013,17
il,201318,2017-10-24,201740,231,1.64719,1.64719,678,41161,80,2013,18
il,201319,2017-10-24,201740,230,1.61373,1.61373,664,41147,80,2013,19
il,201320,2017-10-24,201740,229,1.89015,1.89015,647,34230,79,2013,20
il,201321,2017-10-24,201740,228,1.42293,1.42293,526,36966,76,2013,21
il,201322,2017-10-24,201740,227,1.58659,1.58659,531,33468,77,2013,22
il,201323,2017-10-24,201740,226,1.57555,1.57555,585,37130,76,2013,23
il,201324,2017-10-24,201740,225,1.64654,1.64654,499,30306,74,2013,24
il,201325,2017-10-24,201740,224,1.37145,1.37145,473,34489,74,2013,25
il,201326,2017-10-24,201740,223,1.21819,1.21819,428,35134,72,2013,26
il,201327,2017-10-24,201740,222,1.17423,1.17423,370,31510,72,2013,27
il,201328,2017-10-24,201740,221,1.16156,1.16156,418,35986,72,2013,28
il,201329,2017-10-24,201740,220,0.96345,0.96345,344,35705,70,2013,29
il,201330,2017-10-24,201740,219,0.991386,0.991386,366,36918,75,2013,30
il,201331,2017-10-24,201740,218,0.949602,0.949602,332,34962,70,2013,31
il,201332,2017-10-24,201740,217,0.902903,0.902903,321,35552,71,2013,32
il,201333,2017-10-24,201740,216,1.07404,1.07404,385,35846,70,2013,33
il,201334,2017-10-24,201740,215,0.941708,0.941708,363,38547,71,2013,34
il,201335,2017-10-24,201740,214,1.03193,1.03193,383,37115,68,2013,35
il,201336,2017-10-24,201740,213,1.18983,1.18983,439,36896,72,2013,36
il,201337,2017-10-24,201740,212,1.37006,1.37006,560,40874,75,2013,37
il,201338,2017-10-24,201740,211,1.45643,1.45643,578,39686,72,2013,38
il,201339,2017-10-24,201740,210,1.43988,1.43988,562,39031,71,2013,39
il,201340,2017-10-24,201740,209,1.41144,1.41144,859,60860,105,2013,40
il,201341,2017-10-24,201740,208,1.52682,1.52682,932,61042,107,2013,41
il,201342,2017-10-24,201740,207,1.60253,1.60253,937,58470,103,2013,42
il,201343,2017-10-24,201740,206,1.73267,1.73267,1036,59792,101,2013,43
il,201344,2017-10-24,201740,205,1.84818,1.84818,1072,58003,101,2013,44
il,201345,2017-10-24,201740,204,1.79131,1.79131,1069,59677,104,2013,45
il,201346,2017-10-24,201740,203,1.80678,1.80678,1060,58668,103,2013,46
il,201347,2017-10-24,201740,202,1.93023,1.93023,1095,56729,104,2013,47
il,201348,2017-10-24,201740,201,2.33875,2.33875,1012,43271,103,2013,48
il,201349,2017-10-24,201740,200,2.38091,2.38091,1371,57583,103,2013,49
il,201350,2017-10-24,201740,199,2.78107,2.78107,1337,48075,102,2013,50
il,201351,2017-10-24,201740,198,3.00035,3.00035,1627,54227,101,2013,51
il,201352,2017-10-24,201740,197,4.50831,4.50831,1920,42588,102,2013,52
il,201401,2017-10-24,201740,196,4.44242,4.44242,1995,44908,101,2014,1
il,201402,2017-10-24,201740,195,3.44904,3.44904,1716,49753,107,2014,2
il,201403,2017-10-24,201740,194,2.99557,2.99557,1712,57151,103,2014,3
il,201404,2017-10-24,201740,193,2.81371,2.81371,1538,54661,109,2014,4
il,201405,2017-10-24,201740,192,2.31313,2.31313,1240,53607,107,2014,5
il,201406,2017-10-24,201740,191,2.09311,2.09311,1120,53509,108,2014,6
il,201407,2017-10-24,201740,190,2.02027,2.02027,1146,56725,107,2014,7
il,201408,2017-10-24,201740,189,2.07339,2.07339,1182,57008,107,2014,8
il,201409,2017-10-24,201740,188,2.04208,2.04208,1186,58078,107,2014,9
il,201410,2017-10-24,201740,187,1.849,1.849,1033,55868,106,2014,10
il,201411,2017-10-24,201740,186,1.98314,1.98314,1101,55518,104,2014,11
il,201412,2017-10-24,201740,185,1.75208,1.75208,975,55648,104,2014,12
il,201413,2017-10-24,201740,184,2.03628,2.03628,1126,55297,103,2014,13
il,201414,2017-10-24,201740,183,1.96344,1.96344,1158,58978,107,2014,14
il,201415,2017-10-24,201740,182,1.95187,1.95187,1181,60506,104,2014,15
il,201416,2017-10-24,201740,181,1.78886,1.78886,1006,56237,99,2014,16
il,201417,2017-10-24,201740,180,1.86204,1.86204,1093,58699,102,2014,17
il,201418,2017-10-24,201740,179,1.7144,1.7144,956,55763,97,2014,18
il,201419,2017-10-24,201740,178,1.99132,1.99132,1055,52980,95,2014,19
il,201420,2017-10-24,201740,177,1.63255,1.63255,808,49493,95,2014,20
il,201421,2017-10-24,201740,176,1.73257,1.73257,794,45828,85,2014,21
il,201422,2017-10-24,201740,175,1.56121,1.56121,757,48488,91,2014,22
il,201423,2017-10-24,201740,174,1.48708,1.48708,761,51174,90,2014,23
il,201424,2017-10-24,201740,173,1.42806,1.42806,678,47477,82,2014,24
il,201425,2017-10-24,201740,172,1.40261,1.40261,660,47055,81,2014,25
il,201426,2017-10-24,201740,171,1.08399,1.08399,461,42528,77,2014,26
il,201427,2017-10-24,201740,170,0.875356,0.875356,347,39641,65,2014,27
il,201428,2017-10-24,201740,169,0.898938,0.898938,392,43607,69,2014,28
il,201429,2017-10-24,201740,168,0.826602,0.826602,351,42463,66,2014,29
il,201430,2017-10-24,201740,167,0.788524,0.788524,343,43499,68,2014,30
il,201431,2017-10-24,201740,166,0.770412,0.770412,331,42964,67,2014,31
il,201432,2017-10-24,201740,165,0.810804,0.810804,338,41687,64,2014,32
il,201433,2017-10-24,201740,164,0.79646,0.79646,351,44070,68,2014,33
il,201434,2017-10-24,201740,163,0.993506,0.993506,410,41268,63,2014,34
il,201435,2017-10-24,201740,162,0.850544,0.850544,362,42561,65,2014,35
il,201436,2017-10-24,201740,161,1.17051,1.17051,559,47757,82,2014,36
il,201437,2017-10-24,201740,160,1.87919,1.87919,984,52363,82,2014,37
il,201438,2017-10-24,201740,159,1.80433,1.80433,966,53538,83,2014,38
il,201439,2017-10-24,201740,158,1.59832,1.59832,801,50115,82,2014,39
il,201440,2017-10-24,201740,157,1.47637,1.47637,853,57777,93,2014,40
il,201441,2017-10-24,201740,156,1.4802,1.4802,831,56141,93,2014,41
il,201442,2017-10-24,201740,155,1.64143,1.64143,929,56597,94,2014,42
il,201443,2017-10-24,201740,154,1.59675,1.59675,899,56302,93,2014,43
il,201444,2017-10-24,201740,153,1.74722,1.74722,979,56032,96,2014,44
il,201445,2017-10-24,201740,152,1.95543,1.95543,1109,56714,96,2014,45
il,201446,2017-10-24,201740,151,2.16649,2.16649,1212,55943,96,2014,46
il,201447,2017-10-24,201740,150,2.55336,2.55336,1378,53968,91,2014,47
il,201448,2017-10-24,201740,149,3.8006,3.8006,1810,47624,97,2014,48
il,201449,2017-10-24,201740,148,4.50272,4.50272,2687,59675,98,2014,49
il,201450,2017-10-24,201740,147,5.69394,5.69394,3463,60819,98,2014,50
il,201451,2017-10-24,201740,146,5.97552,5.97552,3569,59727,98,2014,51
il,201452,2017-10-24,201740,145,5.59515,5.59515,2308,41250,90,2014,52
il,201453,2017-10-24,201740,144,4.32647,4.32647,2035,47036,95,2014,53
il,201501,2017-10-24,201740,143,3.07323,3.07323,1397,45457,93,2015,1
il,201502,2017-10-24,201740,142,2.31324,2.31324,1120,48417,93,2015,2
il,201503,2017-10-24,201740,141,2.21313,2.21313,1158,52324,93,2015,3
il,201504,2017-10-24,201740,140,2.28888,2.28888,1153,50374,81,2015,4
il,201505,2017-10-24,201740,139,2.34961,2.34961,1030,43837,77,2015,5
il,201506,2017-10-24,201740,138,2.37306,2.37306,1288,54276,89,2015,6
il,201507,2017-10-24,201740,137,2.37467,2.37467,1232,51881,95,2015,7
il,201508,2017-10-24,201740,136,2.41691,2.41691,1285,53167,92,2015,8
il,201509,2017-10-24,201740,135,2.60679,2.60679,1359,52133,91,2015,9
il,201510,2017-10-24,201740,134,2.62478,2.62478,1484,56538,91,2015,10
il,201511,2017-10-24,201740,133,2.80325,2.80325,1562,55721,92,2015,11
il,201512,2017-10-24,201740,132,2.92099,2.92099,1549,53030,94,2015,12
il,201513,2017-10-24,201740,131,2.87552,2.87552,1547,53799,94,2015,13
il,201514,2017-10-24,201740,130,2.45215,2.45215,1358,55380,91,2015,14
il,201515,2017-10-24,201740,129,2.02342,2.02342,1142,56439,95,2015,15
il,201516,2017-10-24,201740,128,1.85577,1.85577,922,49683,88,2015,16
il,201517,2017-10-24,201740,127,1.75137,1.75137,937,53501,92,2015,17
il,201518,2017-10-24,201740,126,1.63577,1.63577,878,53675,92,2015,18
il,201519,2017-10-24,201740,125,1.50995,1.50995,752,49803,84,2015,19
il,201520,2017-10-24,201740,124,1.49161,1.49161,742,49745,87,2015,20
il,201521,2017-10-24,201740,123,1.28484,1.28484,562,43741,85,2015,21
il,201522,2017-10-24,201740,122,1.39058,1.39058,558,40127,76,2015,22
il,201523,2017-10-24,201740,121,1.26708,1.26708,521,41118,79,2015,23
il,201524,2017-10-24,201740,120,1.07415,1.07415,435,40497,77,2015,24
il,201525,2017-10-24,201740,119,1.24446,1.24446,548,44035,78,2015,25
il,201526,2017-10-24,201740,118,1.11324,1.11324,448,40243,72,2015,26
il,201527,2017-10-24,201740,117,1.04587,1.04587,435,41592,69,2015,27
il,201528,2017-10-24,201740,116,1.02889,1.02889,437,42473,68,2015,28
il,201529,2017-10-24,201740,115,1.0008,1.0008,415,41467,65,2015,29
il,201530,2017-10-24,201740,114,1.06443,1.06443,432,40585,62,2015,30
il,201531,2017-10-24,201740,113,1.11983,1.11983,438,39113,61,2015,31
il,201532,2017-10-24,201740,112,0.987891,0.987891,412,41705,64,2015,32
il,201533,2017-10-24,201740,111,0.901366,0.901366,384,42602,61,2015,33
il,201534,2017-10-24,201740,110,1.0581,1.0581,450,42529,61,2015,34
il,201535,2017-10-24,201740,109,1.01978,1.01978,428,41970,61,2015,35
il,201536,2017-10-24,201740,108,1.22324,1.22324,500,40875,60,2015,36
il,201537,2017-10-24,201740,107,1.4677,1.4677,643,43810,63,2015,37
il,201538,2017-10-24,201740,106,1.42413,1.42413,609,42763,62,2015,38
il,201539,2017-10-24,201740,105,1.28036,1.28036,542,42332,63,2015,39
il,201540,2017-10-24,201740,104,1.63805,1.63805,833,50853,80,2015,40
il,201541,2017-10-24,201740,103,1.7586,1.7586,908,51632,80,2015,41
il,201542,2017-10-24,201740,102,1.6042,1.6042,806,50243,80,2015,42
il,201543,2017-10-24,201740,101,1.77543,1.77543,842,47425,76,2015,43
il,201544,2017-10-24,201740,100,1.79698,1.79698,920,51197,80,2015,44
il,201545,2017-10-24,201740,99,2.01816,2.01816,1020,50541,79,2015,45
il,201546,2017-10-24,201740,98,1.89498,1.89498,978,51610,81,2015,46
il,201547,2017-10-24,201740,97,2.04812,2.04812,830,40525,78,2015,47
il,201548,2017-10-24,201740,96,2.04212,2.04212,1057,51760,81,2015,48
il,201549,2017-10-24,201740,95,2.16111,2.16111,1119,51779,81,2015,49
il,201550,2017-10-24,201740,94,2.16723,2.16723,1008,46511,79,2015,50
il,201551,2017-10-24,201740,93,2.6622,2.6622,1041,39103,77,2015,51
il,201552,2017-10-24,201740,92,2.55183,2.55183,1034,40520,78,2015,52
il,201601,2017-10-24,201740,91,2.44474,2.44474,1178,48185,80,2016,1
il,201602,2017-10-24,201740,90,2.79141,2.79141,1217,43598,80,2016,2
il,201603,2017-10-24,201740,89,2.56198,2.56198,1238,48322,81,2016,3
il,201604,2017-10-24,201740,88,2.75204,2.75204,1402,50944,81,2016,4
il,201605,2017-10-24,201740,87,3.04572,3.04572,1551,50924,78,2016,5
il,201606,2017-10-24,201740,86,3.32896,3.32896,1699,51037,82,2016,6
il,201607,2017-10-24,201740,85,3.87532,3.87532,2003,51686,83,2016,7
il,201608,2017-10-24,201740,84,3.88773,3.88773,1989,51161,81,2016,8
il,201609,2017-10-24,201740,83,4.17069,4.17069,2162,51838,79,2016,9
il,201610,2017-10-24,201740,82,3.9101,3.9101,2093,53528,82,2016,10
il,201611,2017-10-24,201740,81,3.32867,3.32867,1642,49329,79,2016,11
il,201612,2017-10-24,201740,80,2.78787,2.78787,1335,47886,82,2016,12
il,201613,2017-10-24,201740,79,2.55401,2.55401,1246,48786,79,2016,13
il,201614,2017-10-24,201740,78,2.10069,2.10069,1029,48984,80,2016,14
il,201615,2017-10-24,201740,77,1.92583,1.92583,955,49589,79,2016,15
il,201616,2017-10-24,201740,76,1.79058,1.79058,894,49928,79,2016,16
il,201617,2017-10-24,201740,75,1.61378,1.61378,800,49573,78,2016,17
il,201618,2017-10-24,201740,74,1.39314,1.39314,664,47662,77,2016,18
il,201619,2017-10-24,201740,73,1.49228,1.49228,699,46841,75,2016,19
il,201620,2017-10-24,201740,72,1.41111,1.41111,636,45071,76,2016,20
il,201621,2017-10-24,201740,71,1.31884,1.31884,540,40945,69,2016,21
il,201622,2017-10-24,201740,70,1.3797,1.3797,513,37182,66,2016,22
il,201623,2017-10-24,201740,69,1.00205,1.00205,395,39419,64,2016,23
il,201624,2017-10-24,201740,68,0.861015,0.861015,310,36004,58,2016,24
il,201625,2017-10-24,201740,67,0.988571,0.988571,346,35000,58,2016,25
il,201626,2017-10-24,201740,66,1.16108,1.16108,355,30575,57,2016,26
il,201627,2017-10-24,201740,65,0.871479,0.871479,289,33162,53,2016,27
il,201628,2017-10-24,201740,64,0.833136,0.833136,317,38049,55,2016,28
il,201629,2017-10-24,201740,63,0.823299,0.823299,307,37289,56,2016,29
il,201630,2017-10-24,201740,62,0.787612,0.787612,295,37455,55,2016,30
il,201631,2017-10-24,201740,61,0.725307,0.725307,267,36812,55,2016,31
il,201632,2017-10-24,201740,60,0.685128,0.685128,263,38387,59,2016,32
il,201633,2017-10-24,201740,59,0.703667,0.703667,275,39081,59,2016,33
il,201634,2017-10-24,201740,58,0.846383,0.846383,327,38635,56,2016,34
il,201635,2017-10-24,201740,57,0.788131,0.788131,315,39968,55,2016,35
il,201636,2017-10-24,201740,56,1.03157,1.03157,396,38388,58,2016,36
il,201637,2017-10-24,201740,55,1.29281,1.29281,516,39913,60,2016,37
il,201638,2017-10-24,201740,54,1.17647,1.17647,497,42245,61,2016,38
il,201639,2017-10-24,201740,53,1.55404,1.55404,623,40089,60,2016,39
il,201640,2018-10-05,201839,103,1.29539,1.29539,640,49406,79,2016,40
il,201641,2018-10-05,201839,102,1.21637,1.21637,571,46943,77,2016,41
il,201642,2018-10-05,201839,101,1.48743,1.48743,743,49952,77,2016,42
il,201643,2018-10-05,201839,100,1.53786,1.53786,742,48249,80,2016,43
il,201644,2018-10-05,201839,99,1.66157,1.66157,804,48388,75,2016,44
il,201645,2018-10-05,201839,98,1.77498,1.77498,827,46592,80,2016,45
il,201646,2018-10-05,201839,97,1.87003,1.87003,899,48074,78,2016,46
il,201647,2018-10-05,201839,96,1.92035,1.92035,744,38743,77,2016,47
il,201648,2018-10-05,201839,95,1.75686,1.75686,860,48951,80,2016,48
il,201649,2018-10-05,201839,94,1.89146,1.89146,894,47265,81,2016,49
il,201650,2018-10-05,201839,93,2.09658,2.09658,943,44978,78,2016,50
il,201651,2018-10-05,201839,92,2.30118,2.30118,978,42500,81,2016,51
il,201652,2018-10-05,201839,91,3.06912,3.06912,1234,40207,77,2016,52
il,201701,2018-10-05,201839,90,2.82989,2.82989,1267,44772,80,2017,1
il,201702,2018-10-05,201839,89,2.88986,2.88986,1350,46715,79,2017,2
il,201703,2018-10-05,201839,88,2.98587,2.98587,1448,48495,79,2017,3
il,201704,2018-10-05,201839,87,3.222,3.222,1640,50900,82,2017,4
il,201705,2018-10-05,201839,86,3.58104,3.58104,1810,50544,81,2017,5
il,201706,2018-10-05,201839,85,4.36443,4.36443,2297,52630,81,2017,6
il,201707,2018-10-05,201839,84,4.76881,4.76881,2435,51061,81,2017,7
il,201708,2018-10-05,201839,83,4.56599,4.56599,2284,50022,79,2017,8
il,201709,2018-10-05,201839,82,3.52349,3.52349,1743,49468,79,2017,9
il,201710,2018-10-05,201839,81,3.61994,3.61994,1759,48592,81,2017,10
il,201711,2018-10-05,201839,80,3.18906,3.18906,1450,45468,79,2017,11
il,201712,2018-10-05,201839,79,3.10204,3.10204,1440,46421,79,2017,12
il,201713,2018-10-05,201839,78,2.73495,2.73495,1348,49288,78,2017,13
il,201714,2018-10-05,201839,77,2.35154,2.35154,1169,49712,79,2017,14
il,201715,2018-10-05,201839,76,1.60639,1.60639,764,47560,75,2017,15
il,201716,2018-10-05,201839,75,1.40298,1.40298,676,48183,74,2017,16
il,201717,2018-10-05,201839,74,1.40462,1.40462,681,48483,77,2017,17
il,201718,2018-10-05,201839,73,1.30381,1.30381,617,47323,75,2017,18
il,201719,2018-10-05,201839,72,1.52283,1.52283,715,46952,74,2017,19
il,201720,2018-10-05,201839,71,1.2583,1.2583,576,45776,75,2017,20
il,201721,2018-10-05,201839,70,1.22028,1.22028,485,39745,64,2017,21
il,201722,2018-10-05,201839,69,1.14586,1.14586,417,36392,61,2017,22
il,201723,2018-10-05,201839,68,1.03763,1.03763,404,38935,62,2017,23
il,201724,2018-10-05,201839,67,0.900231,0.900231,339,37657,59,2017,24
il,201725,2018-10-05,201839,66,0.873269,0.873269,328,37560,60,2017,25
il,201726,2018-10-05,201839,65,0.841253,0.841253,293,34829,58,2017,26
il,201727,2018-10-05,201839,64,0.671101,0.671101,226,33676,55,2017,27
il,201728,2018-10-05,201839,63,0.785296,0.785296,276,35146,52,2017,28
il,201729,2018-10-05,201839,62,0.708017,0.708017,238,33615,54,2017,29
il,201730,2018-10-05,201839,61,0.685727,0.685727,242,35291,52,2017,30
il,201731,2018-10-05,201839,60,0.723532,0.723532,256,35382,54,2017,31
il,201732,2018-10-05,201839,59,0.716609,0.716609,249,34747,53,2017,32
il,201733,2018-10-05,201839,58,0.739136,0.739136,273,36935,55,2017,33
il,201734,2018-10-05,201839,57,0.718894,0.718894,263,36584,54,2017,34
il,201735,2018-10-05,201839,56,0.785354,0.785354,299,38072,53,2017,35
il,201736,2018-10-05,201839,55,0.990154,0.990154,354,35752,55,2017,36
il,201737,2018-10-05,201839,54,1.20348,1.20348,476,39552,56,2017,37
il,201738,2018-10-05,201839,53,1.18339,1.18339,469,39632,57,2017,38
il,201739,2018-10-05,201839,52,1.17861,1.17861,473,40132,54,2017,39
il,201740,2019-10-04,201939,103,1.18308,1.18308,571,48264,79,2017,40
il,201741,2019-10-04,201939,102,1.27165,1.27165,583,45846,78,2017,41
il,201742,2019-10-04,201939,101,1.00391,1.00391,485,48311,81,2017,42
il,201743,2019-10-04,201939,100,1.13777,1.13777,535,47022,81,2017,43
il,201744,2019-10-04,201939,99,1.1868,1.1868,549,46259,79,2017,44
il,201745,2019-10-04,201939,98,1.35089,1.35089,633,46858,80,2017,45
il,201746,2019-10-04,201939,97,1.29322,1.29322,610,47169,80,2017,46
il,201747,2019-10-04,201939,96,1.55901,1.55901,545,34958,78,2017,47
il,201748,2019-10-04,201939,95,1.85926,1.85926,906,48729,81,2017,48
il,201749,2019-10-04,201939,94,1.99942,1.99942,957,47864,82,2017,49
il,201750,2019-10-04,201939,93,2.99869,2.99869,1397,46587,80,2017,50
il,201751,2019-10-04,201939,92,4.1977,4.1977,1956,46597,77,2017,51
il,201752,2019-10-04,201939,91,6.44354,6.44354,2524,39171,81,2017,52
il,201801,2019-10-04,201939,90,5.85488,5.85488,2495,42614,81,2018,1
il,201802,2019-10-04,201939,89,5.18915,5.18915,2465,47503,81,2018,2
il,201803,2019-10-04,201939,88,5.22717,5.22717,2370,45340,80,2018,3
il,201804,2019-10-04,201939,87,5.03066,5.03066,2560,50888,81,2018,4
il,201805,2019-10-04,201939,86,5.86232,5.86232,2720,46398,78,2018,5
il,201806,2019-10-04,201939,85,5.58535,5.58535,2552,45691,79,2018,6
il,201807,2019-10-04,201939,84,4.94075,4.94075,2414,48859,79,2018,7
il,201808,2019-10-04,201939,83,4.00358,4.00358,1879,46933,80,2018,8
il,201809,2019-10-04,201939,82,2.72481,2.72481,1279,46939,78,2018,9
il,201810,2019-10-04,201939,81,2.30377,2.30377,1081,46923,80,2018,10
il,201811,2019-10-04,201939,80,2.31579,2.31579,1051,45384,78,2018,11
il,201812,2019-10-04,201939,79,2.21298,2.21298,958,43290,75,2018,12
il,201813,2019-10-04,201939,78,2.18952,2.18952,811,37040,76,2018,13
il,201814,2019-10-04,201939,77,1.76083,1.76083,781,44354,80,2018,14
il,201815,2019-10-04,201939,76,1.54427,1.54427,695,45005,77,2018,15
il,201816,2019-10-04,201939,75,1.17982,1.17982,506,42888,77,2018,16
il,201817,2019-10-04,201939,74,1.2719,1.2719,578,45444,76,2018,17
il,201818,2019-10-04,201939,73,1.03102,1.03102,445,43161,73,2018,18
il,201819,2019-10-04,201939,72,0.98153,0.98153,423,43096,75,2018,19
il,201820,2019-10-04,201939,71,0.90539,0.90539,387,42744,73,2018,20
il,201821,2019-10-04,201939,70,0.951539,0.951539,366,38464,67,2018,21
il,201822,2019-10-04,201939,69,0.906133,0.906133,323,35646,66,2018,22
il,201823,2019-10-04,201939,68,0.641356,0.641356,224,34926,61,2018,23
il,201824,2019-10-04,201939,67,0.604413,0.604413,209,34579,61,2018,24
il,201825,2019-10-04,201939,66,0.72805,0.72805,269,36948,63,2018,25
il,201826,2019-10-04,201939,65,0.643269,0.643269,239,37154,63,2018,26
il,201827,2019-10-04,201939,64,0.738426,0.738426,241,32637,61,2018,27
il,201828,2019-10-04,201939,63,0.69657,0.69657,264,37900,61,2018,28
il,201829,2019-10-04,201939,62,0.590593,0.590593,221,37420,60,2018,29
il,201830,2019-10-04,201939,61,0.458395,0.458395,164,35777,60,2018,30
il,201831,2019-10-04,201939,60,0.506873,0.506873,177,34920,58,2018,31
il,201832,2019-10-04,201939,59,0.441259,0.441259,157,35580,58,2018,32
il,201833,2019-10-04,201939,58,0.475835,0.475835,172,36147,58,2018,33
il,201834,2019-10-04,201939,57,0.512276,0.512276,188,36699,58,2018,34
il,201835,2019-10-04,201939,56,0.713604,0.713604,269,37696,58,2018,35
il,201836,2019-10-04,201939,55,0.740824,0.740824,263,35501,58,2018,36
il,201837,2019-10-04,201939,54,0.74665,0.74665,292,39108,58,2018,37
il,201838,2019-10-04,201939,53,0.855642,0.855642,334,39035,58,2018,38
il,201839,2019-10-04,201939,52,0.743332,0.743332,272,36592,58,2018,39
il,201840,2020-10-02,202039,103,0.791928,0.791928,394,49752,103,2018,40
il,201841,2020-10-02,202039,102,1.00549,1.00549,493,49031,106,2018,41
il,201842,2020-10-02,202039,101,1.0392,1.0392,518,49846,104,2018,42
il,201843,2020-10-02,202039,100,1.16002,1.16002,579,49913,104,2018,43
il,201844,2020-10-02,202039,99,1.30508,1.30508,656,50265,105,2018,44
il,201845,2020-10-02,202039,98,1.25819,1.25819,632,50231,104,2018,45
il,201846,2020-10-02,202039,97,1.37384,1.37384,649,47240,103,2018,46
il,201847,2020-10-02,202039,96,1.55275,1.55275,627,40380,105,2018,47
il,201848,2020-10-02,202039,95,1.44399,1.44399,732,50693,104,2018,48
il,201849,2020-10-02,202039,94,1.5422,1.5422,788,51096,103,2018,49
il,201850,2020-10-02,202039,93,1.69029,1.69029,854,50524,105,2018,50
il,201851,2020-10-02,202039,92,2.09465,2.09465,987,47120,100,2018,51
il,201852,2020-10-02,202039,91,3.33358,3.33358,1339,40167,100,2018,52
il,201901,2020-10-02,202039,90,2.92991,2.92991,1262,43073,101,2019,1
il,201902,2020-10-02,202039,89,2.18257,2.18257,1019,46688,102,2019,2
il,201903,2020-10-02,202039,88,2.16887,2.16887,1057,48735,103,2019,3
il,201904,2020-10-02,202039,87,2.24184,2.24184,1046,46658,102,2019,4
il,201905,2020-10-02,202039,86,2.94723,2.94723,1089,36950,102,2019,5
il,201906,2020-10-02,202039,85,2.3336,2.3336,1198,51337,103,2019,6
il,201907,2020-10-02,202039,84,2.7887,2.7887,1326,47549,99,2019,7
il,201908,2020-10-02,202039,83,3.16291,3.16291,1601,50618,102,2019,8
il,201909,2020-10-02,202039,82,3.17846,3.17846,1557,48986,100,2019,9
il,201910,2020-10-02,202039,81,3.29914,3.29914,1650,50013,101,2019,10
il,201911,2020-10-02,202039,80,3.6678,3.6678,1907,51993,102,2019,11
il,201912,2020-10-02,202039,79,3.12172,3.12172,1458,46705,101,2019,12
il,201913,2020-10-02,202039,78,2.53223,2.53223,1255,49561,103,2019,13
il,201914,2020-10-02,202039,77,2.14498,2.14498,1062,49511,102,2019,14
il,201915,2020-10-02,202039,76,2.01384,2.01384,847,42059,97,2019,15
il,201916,2020-10-02,202039,75,1.52327,1.52327,691,45363,96,2019,16
il,201917,2020-10-02,202039,74,1.30153,1.30153,562,43180,99,2019,17
il,201918,2020-10-02,202039,73,1.21592,1.21592,479,39394,92,2019,18
il,201919,2020-10-02,202039,72,1.05872,1.05872,487,45999,94,2019,19
il,201920,2020-10-02,202039,71,1.04839,1.04839,445,42446,88,2019,20
il,201921,2020-10-02,202039,70,0.971741,0.971741,370,38076,80,2019,21
il,201922,2020-10-02,202039,69,0.917311,0.917311,281,30633,78,2019,22
il,201923,2020-10-02,202039,68,0.811217,0.811217,243,29955,76,2019,23
il,201924,2020-10-02,202039,67,0.715432,0.715432,272,38019,79,2019,24
il,201925,2020-10-02,202039,66,0.573178,0.573178,219,38208,79,2019,25
il,201926,2020-10-02,202039,65,0.758469,0.758469,238,31379,76,2019,26
il,201927,2020-10-02,202039,64,0.665734,0.665734,195,29291,74,2019,27
il,201928,2020-10-02,202039,63,0.574171,0.574171,195,33962,76,2019,28
il,201929,2020-10-02,202039,62,0.519296,0.519296,197,37936,78,2019,29
il,201930,2020-10-02,202039,61,0.57845,0.57845,193,33365,77,2019,30
il,201931,2020-10-02,202039,60,0.566718,0.566718,187,32997,76,2019,31
il,201932,2020-10-02,202039,59,0.582779,0.582779,191,32774,76,2019,32
il,201933,2020-10-02,202039,58,0.476331,0.476331,161,33800,76,2019,33
il,201934,2020-10-02,202039,57,0.455941,0.455941,150,32899,74,2019,34
il,201935,2020-10-02,202039,56,0.509933,0.509933,192,37652,72,2019,35
il,201936,2020-10-02,202039,55,0.777949,0.777949,243,31236,71,2019,36
il,201937,2020-10-02,202039,54,1.03505,1.03505,360,34781,72,2019,37
il,201938,2020-10-02,202039,53,0.805274,0.805274,331,41104,75,2019,38
il,201939,2020-10-02,202039,52,1.05733,1.05733,334,31589,69,2019,39
il,201940,2021-10-08,202139,104,1.41375,1.41375,1153,81556,181,2019,40
il,201941,2021-10-08,202139,103,1.63321,1.63321,1153,70597,178,2019,41
il,201942,2021-10-08,202139,102,1.744,1.744,1340,76835,179,2019,42
il,201943,2021-10-08,202139,101,1.90258,1.90258,1658,87145,191,2019,43
il,201944,2021-10-08,202139,100,1.8228,1.8228,1523,83553,192,2019,44
il,201945,2021-10-08,202139,99,1.86122,1.86122,1579,84837,191,2019,45
il,201946,2021-10-08,202139,98,2.00902,2.00902,1649,82080,191,2019,46
il,201947,2021-10-08,202139,97,2.11537,2.11537,1784,84335,189,2019,47
il,201948,2021-10-08,202139,96,2.55489,2.55489,1984,77655,191,2019,48
il,201949,2021-10-08,202139,95,2.59479,2.59479,2279,87830,190,2019,49
il,201950,2021-10-08,202139,94,3.17378,3.17378,2582,81354,186,2019,50
il,201951,2021-10-08,202139,93,3.81401,3.81401,3135,82197,189,2019,51
il,201952,2021-10-08,202139,92,5.82377,5.82377,4725,81133,188,2019,52
il,202001,2021-10-08,202139,91,5.03374,5.03374,4364,86695,191,2020,1
il,202002,2021-10-08,202139,90,4.3258,4.3258,3672,84886,188,2020,2
il,202003,2021-10-08,202139,89,4.51551,4.51551,3804,84243,192,2020,3
il,202004,2021-10-08,202139,88,5.51717,5.51717,4839,87708,193,2020,4
il,202005,2021-10-08,202139,87,6.72126,6.72126,6344,94387,191,2020,5
il,202006,2021-10-08,202139,86,7.402,7.402,6839,92394,190,2020,6
il,202007,2021-10-08,202139,85,6.63845,6.63845,5913,89072,191,2020,7
il,202008,2021-10-08,202139,84,6.22712,6.22712,5545,89046,186,2020,8
il,202009,2021-10-08,202139,83,5.55436,5.55436,4897,88165,190,2020,9
il,202010,2021-10-08,202139,82,5.51053,5.51053,4936,89574,190,2020,10
il,202011,2021-10-08,202139,81,6.20876,6.20876,5288,85170,185,2020,11
il,202012,2021-10-08,202139,80,7.09147,7.09147,4682,66023,189,2020,12
il,202013,2021-10-08,202139,79,5.10113,5.10113,2623,51420,185,2020,13
il,202014,2021-10-08,202139,78,4.01622,4.01622,1704,42428,182,2020,14
il,202015,2021-10-08,202139,77,2.86695,2.86695,1286,44856,185,2020,15
il,202016,2021-10-08,202139,76,2.39922,2.39922,1076,44848,185,2020,16
il,202017,2021-10-08,202139,75,2.02883,2.02883,991,48846,185,2020,17
il,202018,2021-10-08,202139,74,1.77896,1.77896,893,50198,184,2020,18
il,202019,2021-10-08,202139,73,1.45851,1.45851,714,48954,182,2020,19
il,202020,2021-10-08,202139,72,1.19327,1.19327,626,52461,183,2020,20
il,202021,2021-10-08,202139,71,0.960461,0.960461,523,54453,178,2020,21
il,202022,2021-10-08,202139,70,0.781639,0.781639,455,58211,179,2020,22
il,202023,2021-10-08,202139,69,0.644782,0.644782,373,57849,177,2020,23
il,202024,2021-10-08,202139,68,0.531636,0.531636,304,57182,176,2020,24
il,202025,2021-10-08,202139,67,0.391549,0.391549,250,63849,177,2020,25
il,202026,2021-10-08,202139,66,0.637468,0.637468,371,58199,175,2020,26
il,202027,2021-10-08,202139,65,0.631444,0.631444,365,57804,174,2020,27
il,202028,2021-10-08,202139,64,0.730104,0.730104,452,61909,173,2020,28
il,202029,2021-10-08,202139,63,0.718772,0.718772,436,60659,170,2020,29
il,202030,2021-10-08,202139,62,0.788886,0.788886,477,60465,171,2020,30
il,202031,2021-10-08,202139,61,0.880763,0.880763,554,62900,173,2020,31
il,202032,2021-10-08,202139,60,0.98681,0.98681,600,60802,171,2020,32
il,202033,2021-10-08,202139,59,0.759201,0.759201,453,59668,169,2020,33
il,202034,2021-10-08,202139,58,0.883395,0.883395,556,62939,171,2020,34
il,202035,2021-10-08,202139,57,0.767239,0.767239,492,64126,170,2020,35
il,202036,2021-10-08,202139,56,0.682715,0.682715,424,62105,171,2020,36
il,202037,2021-10-08,202139,55,0.651411,0.651411,386,59256,170,2020,37
il,202038,2021-10-08,202139,54,0.64545,0.64545,404,62592,172,2020,38
il,202039,2021-10-08,202139,53,0.725173,0.725173,491,67708,174,2020,39
il,202040,2022-10-07,202239,104,0.823758,0.823758,590,71623,186,2020,40
il,202041,2022-10-07,202239,103,0.983943,0.983943,739,75106,192,2020,41
il,202042,2022-10-07,202239,102,0.862162,0.862162,641,74348,192,2020,42
il,202043,2022-10-07,202239,101,1.01195,1.01195,739,73027,193,2020,43
il,202044,2022-10-07,202239,100,1.21673,1.21673,874,71832,192,2020,44
il,202045,2022-10-07,202239,99,1.48618,1.48618,1138,76572,193,2020,45
il,202046,2022-10-07,202239,98,1.44305,1.44305,1122,77752,194,2020,46
il,202047,2022-10-07,202239,97,1.39575,1.39575,1003,71861,191,2020,47
il,202048,2022-10-07,202239,96,1.23645,1.23645,772,62437,194,2020,48
il,202049,2022-10-07,202239,95,1.00328,1.00328,689,68675,190,2020,49
il,202050,2022-10-07,202239,94,0.987136,0.987136,663,67164,192,2020,50
il,202051,2022-10-07,202239,93,0.901844,0.901844,577,63980,189,2020,51
il,202052,2022-10-07,202239,92,0.819472,0.819472,470,57354,193,2020,52
il,202053,2022-10-07,202239,91,0.89392,0.89392,533,59625,193,2020,53
il,202101,2022-10-07,202239,90,0.805435,0.805435,543,67417,192,2021,1
il,202102,2022-10-07,202239,89,0.76265,0.76265,501,65692,192,2021,2
il,202103,2022-10-07,202239,88,0.70944,0.70944,457,64417,193,2021,3
il,202104,2022-10-07,202239,87,0.650296,0.650296,420,64586,192,2021,4
il,202105,2022-10-07,202239,86,0.643881,0.643881,425,66006,192,2021,5
il,202106,2022-10-07,202239,85,0.487682,0.487682,309,63361,190,2021,6
il,202107,2022-10-07,202239,84,0.463383,0.463383,276,59562,190,2021,7
il,202108,2022-10-07,202239,83,0.467835,0.467835,325,69469,191,2021,8
il,202109,2022-10-07,202239,82,0.438702,0.438702,293,66788,190,2021,9
il,202110,2022-10-07,202239,81,0.450006,0.450006,310,68888,190,2021,10
il,202111,2022-10-07,202239,80,0.477721,0.477721,321,67194,186,2021,11
il,202112,2022-10-07,202239,79,0.573654,0.573654,411,71646,190,2021,12
il,202113,2022-10-07,202239,78,0.576674,0.576674,409,70924,189,2021,13
il,202114,2022-10-07,202239,77,0.743625,0.743625,571,76786,188,2021,14
il,202115,2022-10-07,202239,76,0.646482,0.646482,502,77651,188,2021,15
il,202116,2022-10-07,202239,75,0.79875,0.79875,557,69734,184,2021,16
il,202117,2022-10-07,202239,74,0.755096,0.755096,549,72706,184,2021,17
il,202118,2022-10-07,202239,73,0.673228,0.673228,485,72041,182,2021,18
il,202119,2022-10-07,202239,72,0.819467,0.819467,557,67971,180,2021,19
il,202120,2022-10-07,202239,71,0.769395,0.769395,541,70315,181,2021,20
il,202121,2022-10-07,202239,70,0.703537,0.703537,468,66521,177,2021,21
il,202122,2022-10-07,202239,69,0.825923,0.825923,548,66350,178,2021,22
il,202123,2022-10-07,202239,68,0.792586,0.792586,561,70781,179,2021,23
il,202124,2022-10-07,202239,67,0.740888,0.740888,523,70591,179,2021,24
il,202125,2022-10-07,202239,66,0.818186,0.818186,564,68933,179,2021,25
il,202126,2022-10-07,202239,65,0.796784,0.796784,557,69906,180,2021,26
il,202127,2022-10-07,202239,64,0.904422,0.904422,604,66783,174,2021,27
il,202128,2022-10-07,202239,63,0.938297,0.938297,670,71406,177,2021,28
il,202129,2022-10-07,202239,62,0.98662,0.98662,716,72571,179,2021,29
il,202130,2022-10-07,202239,61,1.08829,1.08829,805,73969,178,2021,30
il,202131,2022-10-07,202239,60,1.16821,1.16821,863,73874,177,2021,31
il,202132,2022-10-07,202239,59,1.1868,1.1868,887,74739,177,2021,32
il,202133,2022-10-07,202239,58,1.26182,1.26182,958,75922,176,2021,33
il,202134,2022-10-07,202239,57,1.28167,1.28167,999,77945,178,2021,34
il,202135,2022-10-07,202239,56,1.36244,1.36244,1066,78242,177,2021,35
il,202136,2022-10-07,202239,55,1.41146,1.41146,1091,77296,178,2021,36
il,202137,2022-10-07,202239,54,1.33076,1.33076,1053,79128,178,2021,37
il,202138,2022-10-07,202239,53,1.24349,1.24349,936,75272,178,2021,38
il,202139,2022-10-07,202239,52,1.27059,1.27059,937,73745,175,2021,39
il,202140,2023-10-06,202339,103,0.979297,0.979297,815,83223,191,2021,40
il,202141,2023-10-06,202339,102,1.00425,1.00425,797,79363,187,2021,41
il,202142,2023-10-06,202339,101,1.04003,1.04003,843,81055,189,2021,42
il,202143,2023-10-06,202339,100,1.07399,1.07399,840,78213,186,2021,43
il,202144,2023-10-06,202339,99,1.13671,1.13671,892,78472,185,2021,44
il,202145,2023-10-06,202339,98,1.2126,1.2126,959,79086,186,2021,45
il,202146,2023-10-06,202339,97,1.43908,1.43908,1094,76021,183,2021,46
il,202147,2023-10-06,202339,96,1.75742,1.75742,1169,66518,184,2021,47
il,202148,2023-10-06,202339,95,1.74822,1.74822,1487,85058,186,2021,48
il,202149,2023-10-06,202339,94,2.01992,2.01992,1580,78221,182,2021,49
il,202150,2023-10-06,202339,93,2.2727,2.2727,1728,76033,180,2021,50
il,202151,2023-10-06,202339,92,3.07748,3.07748,2303,74834,185,2021,51
il,202152,2023-10-06,202339,91,3.43731,3.43731,2929,85212,184,2021,52
il,202201,2023-10-06,202339,90,3.474,3.474,2692,77490,183,2022,1
il,202202,2023-10-06,202339,89,2.35864,2.35864,1772,75128,184,2022,2
il,202203,2023-10-06,202339,88,1.89885,1.89885,1287,67778,184,2022,3
il,202204,2023-10-06,202339,87,1.47367,1.47367,950,64465,184,2022,4
il,202205,2023-10-06,202339,86,1.10343,1.10343,635,57548,177,2022,5
il,202206,2023-10-06,202339,85,0.974622,0.974622,674,69155,184,2022,6
il,202207,2023-10-06,202339,84,1.1418,1.1418,768,67262,184,2022,7
il,202208,2023-10-06,202339,83,1.36852,1.36852,918,67080,185,2022,8
il,202209,2023-10-06,202339,82,1.41645,1.41645,1033,72929,184,2022,9
il,202210,2023-10-06,202339,81,1.65025,1.65025,1186,71868,185,2022,10
il,202211,2023-10-06,202339,80,1.89012,1.89012,1405,74334,184,2022,11
il,202212,2023-10-06,202339,79,2.0232,2.0232,1498,74041,182,2022,12
il,202213,2023-10-06,202339,78,2.22626,2.22626,1581,71016,181,2022,13
il,202214,2023-10-06,202339,77,2.23898,2.23898,1654,73873,181,2022,14
il,202215,2023-10-06,202339,76,2.44952,2.44952,1799,73443,181,2022,15
il,202216,2023-10-06,202339,75,2.54072,2.54072,1881,74034,180,2022,16
il,202217,2023-10-06,202339,74,2.47715,2.47715,1908,77024,180,2022,17
il,202218,2023-10-06,202339,73,2.38061,2.38061,1845,77501,173,2022,18
il,202219,2023-10-06,202339,72,2.45281,2.45281,1983,80846,177,2022,19
il,202220,2023-10-06,202339,71,2.18909,2.18909,1753,80079,177,2022,20
il,202221,2023-10-06,202339,70,2.22038,2.22038,1580,71159,176,2022,21
il,202222,2023-10-06,202339,69,2.19406,2.19406,1572,71648,176,2022,22
il,202223,2023-10-06,202339,68,1.87852,1.87852,1316,70055,175,2022,23
il,202224,2023-10-06,202339,67,1.56824,1.56824,1098,70015,175,2022,24
il,202225,2023-10-06,202339,66,1.43728,1.43728,1009,70202,175,2022,25
il,202226,2023-10-06,202339,65,1.45907,1.45907,991,67920,174,2022,26
il,202227,2023-10-06,202339,64,1.46666,1.46666,1006,68591,174,2022,27
il,202228,2023-10-06,202339,63,1.45841,1.45841,1034,70899,174,2022,28
il,202229,2023-10-06,202339,62,1.56495,1.56495,1107,70737,173,2022,29
il,202230,2023-10-06,202339,61,1.50575,1.50575,1058,70264,174,2022,30
il,202231,2023-10-06,202339,60,1.54931,1.54931,1063,68611,171,2022,31
il,202232,2023-10-06,202339,59,1.53018,1.53018,1066,69665,172,2022,32
il,202233,2023-10-06,202339,58,1.43859,1.43859,974,67705,169,2022,33
il,202234,2023-10-06,202339,57,1.74856,1.74856,1290,73775,174,2022,34
il,202235,2023-10-06,202339,56,2.01771,2.01771,1502,74441,173,2022,35
il,202236,2023-10-06,202339,55,2.07513,2.07513,1575,75899,174,2022,36
il,202237,2023-10-06,202339,54,1.84541,1.84541,1385,75051,172,2022,37
il,202238,2023-10-06,202339,53,1.97016,1.97016,1442,73192,171,2022,38
il,202239,2023-10-06,202339,52,2.01751,2.01751,1560,77323,172,2022,39
il,202240,2024-10-04,202439,103,2.54323,2.54323,1759,69164,180,2022,40
il,202241,2024-10-04,202439,102,2.70207,2.70207,2090,77348,178,2022,41
il,202242,2024-10-04,202439,101,3.03269,3.03269,2422,79863,180,2022,42
il,202243,2024-10-04,202439,100,3.46368,3.46368,2846,82167,180,2022,43
il,202244,2024-10-04,202439,99,4.19095,4.19095,3459,82535,181,2022,44
il,202245,2024-10-04,202439,98,4.31,4.31,3770,87471,182,2022,45
il,202246,2024-10-04,202439,97,4.84578,4.84578,3802,78460,178,2022,46
il,202247,2024-10-04,202439,96,6.56306,6.56306,5021,76504,180,2022,47
il,202248,2024-10-04,202439,95,6.29991,6.29991,5396,85652,180,2022,48
il,202249,2024-10-04,202439,94,5.88178,5.88178,4861,82645,180,2022,49
il,202250,2024-10-04,202439,93,6.13549,6.13549,4377,71339,173,2022,50
il,202251,2024-10-04,202439,92,4.96167,4.96167,3126,63003,180,2022,51
il,202252,2024-10-04,202439,91,3.78811,3.78811,2520,66524,178,2022,52
il,202301,2024-10-04,202439,90,2.62565,2.62565,1830,69697,181,2023,1
il,202302,2024-10-04,202439,89,2.09415,2.09415,1440,68763,181,2023,2
il,202303,2024-10-04,202439,88,1.89547,1.89547,1307,68954,179,2023,3
il,202304,2024-10-04,202439,87,1.99596,1.99596,1363,68288,179,2023,4
il,202305,2024-10-04,202439,86,2.04028,2.04028,1388,68030,180,2023,5
il,202306,2024-10-04,202439,85,2.12108,2.12108,1551,73123,180,2023,6
il,202307,2024-10-04,202439,84,2.27946,2.27946,1632,71596,179,2023,7
il,202308,2024-10-04,202439,83,2.37307,2.37307,1735,73112,179,2023,8
il,202309,2024-10-04,202439,82,2.32652,2.32652,1731,74403,179,2023,9
il,202310,2024-10-04,202439,81,2.33285,2.33285,1695,72658,179,2023,10
il,202311,2024-10-04,202439,80,2.35498,2.35498,1714,72782,180,2023,11
il,202312,2024-10-04,202439,79,2.28351,2.28351,1689,73965,179,2023,12
il,202313,2024-10-04,202439,78,1.96617,1.96617,1425,72476,178,2023,13
il,202314,2024-10-04,202439,77,1.73583,1.73583,1252,72127,180,2023,14
il,202315,2024-10-04,202439,76,1.54342,1.54342,1112,72048,178,2023,15
il,202316,2024-10-04,202439,75,1.44635,1.44635,1047,72389,177,2023,16
il,202317,2024-10-04,202439,74,1.35151,1.35151,937,69330,175,2023,17
il,202318,2024-10-04,202439,73,1.26892,1.26892,944,74394,179,2023,18
il,202319,2024-10-04,202439,72,1.12859,1.12859,827,73277,178,2023,19
il,202320,2024-10-04,202439,71,1.01594,1.01594,174,17127,179,2023,20
il,202321,2024-10-04,202439,70,1.21357,1.21357,829,68311,173,2023,21
il,202322,2024-10-04,202439,69,1.09793,1.09793,769,70041,176,2023,22
il,202323,2024-10-04,202439,68,0.866983,0.866983,613,70705,173,2023,23
il,202324,2024-10-04,202439,67,0.766184,0.766184,530,69174,175,2023,24
il,202325,2024-10-04,202439,66,0.676887,0.676887,468,69140,171,2023,25
il,202326,2024-10-04,202439,65,0.6118,0.6118,418,68323,172,2023,26
il,202327,2024-10-04,202439,64,0.643861,0.643861,425,66008,174,2023,27
il,202328,2024-10-04,202439,63,0.543417,0.543417,383,70480,173,2023,28
il,202329,2024-10-04,202439,62,0.588762,0.588762,408,69298,171,2023,29
il,202330,2024-10-04,202439,61,0.627935,0.627935,440,70071,172,2023,30
il,202331,2024-10-04,202439,60,0.806555,0.806555,566,70175,173,2023,31
il,202332,2024-10-04,202439,59,0.751975,0.751975,533,70880,173,2023,32
il,202333,2024-10-04,202439,58,0.832987,0.832987,601,72150,173,2023,33
il,202334,2024-10-04,202439,57,1.09135,1.09135,816,74770,173,2023,34
il,202335,2024-10-04,202439,56,1.33377,1.33377,986,73926,173,2023,35
il,202336,2024-10-04,202439,55,1.32216,1.32216,956,72306,173,2023,36
il,202337,2024-10-04,202439,54,1.39395,1.39395,1049,75254,172,2023,37
il,202338,2024-10-04,202439,53,1.51239,1.51239,1102,72865,169,2023,38
il,202339,2024-10-04,202439,52,1.42596,1.42596,1078,75598,172,2023,39
il,202340,2025-09-26,202538,102,1.47112,1.47112,1101,74841,173,2023,40
il,202341,2025-09-26,202538,101,1.56286,1.56286,1090,69744,172,2023,41
il,202342,2025-09-26,202538,100,1.49184,1.49184,1081,72461,174,2023,42
il,202343,2025-09-26,202538,99,1.86722,1.86722,1402,75085,175,2023,43
il,202344,2025-09-26,202538,98,2.04917,2.04917,1466,71541,175,2023,44
il,202345,2025-09-26,202538,97,2.39301,2.39301,1744,72879,166,2023,45
il,202346,2025-09-26,202538,96,2.72674,2.72674,2137,78372,174,2023,46
il,202347,2025-09-26,202538,95,2.94679,2.94679,1976,67056,172,2023,47
il,202348,2025-09-26,202538,94,3.02016,3.02016,2337,77380,172,2023,48
il,202349,2025-09-26,202538,93,3.08839,3.08839,2391,77419,169,2023,49
il,202350,2025-09-26,202538,92,3.23246,3.23246,2475,76567,170,2023,50
il,202351,2025-09-26,202538,91,3.77537,3.77537,2595,68735,168,2023,51
il,202352,2025-09-26,202538,90,4.16734,4.16734,3085,74028,171,2023,52
il,202401,2025-09-26,202538,89,3.49934,3.49934,2486,71042,169,2024,1
il,202402,2025-09-26,202538,88,2.60509,2.60509,1778,68251,173,2024,2
il,202403,2025-09-26,202538,87,2.3056,2.3056,1347,58423,173,2024,3
il,202404,2025-09-26,202538,86,2.01561,2.01561,1384,68664,173,2024,4
il,202405,2025-09-26,202538,85,2.30418,2.30418,1665,72260,174,2024,5
il,202406,2025-09-26,202538,84,2.64751,2.64751,1959,73994,171,2024,6
il,202407,2025-09-26,202538,83,2.70539,2.70539,1878,69417,174,2024,7
il,202408,2025-09-26,202538,82,3.05882,3.05882,2259,73852,170,2024,8
il,202409,2025-09-26,202538,81,2.8663,2.8663,2155,75184,174,2024,9
il,202410,2025-09-26,202538,80,2.69907,2.69907,2009,74433,172,2024,10
il,202411,2025-09-26,202538,79,2.36731,2.36731,1690,71389,171,2024,11
il,202412,2025-09-26,202538,78,2.2838,2.2838,1645,72029,173,2024,12
il,202413,2025-09-26,202538,77,2.2097,2.2097,1557,70462,173,2024,13
il,202414,2025-09-26,202538,76,1.95041,1.95041,1390,71267,173,2024,14
il,202415,2025-09-26,202538,75,1.69106,1.69106,1235,73031,173,2024,15
il,202416,2025-09-26,202538,74,1.43824,1.43824,1056,73423,171,2024,16
il,202417,2025-09-26,202538,73,1.38986,1.38986,994,71518,174,2024,17
il,202418,2025-09-26,202538,72,1.29105,1.29105,960,74358,173,2024,18
il,202419,2025-09-26,202538,71,1.18451,1.18451,860,72604,173,2024,19
il,202420,2025-09-26,202538,70,1.2056,1.2056,859,71251,167,2024,20
il,202421,2025-09-26,202538,69,1.11674,1.11674,789,70652,166,2024,21
il,202422,2025-09-26,202538,68,1.07781,1.07781,706,65503,164,2024,22
il,202423,2025-09-26,202538,67,0.842124,0.842124,574,68161,165,2024,23
il,202424,2025-09-26,202538,66,0.812506,0.812506,552,67938,166,2024,24
il,202425,2025-09-26,202538,65,0.714848,0.714848,481,67287,166,2024,25
il,202426,2025-09-26,202538,64,0.744749,0.744749,501,67271,165,2024,26
il,202427,2025-09-26,202538,63,0.73506,0.73506,462,62852,164,2024,27
il,202428,2025-09-26,202538,62,0.688925,0.688925,462,67061,164,2024,28
il,202429,2025-09-26,202538,61,0.743893,0.743893,500,67214,161,2024,29
il,202430,2025-09-26,202538,60,0.815847,0.815847,556,68150,164,2024,30
il,202431,2025-09-26,202538,59,0.842473,0.842473,583,69201,166,2024,31
il,202432,2025-09-26,202538,58,0.789032,0.789032,545,69072,164,2024,32
il,202433,2025-09-26,202538,57,0.940938,0.940938,668,70993,168,2024,33
il,202434,2025-09-26,202538,56,1.02098,1.02098,735,71990,168,2024,34
il,202435,2025-09-26,202538,55,1.22508,1.22508,921,75179,168,2024,35
il,202436,2025-09-26,202538,54,1.18451,1.18451,822,69396,164,2024,36
il,202437,2025-09-26,202538,53,1.23597,1.23597,928,75083,166,2024,37
il,202438,2025-09-26,202538,52,1.12023,1.12023,788,70343,162,2024,38
il,202439,2025-09-26,202538,51,1.14955,1.14955,819,71245,162,2024,39
il,202440,2026-09-11,202635,100,1.12563,1.12563,932,82798,191,2024,40
il,202441,2026-09-11,202635,99,1.31189,1.31189,1089,83010,191,2024,41
il,202442,2026-09-11,202635,98,1.31588,1.31588,1009,76679,187,2024,42
il,202443,2026-09-11,202635,97,1.37343,1.37343,1124,81839,190,2024,43
il,202444,2026-09-11,202635,96,1.466,1.466,1155,78786,190,2024,44
il,202445,2026-09-11,202635,95,1.38207,1.38207,1062,76841,189,2024,45
il,202446,2026-09-11,202635,94,1.40988,1.40988,1085,76957,190,2024,46
il,202447,2026-09-11,202635,93,1.60118,1.60118,1242,77568,190,2024,47
il,202448,2026-09-11,202635,92,1.81448,1.81448,1195,65859,186,2024,48
il,202449,2026-09-11,202635,91,1.97648,1.97648,1486,75184,189,2024,49
il,202450,2026-09-11,202635,90,2.34862,2.34862,1766,75193,182,2024,50
il,202451,2026-09-11,202635,89,3.2277,3.2277,2583,80026,188,2024,51
il,202452,2026-09-11,202635,88,4.91925,4.91925,3701,75235,184,2024,52
ny,201040,,201740,365,1.0574455357659727,1.0574455357659727,1096,103646,131,2010,40
ny,201041,,201740,364,1.2741403214153209,1.2741403214153209,1305,102422,130,2010,41
ny,201042,,201740,363,1.162504496658273,1.162504496658273,1228,105634,137,2010,42
ny,201043,,201740,362,1.1727257497068184,1.1727257497068184,1260,107442,139,2010,43
ny,201044,,201740,361,1.3690754599314001,1.3690754599314001,1405,102624,146,2010,44
ny,201045,,201740,360,1.5567870201096892,1.5567870201096892,1635,105024,147,2010,45
ny,201046,,201740,359,1.7230999379720509,1.7230999379720509,1889,109628,150,2010,46
ny,201047,,201740,358,2.1331847428403212,2.1331847428403212,2029,95116,147,2010,47
ny,201048,,201740,357,2.4169101783324685,2.4169101783324685,2655,109851,146,2010,48
ny,201049,,201740,356,2.6553826211923393,2.6553826211923393,2827,106463,144,2010,49
ny,201050,,201740,355,3.207112951375731,3.207112951375731,3470,108197,143,2010,50
ny,201051,,201740,354,4.220717331326812,4.220717331326812,4207,99675,144,2010,51
ny,201052,,201740,353,4.379304644884016,4.379304644884016,3974,90745,140,2010,52
ny,201101,,201740,352,3.2635721312941595,3.2635721312941595,3649,111810,141,2011,1
ny,201102,,201740,351,3.2012316249503376,3.2012316249503376,3223,100680,139,2011,2
ny,201103,,201740,350,2.904441506679032,2.904441506679032,2944,101362,141,2011,3
ny,201104,,201740,349,2.7540093509627472,2.7540093509627472,2739,99455,144,2011,4
ny,201105,,201740,348,2.6744106191564714,2.6744106191564714,2726,101929,138,2011,5
ny,201106,,201740,347,2.6949113516002763,2.6949113516002763,2926,108575,135,2011,6
ny,201107,,201740,346,2.7768558468857174,2.7768558468857174,3012,108468,127,2011,7
ny,201108,,201740,345,2.738301222855143,2.738301222855143,2817,102874,128,2011,8
ny,201109,,201740,344,2.109708663819402,2.109708663819402,2213,104896,124,2011,9
ny,201110,,201740,343,1.9666937135350258,1.9666937135350258,2036,103524,121,2011,10
ny,201111,,201740,342,1.947142097888583,1.947142097888583,2015,103485,121,2011,11
ny,201112,,201740,341,1.84468524251806,1.84468524251806,1859,100776,121,2011,12
ny,201113,,201740,340,1.8092609628948173,1.8092609628948173,1829,101091,119,2011,13
ny,201114,,201740,339,1.858290723155588,1.858290723155588,1908,102675,116,2011,14
ny,201115,,201740,338,1.598297332419241,1.598297332419241,1562,97729,114,2011,15
ny,201116,,201740,337,1.5974098374715897,1.5974098374715897,1490,93276,112,2011,16
ny,201117,,201740,336,1.2176250203616223,1.2176250203616223,1196,98224,106,2011,17
ny,201118,,201740,335,1.1858095827561477,1.1858095827561477,1207,101787,111,2011,18
ny,201119,,201740,334,1.2410572244601772,1.2410572244601772,1334,107489,107,2011,19
ny,201120,,201740,333,1.0986203372508943,1.0986203372508943,1075,97850,102,2011,20
ny,201121,,201740,332,1.3091527925859099,1.3091527925859099,1277,97544,90,2011,21
ny,201122,,201740,331,1.2101427427822886,1.2101427427822886,1164,96187,92,2011,22
ny,201123,,201740,330,1.1716733223049933,1.1716733223049933,1112,94907,88,2011,23
ny,201124,,201740,329,1.141225304415215,1.141225304415215,1075,94197,88,2011,24
ny,201125,,201740,328,0.9722974911536867,0.9722974911536867,915,94107,87,2011,25
ny,201126,,201740,327,0.9944896928717263,0.9944896928717263,906,91102,85,2011,26
ny,201127,,201740,326,0.9509254542367125,0.9509254542367125,840,88335,82,2011,27
ny,201128,,201740,325,0.8067093531998368,0.8067093531998368,732,90739,83,2011,28
ny,201129,,201740,324,0.7074133807908347,0.7074133807908347,636,89905,84,2011,29
ny,201130,,201740,323,0.7430522973518533,0.7430522973518533,681,91649,85,2011,30
ny,201131,,201740,322,0.7350823223070985,0.7350823223070985,638,86793,86,2011,31
ny,201132,,201740,321,0.7569579250852869,0.7569579250852869,659,87059,86,2011,32
ny,201133,,201740,320,0.7543401628989761,0.7543401628989761,627,83119,85,2011,33
ny,201134,,201740,319,0.7957740866813147,0.7957740866813147,699,87839,85,2011,34
ny,201135,,201740,318,0.7483446753724481,0.7483446753724481,651,86992,78,2011,35
ny,201136,,201740,317,0.7599789268380169,0.7599789268380169,678,89213,78,2011,36
ny,201137,,201740,316,0.8250334473019175,0.8250334473019175,777,94178,80,2011,37
ny,201138,,201740,315,0.793291490894125,0.793291490894125,771,97190,79,2011,38
ny,201139,,201740,314,1.0508988346766504,1.0508988346766504,1047,99629,80,2011,39
ny,201140,,201740,313,1.378894335743354,1.378894335743354,1623,117703,206,2011,40
ny,201141,,201740,312,1.5611760174605214,1.5611760174605214,1824,116835,204,2011,41
ny,201142,,201740,311,1.543749781338558,1.543749781338558,1765,114332,197,2011,42
ny,201143,,201740,310,1.575228926770027,1.575228926770027,1777,112809,194,2011,43
ny,201144,,201740,309,1.8663606398950765,1.8663606398950765,2163,115894,202,2011,44
ny,201145,,201740,308,1.8591205418831969,1.8591205418831969,2193,117959,202,2011,45
ny,201146,,201740,307,1.885061377054751,1.885061377054751,2219,117715,192,2011,46
ny,201147,,201740,306,2.2532392816048827,2.2532392816048827,2252,99945,192,2011,47
ny,201148,,201740,305,2.2432031976844353,2.2432031976844353,2604,116084,186,2011,48
ny,201149,,201740,304,2.288171676743592,2.288171676743592,2687,117430,196,2011,49
ny,201150,,201740,303,2.2872294927722177,2.2872294927722177,2674,116910,195,2011,50
ny,201151,,201740,302,2.523517307268318,2.523517307268318,2747,108856,196,2011,51
ny,201152,,201740,301,2.5929924428305036,2.5929924428305036,2642,101890,186,2011,52
ny,201201,,201740,300,2.2998990417825325,2.2998990417825325,2597,112918,198,2012,1
ny,201202,,201740,299,1.8732957965933636,1.8732957965933636,2116,112956,193,2012,2
ny,201203,,201740,298,2.0095280138321745,2.0095280138321745,2185,108732,194,2012,3
ny,201204,,201740,297,1.9038853698590583,1.9038853698590583,2110,110826,190,2012,4
ny,201205,,201740,296,1.8825327976677215,1.8825327976677215,2118,112508,197,2012,5
ny,201206,,201740,295,1.847740520268537,1.847740520268537,2089,113057,195,2012,6
ny,201207,,201740,294,1.8982610398163144,1.8982610398163144,2133,112366,193,2012,7
ny,201208,,201740,293,2.1175539283593907,2.1175539283593907,2354,111166,194,2012,8
ny,201209,,201740,292,1.8972705931817386,1.8972705931817386,2166,114164,191,2012,9
ny,201210,,201740,291,1.8314486878600384,1.8314486878600384,2146,117175,190,2012,10
ny,201211,,201740,290,2.0524640544396884,2.0524640544396884,2431,118443,190,2012,11
ny,201212,,201740,289,1.9353482702089202,1.9353482702089202,2302,118945,182,2012,12
ny,201213,,201740,288,1.8514667914262446,1.8514667914262446,2137,115422,178,2012,13
ny,201214,,201740,287,1.9298530926437902,1.9298530926437902,2136,110682,174,2012,14
ny,201215,,201740,286,1.827221192830542,1.827221192830542,1992,109018,176,2012,15
ny,201216,,201740,285,1.6328669583589812,1.6328669583589812,1963,120218,171,2012,16
ny,201217,,201740,284,1.4626852145543523,1.4626852145543523,1614,110345,175,2012,17
ny,201218,,201740,283,1.570816806160649,1.570816806160649,1691,107651,153,2012,18
ny,201219,,201740,282,1.6747257931359831,1.6747257931359831,1846,110227,150,2012,19
ny,201220,,201740,281,1.5637942490965857,1.5637942490965857,1718,109861,151,2012,20
ny,201221,,201740,280,1.5054044956427421,1.5054044956427421,1610,106948,151,2012,21
ny,201222,,201740,279,1.4346445056474133,1.4346445056474133,1495,104207,147,2012,22
ny,201223,,201740,278,1.4146461959413241,1.4146461959413241,1489,105256,146,2012,23
ny,201224,,201740,277,1.3837408054696652,1.3837408054696652,1441,104138,138,2012,24
ny,201225,,201740,276,1.4716133529548447,1.4716133529548447,1520,103288,137,2012,25
ny,201226,,201740,275,1.4543813839182858,1.4543813839182858,1515,104168,134,2012,26
ny,201227,,201740,274,1.3266781826216205,1.3266781826216205,1321,99572,134,2012,27
ny,201228,,201740,273,1.3165535426999342,1.3165535426999342,1383,105047,140,2012,28
ny,201229,,201740,272,1.2059285649950462,1.2059285649950462,1205,99923,139,2012,29
ny,201230,,201740,271,1.1135461707042587,1.1135461707042587,1128,101298,138,2012,30
ny,201231,,201740,270,1.051329622758194,1.051329622758194,1020,97020,124,2012,31
ny,201232,,201740,269,0.9626684424945159,0.9626684424945159,983,102112,134,2012,32
ny,201233,,201740,268,1.007438286741867,1.007438286741867,986,97872,126,2012,33
ny,201234,,201740,267,1.1645639816997089,1.1645639816997089,1176,100982,126,2012,34
ny,201235,,201740,266,0.9656330594374138,0.9656330594374138,966,100038,121,2012,35
ny,201236,,201740,265,1.0269446882345226,1.0269446882345226,1018,99129,125,2012,36
ny,201237,,201740,264,1.175549346970737,1.175549346970737,1216,103441,130,2012,37
ny,201238,,201740,263,1.3537190568013862,1.3537190568013862,1383,102163,125,2012,38
ny,201239,,201740,262,1.326671095321992,1.326671095321992,1378,103869,127,2012,39
ny,201240,,201740,261,1.2944565179895822,1.2944565179895822,1501,115956,295,2012,40
ny,201241,,201740,260,1.4387296601666448,1.4387296601666448,1649,114615,297,2012,41
ny,201242,,201740,259,1.5465255507456315,1.5465255507456315,1847,119429,300,2012,42
ny,201243,,201740,258,1.5840412493132159,1.5840412493132159,1874,118305,291,2012,43
ny,201244,,201740,257,1.6558364456725891,1.6558364456725891,1534,92642,277,2012,44
ny,201245,,201740,256,1.473696022142844,1.473696022142844,1576,106942,292,2012,45
ny,201246,,201740,255,1.5873716550865637,1.5873716550865637,1798,113269,296,2012,46
ny,201247,,201740,254,2.0947479945512337,2.0947479945512337,2076,99105,290,2012,47
ny,201248,,201740,253,2.2498372786132714,2.2498372786132714,2627,116764,294,2012,48
ny,201249,,201740,252,2.746470714794035,2.746470714794035,3319,120846,290,2012,49
ny,201250,,201740,251,3.257272107372728,3.257272107372728,3917,120254,289,2012,50
ny,201251,,201740,250,4.037295343046007,4.037295343046007,4880,120873,292,2012,51
ny,201252,,201740,249,5.124194394669888,5.124194394669888,5176,101011,286,2012,52
ny,201301,,201740,248,4.718802360311794,4.718802360311794,5182,109816,282,2013,1
ny,201302,,201740,247,5.354458663416616,5.354458663416616,6590,123075,282,2013,2
ny,201303,,201740,246,5.946621012497002,5.946621012497002,7190,120909,287,2013,3
ny,201304,,201740,245,4.996301708430301,4.996301708430301,5539,110862,282,2013,4
ny,201305,,201740,244,4.025408858005194,4.025408858005194,4588,113976,281,2013,5
ny,201306,,201740,243,3.619133320210343,3.619133320210343,3861,106683,268,2013,6
ny,201307,,201740,242,3.1006839077856787,3.1006839077856787,3423,110395,264,2013,7
ny,201308,,201740,241,3.415587499315056,3.415587499315056,3740,109498,288,2013,8
ny,201309,,201740,240,2.8834393615429965,2.8834393615429965,3277,113649,286,2013,9
ny,201310,,201740,239,2.937877250146894,2.937877250146894,3300,112326,282,2013,10
ny,201311,,201740,238,2.731759370414833,2.731759370414833,3072,112455,280,2013,11
ny,201312,,201740,237,2.5496642741375317,2.5496642741375317,2753,107975,264,2013,12
ny,201313,,201740,236,2.267031542560853,2.267031542560853,2361,104145,259,2013,13
ny,201314,,201740,235,2.01241461409824,2.01241461409824,2130,105843,255,2013,14
ny,201315,,201740,234,1.6846318278983037,1.6846318278983037,1852,109935,254,2013,15
ny,201316,,201740,233,1.6946538569704888,1.6946538569704888,1868,110229,249,2013,16
ny,201317,,201740,232,1.5968909089198167,1.5968909089198167,1697,106269,242,2013,17
ny,201318,,201740,231,1.5772115047998085,1.5772115047998085,1712,108546,241,2013,18
ny,201319,,201740,230,1.5314218236835309,1.5314218236835309,1660,108396,236,2013,19
ny,201320,,201740,229,1.4683160079358548,1.4683160079358548,1606,109377,241,2013,20
ny,201321,,201740,228,1.4028384806120775,1.4028384806120775,1454,103647,234,2013,21
ny,201322,,201740,227,1.4532935226372554,1.4532935226372554,1431,98466,240,2013,22
ny,201323,,201740,226,1.2715872412212699,1.2715872412212699,1304,102549,239,2013,23
ny,201324,,201740,225,1.341294995479339,1.341294995479339,1350,100649,239,2013,24
ny,201325,,201740,224,1.2521857392655915,1.2521857392655915,1289,102940,238,2013,25
ny,201326,,201740,223,1.1301386764052705,1.1301386764052705,1145,101315,228,2013,26
ny,201327,,201740,222,1.2148735077496917,1.2148735077496917,1153,94907,225,2013,27
ny,201328,,201740,221,1.1070469668080472,1.1070469668080472,1138,102796,232,2013,28
ny,201329,,201740,220,1.00729827166766,1.00729827166766,1031,102353,236,2013,29
ny,201330,,201740,219,0.9744389283223239,0.9744389283223239,950,97492,224,2013,30
ny,201331,,201740,218,0.9540228669339059,0.9540228669339059,902,94547,225,2013,31
ny,201332,,201740,217,0.8765382072554331,0.8765382072554331,822,93778,214,2013,32
ny,201333,,201740,216,0.7672469374597034,0.7672469374597034,714,93060,213,2013,33
ny,201334,,201740,215,0.840612791361222,0.840612791361222,766,91124,210,2013,34
ny,201335,,201740,214,0.8067593927571877,0.8067593927571877,761,94328,218,2013,35
ny,201336,,201740,213,0.804377507064763,0.804377507064763,760,94483,209,2013,36
ny,201337,,201740,212,0.862647171115766,0.862647171115766,836,96911,210,2013,37
ny,201338,,201740,211,1.2399342975041063,1.2399342975041063,1238,99844,191,2013,38
ny,201339,,201740,210,1.4448567127831946,1.4448567127831946,1507,104301,196,2013,39
ny,201340,,201740,209,1.3974538813752218,1.3974538813752218,1584,113349,198,2013,40
ny,201341,,201740,208,1.304770824051427,1.304770824051427,1435,109981,201,2013,41
ny,201342,,201740,207,1.3841515546955856,1.3841515546955856,1538,111115,212,2013,42
ny,201343,,201740,206,1.5680418144483854,1.5680418144483854,1764,112497,211,2013,43
ny,201344,,201740,205,1.6600259577596457,1.6600259577596457,1829,110179,215,2013,44
ny,201345,,201740,204,1.7453398868589445,1.7453398868589445,1882,107830,217,2013,45
ny,201346,,201740,203,1.783405122289308,1.783405122289308,1917,107491,214,2013,46
ny,201347,,201740,202,1.897956188309544,1.897956188309544,2069,109012,214,2013,47
ny,201348,,201740,201,2.2335047037993045,2.2335047037993045,2094,93754,230,2013,48
ny,201349,,201740,200,2.313725490196078,2.313725490196078,2714,117300,234,2013,49
ny,201350,,201740,199,2.405718650685125,2.405718650685125,2551,106039,230,2013,50
ny,201351,,201740,198,2.671130952380952,2.671130952380952,2872,107520,218,2013,51
ny,201352,,201740,197,3.4642501792038005,3.4642501792038005,3238,93469,220,2013,52
ny,201401,,201740,196,3.492723492723493,3.492723492723493,3108,88985,220,2014,1
ny,201402,,201740,195,2.8174069915137236,2.8174069915137236,3061,108646,223,2014,2
ny,201403,,201740,194,3.112233594753866,3.112233594753866,3512,112845,222,2014,3
ny,201404,,201740,193,3.067272888660953,3.067272888660953,3110,101393,226,2014,4
ny,201405,,201740,192,2.747629914101779,2.747629914101779,2962,107802,228,2014,5
ny,201406,,201740,191,2.745606372286565,2.745606372286565,2923,106461,232,2014,6
ny,201407,,201740,190,2.457689771614682,2.457689771614682,2460,100094,229,2014,7
ny,201408,,201740,189,2.2274680137859404,2.2274680137859404,2359,105905,232,2014,8
ny,201409,,201740,188,1.936041645589412,1.936041645589412,2105,108727,231,2014,9
ny,201410,,201740,187,2.3193136249183994,2.3193136249183994,2487,107230,221,2014,10
ny,201411,,201740,186,2.6925507579196593,2.6925507579196593,3025,112347,209,2014,11
ny,201412,,201740,185,3.3974551218885223,3.3974551218885223,3965,116705,221,2014,12
ny,201413,,201740,184,3.6036548685515473,3.6036548685515473,4433,123014,217,2014,13
ny,201414,,201740,183,3.5640392444770743,3.5640392444770743,4272,119864,212,2014,14
ny,201415,,201740,182,3.252147213808556,3.252147213808556,3919,120505,208,2014,15
ny,201416,,201740,181,2.502272706403063,2.502272706403063,2725,108901,209,2014,16
ny,201417,,201740,180,1.9301388266905508,1.9301388266905508,2155,111650,214,2014,17
ny,201418,,201740,179,1.6409108283732865,1.6409108283732865,1803,109878,212,2014,18
ny,201419,,201740,178,1.6232258064516127,1.6232258064516127,1887,116250,213,2014,19
ny,201420,,201740,177,1.5229677474185186,1.5229677474185186,1792,117665,204,2014,20
ny,201421,,201740,176,1.5123671183251415,1.5123671183251415,1720,113729,202,2014,21
ny,201422,,201740,175,1.484701040444641,1.484701040444641,1544,103994,195,2014,22
ny,201423,,201740,174,1.4461991283183337,1.4461991283183337,1533,106002,194,2014,23
ny,201424,,201740,173,1.3133384763015785,1.3133384763015785,1396,106294,186,2014,24
ny,201425,,201740,172,1.5450324976787373,1.5450324976787373,1664,107700,189,2014,25
ny,201426,,201740,171,1.4179306230131725,1.4179306230131725,1521,107269,188,2014,26
ny,201427,,201740,170,1.3652833663643826,1.3652833663643826,1364,99906,187,2014,27
ny,201428,,201740,169,1.1746632444685914,1.1746632444685914,1254,106754,189,2014,28
ny,201429,,201740,168,1.0820170864943985,1.0820170864943985,1131,104527,187,2014,29
ny,201430,,201740,167,1.0009151223976207,1.0009151223976207,1050,104904,187,2014,30
ny,201431,,201740,166,1.0656251506822896,1.0656251506822896,1105,103695,186,2014,31
ny,201432,,201740,165,1.0310764322641401,1.0310764322641401,1073,104066,184,2014,32
ny,201433,,201740,164,1.0138854019814216,1.0138854019814216,1050,103562,183,2014,33
ny,201434,,201740,163,0.9416648249752573,0.9416648249752573,980,104071,186,2014,34
ny,201435,,201740,162,0.870670540561205,0.870670540561205,911,104632,185,2014,35
ny,201436,,201740,161,0.8806085242905151,0.8806085242905151,925,105041,187,2014,36
ny,201437,,201740,160,1.0450685826257349,1.0450685826257349,1152,110232,188,2014,37
ny,201438,,201740,159,1.5149578657668943,1.5149578657668943,1778,117363,189,2014,38
ny,201439,,201740,158,1.5104736082564394,1.5104736082564394,1727,114335,187,2014,39
ny,201440,,201740,157,1.4209751308900522,1.4209751308900522,1737,122240,247,2014,40
ny,201441,,201740,156,1.4652975883114796,1.4652975883114796,1731,118133,235,2014,41
ny,201442,,201740,155,1.591467027850673,1.591467027850673,1880,118130,251,2014,42
ny,201443,,201740,154,1.5928351960022962,1.5928351960022962,1887,118468,252,2014,43
ny,201444,,201740,153,1.6618867797579497,1.6618867797579497,1976,118901,256,2014,44
ny,201445,,201740,152,1.7506897416603964,1.7506897416603964,2094,119610,256,2014,45
ny,201446,,201740,151,1.6711413558751342,1.6711413558751342,1886,112857,221,2014,46
ny,201447,,201740,150,1.800334654652505,1.800334654652505,2012,111757,257,2014,47
ny,201448,,201740,149,2.0649556938630758,2.0649556938630758,2067,100099,259,2014,48
ny,201449,,201740,148,2.1170569384225755,2.1170569384225755,2583,122009,259,2014,49
ny,201450,,201740,147,2.2874492181098356,2.2874492181098356,2652,115937,242,2014,50
ny,201451,,201740,146,2.5840380327317094,2.5840380327317094,3071,118845,242,2014,51
ny,201452,,201740,145,3.5599647009765416,3.5599647009765416,3671,103119,241,2014,52
ny,201453,,201740,144,3.5538719565091665,3.5538719565091665,3687,103746,213,2014,53
ny,201501,,201740,143,3.0772991471562823,3.0772991471562823,3399,110454,177,2015,1
ny,201502,,201740,142,3.418427874686937,3.418427874686937,3890,113795,178,2015,2
ny,201503,,201740,141,3.7318016567340093,3.7318016567340093,4496,120478,176,2015,3
ny,201504,,201740,140,3.529946757110105,3.529946757110105,3726,105554,168,2015,4
ny,201505,,201740,139,3.358501118568233,3.358501118568233,3603,107280,173,2015,5
ny,201506,,201740,138,2.981531552174511,2.981531552174511,3253,109105,168,2015,6
ny,201507,,201740,137,2.3335259353870796,2.3335259353870796,2302,98649,159,2015,7
ny,201508,,201740,136,1.9413100688561231,1.9413100688561231,2154,110956,177,2015,8
ny,201509,,201740,135,1.7205255011514213,1.7205255011514213,1823,105956,171,2015,9
ny,201510,,201740,134,1.7368943030920052,1.7368943030920052,1979,113939,174,2015,10
ny,201511,,201740,133,1.800241530064876,1.800241530064876,1923,106819,170,2015,11
ny,201512,,201740,132,1.9255525538048701,1.9255525538048701,2124,110306,172,2015,12
ny,201513,,201740,131,1.9218533627755532,1.9218533627755532,2054,106876,162,2015,13
ny,201514,,201740,130,1.7385191237103608,1.7385191237103608,1830,105262,167,2015,14
ny,201515,,201740,129,1.4563673421744947,1.4563673421744947,1622,111373,164,2015,15
ny,201516,,201740,128,1.4763408101466216,1.4763408101466216,1604,108647,158,2015,16
ny,201517,,201740,127,1.4825315529540881,1.4825315529540881,1621,109340,158,2015,17
ny,201518,,201740,126,1.6011434308028687,1.6011434308028687,1882,117541,158,2015,18
ny,201519,,201740,125,1.4803391100539334,1.4803391100539334,1699,114771,155,2015,19
ny,201520,,201740,124,1.588285354843484,1.588285354843484,1717,108104,151,2015,20
ny,201521,,201740,123,1.5588063657853872,1.5588063657853872,1576,101103,137,2015,21
ny,201522,,201740,122,1.4139943125350547,1.4139943125350547,1437,101627,145,2015,22
ny,201523,,201740,121,1.4291973933229538,1.4291973933229538,1533,107263,143,2015,23
ny,201524,,201740,120,1.1490768545797296,1.1490768545797296,1213,105563,140,2015,24
ny,201525,,201740,119,1.320730791365503,1.320730791365503,1354,102519,143,2015,25
ny,201526,,201740,118,1.2678588324344782,1.2678588324344782,1206,95121,140,2015,26
ny,201527,,201740,117,1.041464078727294,1.041464078727294,1071,102836,140,2015,27
ny,201528,,201740,116,1.0134438432304504,1.0134438432304504,1032,101831,140,2015,28
ny,201529,,201740,115,0.9792114978382328,0.9792114978382328,992,101306,141,2015,29
ny,201530,,201740,114,1.118908573391569,1.118908573391569,1140,101885,143,2015,30
ny,201531,,201740,113,1.1850123418697933,1.1850123418697933,1229,103712,142,2015,31
ny,201532,,201740,112,1.0680321872713971,1.0680321872713971,1095,102525,137,2015,32
ny,201533,,201740,111,0.9998742904663824,0.9998742904663824,1034,103413,136,2015,33
ny,201534,,201740,110,0.9687328473619845,0.9687328473619845,1006,103847,135,2015,34
ny,201535,,201740,109,0.9262425900592796,0.9262425900592796,975,105264,134,2015,35
ny,201536,,201740,108,0.9066804373516588,0.9066804373516588,913,100697,132,2015,36
ny,201537,,201740,107,1.1315970992337951,1.1315970992337951,1214,107282,134,2015,37
ny,201538,,201740,106,1.2508558000111023,1.2508558000111023,1352,108086,141,2015,38
ny,201539,,201740,105,1.1915382937806063,1.1915382937806063,1202,100878,101,2015,39
ny,201540,,201740,104,1.169451704020485,1.169451704020485,1329,113643,167,2015,40
ny,201541,,201740,103,1.2951903028589604,1.2951903028589604,1466,113188,166,2015,41
ny,201542,,201740,102,1.4113579027221566,1.4113579027221566,1600,113366,167,2015,42
ny,201543,,201740,101,1.3819027529882633,1.3819027529882633,1533,110934,174,2015,43
ny,201544,,201740,100,1.3497164136842197,1.3497164136842197,1573,116543,176,2015,44
ny,201545,,201740,99,1.4152608173925318,1.4152608173925318,1604,113336,175,2015,45
ny,201546,,201740,98,1.6235809176068132,1.6235809176068132,1832,112837,162,2015,46
ny,201547,,201740,97,1.7178025893571147,1.7178025893571147,1697,98789,163,2015,47
ny,201548,,201740,96,1.9610546269171119,1.9610546269171119,2276,116060,170,2015,48
ny,201549,,201740,95,2.161864435953045,2.161864435953045,2512,116196,165,2015,49
ny,201550,,201740,94,2.257332417415198,2.257332417415198,2596,115003,171,2015,50
ny,201551,,201740,93,2.6927460718065617,2.6927460718065617,2646,98264,172,2015,51
ny,201552,,201740,92,2.8683740559307997,2.8683740559307997,2875,100231,164,2015,52
ny,201601,,201740,91,2.294298824564712,2.294298824564712,2555,111363,165,2016,1
ny,201602,,201740,90,2.255357957136343,2.255357957136343,2473,109650,169,2016,2
ny,201603,,201740,89,2.2316931421929485,2.2316931421929485,2304,103240,173,2016,3
ny,201604,,201740,88,2.3578777344710136,2.3578777344710136,2686,113916,173,2016,4
ny,201605,,201740,87,2.5184508864034085,2.5184508864034085,2979,118287,177,2016,5
ny,201606,,201740,86,2.981853849926434,2.981853849926434,3344,112145,170,2016,6
ny,201607,,201740,85,3.133312294305938,3.133312294305938,3475,110905,168,2016,7
ny,201608,,201740,84,3.1551759065433185,3.1551759065433185,3738,118472,161,2016,8
ny,201609,,201740,83,3.4541967149952675,3.4541967149952675,4124,119391,170,2016,9
ny,201610,,201740,82,3.8424320619304897,3.8424320619304897,4765,124010,166,2016,10
ny,201611,,201740,81,3.322270591784837,3.322270591784837,3854,116005,165,2016,11
ny,201612,,201740,80,2.9636226011843805,2.9636226011843805,3328,112295,155,2016,12
ny,201613,,201740,79,2.5387417309686118,2.5387417309686118,2767,108991,131,2016,13
ny,201614,,201740,78,2.108674167553596,2.108674167553596,2219,105232,132,2016,14
ny,201615,,201740,77,2.1774320361857016,2.1774320361857016,2354,108109,129,2016,15
ny,201616,,201740,76,2.1452936295749976,2.1452936295749976,2327,108470,129,2016,16
ny,201617,,201740,75,1.8498335738902472,1.8498335738902472,1884,101847,116,2016,17
ny,201618,,201740,74,1.5051209159235173,1.5051209159235173,1546,102716,125,2016,18
ny,201619,,201740,73,1.4932788122557776,1.4932788122557776,1563,104669,125,2016,19
ny,201620,,201740,72,1.3857703167612678,1.3857703167612678,1438,103769,121,2016,20
ny,201621,,201740,71,1.3817947201462444,1.3817947201462444,1285,92995,75,2016,21
ny,201622,,201740,70,1.3056635536494448,1.3056635536494448,1303,99796,119,2016,22
ny,201623,,201740,69,1.2518890459708478,1.2518890459708478,1284,102565,117,2016,23
ny,201624,,201740,68,1.2379391953395231,1.2379391953395231,1224,98874,118,2016,24
ny,201625,,201740,67,1.1848570433706038,1.1848570433706038,1225,103388,117,2016,25
ny,201626,,201740,66,1.1228783980534114,1.1228783980534114,1126,100278,114,2016,26
ny,201627,,201740,65,0.9990281420793579,0.9990281420793579,956,95693,108,2016,27
ny,201628,,201740,64,0.9145241646923475,0.9145241646923475,938,102567,114,2016,28
ny,201629,,201740,63,1.1000688773000098,1.1000688773000098,1118,101630,110,2016,29
ny,201630,,201740,62,1.0559787615528633,1.0559787615528633,1066,100949,119,2016,30
ny,201631,,201740,61,1.0539380048242937,1.0539380048242937,1053,99911,109,2016,31
ny,201632,,201740,60,1.0102215328321997,1.0102215328321997,1016,100572,108,2016,32
ny,201633,,201740,59,0.9612365411690825,0.9612365411690825,949,98727,100,2016,33
ny,201634,,201740,58,1.0682274380428085,1.0682274380428085,1075,100634,100,2016,34
ny,201635,,201740,57,0.9725211860298252,0.9725211860298252,1003,103134,106,2016,35
ny,201636,,201740,56,0.8928836284892171,0.8928836284892171,903,101133,103,2016,36
ny,201637,,201740,55,0.9746588693957114,0.9746588693957114,1045,107217,102,2016,37
ny,201638,,201740,54,1.2663783408157854,1.2663783408157854,1385,109367,102,2016,38
ny,201639,,201740,53,1.4195813010889275,1.4195813010889275,1464,103129,106,2016,39
ny,201640,,201839,103,1.411163796109058,1.411163796109058,1619,114728,146,2016,40
ny,201641,,201839,102,1.4342839565847871,1.4342839565847871,1632,113785,140,2016,41
ny,201642,,201839,101,1.5446031532138527,1.5446031532138527,1834,118736,145,2016,42
ny,201643,,201839,100,1.5541588871065297,1.5541588871065297,1773,114081,150,2016,43
ny,201644,,201839,99,1.7727439550028594,1.7727439550028594,2077,117163,151,2016,44
ny,201645,,201839,98,1.9494433894879881,1.9494433894879881,2238,114802,148,2016,45
ny,201646,,201839,97,1.959726565463296,1.959726565463296,2325,118639,147,2016,46
ny,201647,,201839,96,2.3330716428125693,2.3330716428125693,2318,99354,153,2016,47
ny,201648,,201839,95,2.298957243613539,2.298957243613539,2725,118532,142,2016,48
ny,201649,,201839,94,2.5112512757022634,2.5112512757022634,3002,119542,154,2016,49
ny,201650,,201839,93,2.8051270910275905,2.8051270910275905,3228,115075,151,2016,50
ny,201651,,201839,92,3.6465912669032488,3.6465912669032488,4285,117507,155,2016,51
ny,201652,,201839,91,4.812443144319783,4.812443144319783,5396,112126,129,2016,52
ny,201701,,201839,90,3.7432925520497964,3.7432925520497964,4360,116475,138,2017,1
ny,201702,,201839,89,3.8891715460965997,3.8891715460965997,4510,115963,140,2017,2
ny,201703,,201839,88,4.387519869506237,4.387519869506237,5272,120159,147,2017,3
ny,201704,,201839,87,4.337796086508754,4.337796086508754,5265,121375,156,2017,4
ny,201705,,201839,86,4.43243513306465,4.43243513306465,5323,120092,158,2017,5
ny,201706,,201839,85,4.523315477379081,4.523315477379081,5210,115181,153,2017,6
ny,201707,,201839,84,3.634287308325996,3.634287308325996,4169,114713,143,2017,7
ny,201708,,201839,83,3.1009555165873386,3.1009555165873386,3466,111772,143,2017,8
ny,201709,,201839,82,2.2725459782849544,2.2725459782849544,2564,112825,151,2017,9
ny,201710,,201839,81,2.063104568565188,2.063104568565188,2248,108962,137,2017,10
ny,201711,,201839,80,2.2548484698179654,2.2548484698179654,2273,100805,145,2017,11
ny,201712,,201839,79,2.2742836851850288,2.2742836851850288,2690,118279,152,2017,12
ny,201713,,201839,78,2.7256624993551273,2.7256624993551273,3170,116302,151,2017,13
ny,201714,,201839,77,2.6825355053947826,2.6825355053947826,3160,117799,145,2017,14
ny,201715,,201839,76,2.2955991949083394,2.2955991949083394,2532,110298,138,2017,15
ny,201716,,201839,75,1.7856666933184082,1.7856666933184082,2010,112563,138,2017,16
ny,201717,,201839,74,1.6183844255745132,1.6183844255745132,1843,113879,140,2017,17
ny,201718,,201839,73,1.50181821249884,1.50181821249884,1780,118523,138,2017,18
ny,201719,,201839,72,1.672801423954931,1.672801423954931,1936,115734,138,2017,19
ny,201720,,201839,71,1.7212466656819387,1.7212466656819387,1981,115091,135,2017,20
ny,201721,,201839,70,1.4810300730358348,1.4810300730358348,1604,108303,118,2017,21
ny,201722,,201839,69,1.6104612476735103,1.6104612476735103,1670,103697,127,2017,22
ny,201723,,201839,68,1.7217039887065078,1.7217039887065078,1866,108381,125,2017,23
ny,201724,,201839,67,1.406103243153649,1.406103243153649,1527,108598,121,2017,24
ny,201725,,201839,66,1.2993744089619552,1.2993744089619552,1429,109976,124,2017,25
ny,201726,,201839,65,1.3213179491498461,1.3213179491498461,1412,106863,125,2017,26
ny,201727,,201839,64,1.338724994638973,1.338724994638973,1311,97929,122,2017,27
ny,201728,,201839,63,1.130533439090754,1.130533439090754,1126,99599,111,2017,28
ny,201729,,201839,62,1.0676541075708168,1.0676541075708168,1087,101812,112,2017,29
ny,201730,,201839,61,1.1225810334968551,1.1225810334968551,1119,99681,110,2017,30
ny,201731,,201839,60,1.0908943714707848,1.0908943714707848,1078,98818,110,2017,31
ny,201732,,201839,59,1.1288173960075722,1.1288173960075722,1127,99839,110,2017,32
ny,201733,,201839,58,1.0161250103898263,1.0161250103898263,978,96248,110,2017,33
ny,201734,,201839,57,1.0541880840533935,1.0541880840533935,1048,99413,110,2017,34
ny,201735,,201839,56,1.0715794981184472,1.0715794981184472,1065,99386,107,2017,35
ny,201736,,201839,55,1.0298410638987998,1.0298410638987998,1016,98656,108,2017,36
ny,201737,,201839,54,1.1582618670959266,1.1582618670959266,1252,108093,107,2017,37
ny,201738,,201839,53,1.3941922625589063,1.3941922625589063,1497,107374,112,2017,38
ny,201739,,201839,52,1.3534143358360191,1.3534143358360191,1516,112013,110,2017,39
ny,201740,,201939,103,1.3009669585952364,1.3009669585952364,1484,114069,130,2017,40
ny,201741,,201939,102,1.3898382319434952,1.3898382319434952,1586,114114,130,2017,41
ny,201742,,201939,101,1.5984758519936095,1.5984758519936095,1871,117049,130,2017,42
ny,201743,,201939,100,1.6875782069058813,1.6875782069058813,1996,118276,134,2017,43
ny,201744,,201939,99,1.7282698060069621,1.7282698060069621,1976,114334,131,2017,44
ny,201745,,201939,98,1.6931392495699478,1.6931392495699478,1939,114521,130,2017,45
ny,201746,,201939,97,2.199047448644872,2.199047448644872,2581,117369,134,2017,46
ny,201747,,201939,96,2.093730392393455,2.093730392393455,2169,103595,133,2017,47
ny,201748,,201939,95,1.7756421919711531,1.7756421919711531,2147,120914,134,2017,48
ny,201749,,201939,94,2.5091804479888213,2.5091804479888213,2945,117369,133,2017,49
ny,201750,,201939,93,2.6176209699317536,2.6176209699317536,2892,110482,128,2017,50
ny,201751,,201939,92,3.1155832496288856,3.1155832496288856,3505,112499,125,2017,51
ny,201752,,201939,91,3.6007243006837317,3.6007243006837317,3639,101063,119,2017,52
ny,201801,,201939,90,3.674884676112734,3.674884676112734,3561,96901,124,2018,1
ny,201802,,201939,89,4.019534184823441,4.019534184823441,4815,119790,127,2018,2
ny,201803,,201939,88,5.3623367527705685,5.3623367527705685,6508,121365,129,2018,3
ny,201804,,201939,87,6.704192663592249,6.704192663592249,8897,132708,130,2018,4
ny,201805,,201939,86,7.90245884371144,7.90245884371144,10503,132908,127,2018,5
ny,201806,,201939,85,8.717805644474465,8.717805644474465,11874,136204,128,2018,6
ny,201807,,201939,84,8.606817700614016,8.606817700614016,10569,122798,95,2018,7
ny,201808,,201939,83,6.064128725788646,6.064128725788646,7251,119572,129,2018,8
ny,201809,,201939,82,3.7161673528816204,3.7161673528816204,3854,103709,93,2018,9
ny,201810,,201939,81,2.892074433987681,2.892074433987681,3113,107639,125,2018,10
ny,201811,,201939,80,2.488546155590837,2.488546155590837,2743,110225,128,2018,11
ny,201812,,201939,79,2.4031036600115363,2.4031036600115363,2583,107486,125,2018,12
ny,201813,,201939,78,2.2839956252278526,2.2839956252278526,2506,109720,120,2018,13
ny,201814,,201939,77,1.9387980027409601,1.9387980027409601,2023,104343,122,2018,14
ny,201815,,201939,76,1.7715617715617717,1.7715617715617717,1976,111540,124,2018,15
ny,201816,,201939,75,1.6873505207058246,1.6873505207058246,1792,106202,119,2018,16
ny,201817,,201939,74,1.620043828129852,1.620043828129852,1826,112713,121,2018,17
ny,201818,,201939,73,1.6950619849020014,1.6950619849020014,1958,115512,118,2018,18
ny,201819,,201939,72,1.558164532175681,1.558164532175681,1870,120013,113,2018,19
ny,201820,,201939,71,1.5801313614064887,1.5801313614064887,1749,110687,108,2018,20
ny,201821,,201939,70,1.6235111807845468,1.6235111807845468,1802,110994,107,2018,21
ny,201822,,201939,69,1.5619872005251068,1.5619872005251068,1523,97504,72,2018,22
ny,201823,,201939,68,1.4600502442687233,1.4600502442687233,1575,107873,108,2018,23
ny,201824,,201939,67,1.3856314614331013,1.3856314614331013,1477,106594,108,2018,24
ny,201825,,201939,66,1.2195350581177353,1.2195350581177353,1301,106680,107,2018,25
ny,201826,,201939,65,1.1474869647806787,1.1474869647806787,1184,103182,105,2018,26
ny,201827,,201939,64,1.0159769752565366,1.0159769752565366,999,98329,101,2018,27
ny,201828,,201939,63,1.0410241324008085,1.0410241324008085,1097,105377,105,2018,28
ny,201829,,201939,62,0.9727720149864678,0.9727720149864678,1010,103827,103,2018,29
ny,201830,,201939,61,0.8179057694191401,0.8179057694191401,835,102090,103,2018,30
ny,201831,,201939,60,0.8909863324426673,0.8909863324426673,927,104042,102,2018,31
ny,201832,,201939,59,0.9376460600742105,0.9376460600742105,983,104837,102,2018,32
ny,201833,,201939,58,0.9382038977573205,0.9382038977573205,958,102110,96,2018,33
ny,201834,,201939,57,0.9215071584033865,0.9215071584033865,923,100162,94,2018,34
ny,201835,,201939,56,0.9344076764589238,0.9344076764589238,966,103381,97,2018,35
ny,201836,,201939,55,1.02582965505967,1.02582965505967,1004,97872,80,2018,36
ny,201837,,201939,54,1.1882333004376129,1.1882333004376129,1192,100317,82,2018,37
ny,201838,,201939,53,1.5649140766438232,1.5649140766438232,1651,105501,79,2018,38
ny,201839,,201939,52,1.615076442160861,1.615076442160861,1798,111326,100,2018,39
ny,201840,,202039,103,1.5603918578048925,1.5603918578048925,2660,170470,209,2018,40
ny,201841,,202039,102,1.5620044859338873,1.5620044859338873,2709,173431,210,2018,41
ny,201842,,202039,101,1.7648163972776254,1.7648163972776254,2912,165003,208,2018,42
ny,201843,,202039,100,1.9338533541341654,1.9338533541341654,3099,160250,211,2018,43
ny,201844,,202039,99,1.8204048362994159,1.8204048362994159,2948,161942,208,2018,44
ny,201845,,202039,98,1.8136518521232552,1.8136518521232552,2970,163758,213,2018,45
ny,201846,,202039,97,1.9504125747015206,1.9504125747015206,2983,152942,215,2018,46
ny,201847,,202039,96,2.207276400824788,2.207276400824788,3190,144522,213,2018,47
ny,201848,,202039,95,2.0583366561544687,2.0583366561544687,3407,165522,214,2018,48
ny,201849,,202039,94,2.2959908135672746,2.2959908135672746,3719,161978,210,2018,49
ny,201850,,202039,93,2.703506196696334,2.703506196696334,4365,161457,206,2018,50
ny,201851,,202039,92,3.201247535673308,3.201247535673308,5050,157751,205,2018,51
ny,201852,,202039,91,3.8645854502782893,3.8645854502782893,5895,152539,200,2018,52
ny,201901,,202039,90,3.5247524752475243,3.5247524752475243,5607,159075,204,2019,1
ny,201902,,202039,89,3.1991992499303143,3.1991992499303143,5050,157852,204,2019,2
ny,201903,,202039,88,3.678747724244073,3.678747724244073,5880,159837,207,2019,3
ny,201904,,202039,87,3.896699266503668,3.896699266503668,6120,157056,209,2019,4
ny,201905,,202039,86,3.850593718995888,3.850593718995888,6171,160261,209,2019,5
ny,201906,,202039,85,4.040398177438546,4.040398177438546,6961,172285,211,2019,6
ny,201907,,202039,84,4.304819277108433,4.304819277108433,7146,166000,208,2019,7
ny,201908,,202039,83,3.9212140781401352,3.9212140781401352,6072,154850,212,2019,8
ny,201909,,202039,82,3.031241115709006,3.031241115709006,4798,158285,211,2019,9
ny,201910,,202039,81,3.009090739392582,3.009090739392582,4836,160713,208,2019,10
ny,201911,,202039,80,2.973617395750956,2.973617395750956,5001,168179,216,2019,11
ny,201912,,202039,79,2.59240064373585,2.59240064373585,4752,183305,206,2019,12
ny,201913,,202039,78,2.5930830959767297,2.5930830959767297,4288,165363,207,2019,13
ny,201914,,202039,77,2.5871696240228315,2.5871696240228315,4170,161180,207,2019,14
ny,201915,,202039,76,2.2510460251046025,2.2510460251046025,3497,155350,172,2019,15
ny,201916,,202039,75,1.9828578738646538,1.9828578738646538,2945,148523,174,2019,16
ny,201917,,202039,74,1.5798448232176239,1.5798448232176239,2307,146027,171,2019,17
ny,201918,,202039,73,1.484615594255035,1.484615594255035,2179,146772,171,2019,18
ny,201919,,202039,72,1.3149004027135869,1.3149004027135869,1946,147996,167,2019,19
ny,201920,,202039,71,1.3464183487602692,1.3464183487602692,1811,134505,167,2019,20
ny,201921,,202039,70,1.4190362126737628,1.4190362126737628,2109,148622,165,2019,21
ny,201922,,202039,69,1.4013360457444468,1.4013360457444468,2039,145504,164,2019,22
ny,201923,,202039,68,1.3774778194545418,1.3774778194545418,2141,155429,199,2019,23
ny,201924,,202039,67,1.310604212931466,1.310604212931466,2042,155806,198,2019,24
ny,201925,,202039,66,1.137484249164521,1.137484249164521,1661,146024,158,2019,25
ny,201926,,202039,65,1.1327367586404493,1.1327367586404493,1700,150079,161,2019,26
ny,201927,,202039,64,1.0136179154906364,1.0136179154906364,1476,145617,159,2019,27
ny,201928,,202039,63,0.8767982636085707,0.8767982636085707,1325,151118,158,2019,28
ny,201929,,202039,62,0.8315585278836631,0.8315585278836631,1226,147434,161,2019,29
ny,201930,,202039,61,0.8073208213672303,0.8073208213672303,1161,143809,156,2019,30
ny,201931,,202039,60,0.8791619902731014,0.8791619902731014,1269,144342,155,2019,31
ny,201932,,202039,59,0.8846420924715005,0.8846420924715005,1223,138248,153,2019,32
ny,201933,,202039,58,0.8979531752882216,0.8979531752882216,1342,149451,190,2019,33
ny,201934,,202039,57,0.7778478111391245,0.7778478111391245,1086,139616,151,2019,34
ny,201935,,202039,56,0.8677112257040857,0.8677112257040857,1225,141176,181,2019,35
ny,201936,,202039,55,0.8872764824175227,0.8872764824175227,1306,147192,191,2019,36
ny,201937,,202039,54,1.1132536315721815,1.1132536315721815,1732,155580,191,2019,37
ny,201938,,202039,53,1.449770732430881,1.449770732430881,2248,155059,192,2019,38
ny,201939,,202039,52,1.4398780042093589,1.4398780042093589,2285,158694,193,2019,39
ny,201940,,202139,104,1.3016129643430043,1.3016129643430043,2061,158342,211,2019,40
ny,201941,,202139,103,1.3124547429398985,1.3124547429398985,2030,154672,211,2019,41
ny,201942,,202139,102,1.424494015304696,1.424494015304696,2191,153809,211,2019,42
ny,201943,,202139,101,1.5222975137063297,1.5222975137063297,2424,159233,212,2019,43
ny,201944,,202139,100,1.718371879553493,1.718371879553493,2677,155787,211,2019,44
ny,201945,,202139,99,1.9489898762943512,1.9489898762943512,3036,155773,213,2019,45
ny,201946,,202139,98,2.01204221305052,2.01204221305052,3081,153128,207,2019,46
ny,201947,,202139,97,2.142486609458691,2.142486609458691,3428,160001,209,2019,47
ny,201948,,202139,96,2.715749673872856,2.715749673872856,3893,143349,211,2019,48
ny,201949,,202139,95,2.9016109363968936,2.9016109363968936,4521,155810,211,2019,49
ny,201950,,202139,94,3.4606833425197094,3.4606833425197094,5588,161471,208,2019,50
ny,201951,,202139,93,4.451139358336531,4.451139358336531,7077,158993,211,2019,51
ny,201952,,202139,92,6.388183947339235,6.388183947339235,9792,153283,204,2019,52
ny,202001,,202139,91,6.387826923563815,6.387826923563815,10092,157988,204,2020,1
ny,202002,,202139,90,5.50794955067757,5.50794955067757,8446,153342,203,2020,2
ny,202003,,202139,89,6.241087734220599,6.241087734220599,9979,159892,207,2020,3
ny,202004,,202139,88,7.169524584475104,7.169524584475104,11983,167138,204,2020,4
ny,202005,,202139,87,7.540423620632594,7.540423620632594,12759,169208,205,2020,5
ny,202006,,202139,86,7.275897086706153,7.275897086706153,12395,170357,212,2020,6
ny,202007,,202139,85,6.096312123089372,6.096312123089372,9644,158194,199,2020,7
ny,202008,,202139,84,4.764337189717536,4.764337189717536,6902,144868,202,2020,8
ny,202009,,202139,83,3.806061275033976,3.806061275033976,5517,144953,198,2020,9
ny,202010,,202139,82,4.476034161404289,4.476034161404289,6436,143788,201,2020,10
ny,202011,,202139,81,6.847736409947486,6.847736409947486,10458,152722,198,2020,11
ny,202012,,202139,80,10.651719152579336,10.651719152579336,13188,123811,191,2020,12
ny,202013,,202139,79,12.011448411767466,12.011448411767466,12800,106565,180,2020,13
ny,202014,,202139,78,9.865159215848978,9.865159215848978,9511,96410,193,2020,14
ny,202015,,202139,77,6.556998907369188,6.556998907369188,5401,82370,197,2020,15
ny,202016,,202139,76,4.273976293103448,4.273976293103448,3173,74240,200,2020,16
ny,202017,,202139,75,2.5952587140073606,2.5952587140073606,1918,73904,199,2020,17
ny,202018,,202139,74,1.6850981113241748,1.6850981113241748,1283,76138,196,2020,18
ny,202019,,202139,73,1.0914033661598326,1.0914033661598326,819,75041,195,2020,19
ny,202020,,202139,72,0.9645509909529341,0.9645509909529341,822,85221,201,2020,20
ny,202021,,202139,71,0.8317563701975972,0.8317563701975972,756,90892,202,2020,21
ny,202022,,202139,70,0.6322894860511813,0.6322894860511813,592,93628,197,2020,22
ny,202023,,202139,69,0.5619947203431777,0.5619947203431777,545,96976,194,2020,23
ny,202024,,202139,68,0.5048483915653378,0.5048483915653378,492,97455,199,2020,24
ny,202025,,202139,67,0.4991087344028521,0.4991087344028521,518,103785,193,2020,25
ny,202026,,202139,66,0.4740803808123222,0.4740803808123222,490,103358,162,2020,26
ny,202027,,202139,65,0.48497845633226433,0.48497845633226433,493,101654,159,2020,27
ny,202028,,202139,64,0.5166898275524384,0.5166898275524384,554,107221,155,2020,28
ny,202029,,202139,63,0.5966135080874275,0.5966135080874275,630,105596,152,2020,29
ny,202030,,202139,62,0.5951196398957593,0.5951196398957593,628,105525,153,2020,30
ny,202031,,202139,61,0.7222997201516487,0.7222997201516487,844,116849,192,2020,31
ny,202032,,202139,60,0.6588743299583085,0.6588743299583085,708,107456,153,2020,32
ny,202033,,202139,59,0.7358842862091398,0.7358842862091398,871,118361,192,2020,33
ny,202034,,202139,58,0.8297847272482454,0.8297847272482454,986,118826,187,2020,34
ny,202035,,202139,57,0.8321626311875052,0.8321626311875052,1007,121010,190,2020,35
ny,202036,,202139,56,0.7301784693980439,0.7301784693980439,869,119012,188,2020,36
ny,202037,,202139,55,0.7703773028995303,0.7703773028995303,889,115398,189,2020,37
ny,202038,,202139,54,0.8147439200961986,0.8147439200961986,996,122247,190,2020,38
ny,202039,,202139,53,0.8538542144213765,0.8538542144213765,1043,122152,188,2020,39
ny,202040,,202239,104,0.912510559620013,0.912510559620013,1145,125478,198,2020,40
ny,202041,,202239,103,0.9493220258532031,0.9493220258532031,1200,126406,197,2020,41
ny,202042,,202239,102,0.8198617081515628,0.8198617081515628,1028,125387,199,2020,42
ny,202043,,202239,101,0.8883501594048885,0.8883501594048885,1070,120448,197,2020,43
ny,202044,,202239,100,0.8573946048529213,0.8573946048529213,1012,118032,197,2020,44
ny,202045,,202239,99,0.9383421539660378,0.9383421539660378,1156,123196,196,2020,45
ny,202046,,202239,98,1.0229601178001293,1.0229601178001293,1313,128353,196,2020,46
ny,202047,,202239,97,1.0482386373791353,1.0482386373791353,1173,111902,159,2020,47
ny,202048,,202239,96,1.087141158484797,1.087141158484797,1152,105966,159,2020,48
ny,202049,,202239,95,1.121953475465939,1.121953475465939,1213,108115,161,2020,49
ny,202050,,202239,94,1.327004682470003,1.327004682470003,1451,109344,159,2020,50
ny,202051,,202239,93,1.218375499334221,1.218375499334221,1281,105140,159,2020,51
ny,202052,,202239,92,1.2831267874165873,1.2831267874165873,1346,104900,156,2020,52
ny,202053,,202239,91,1.3722472610017955,1.3722472610017955,1498,109164,147,2020,53
ny,202101,,202239,90,1.4008482200231331,1.4008482200231331,1635,116715,156,2021,1
ny,202102,,202239,89,1.2262790375542862,1.2262790375542862,1505,122729,159,2021,2
ny,202103,,202239,88,1.3133004480246186,1.3133004480246186,1451,110485,158,2021,3
ny,202104,,202239,87,1.1335628851032982,1.1335628851032982,1251,110360,160,2021,4
ny,202105,,202239,86,1.0788263734180217,1.0788263734180217,1138,105485,158,2021,5
ny,202106,,202239,85,1.0829739924200823,1.0829739924200823,1203,111083,159,2021,6
ny,202107,,202239,84,0.9432742054693274,0.9432742054693274,1021,108240,157,2021,7
ny,202108,,202239,83,0.9029956118471673,0.9029956118471673,1068,118273,158,2021,8
ny,202109,,202239,82,0.9112543810306781,0.9112543810306781,1053,115555,158,2021,9
ny,202110,,202239,81,1.0402555483083304,1.0402555483083304,1244,119586,158,2021,10
ny,202111,,202239,80,1.16664712483878,1.16664712483878,1393,119402,158,2021,11
ny,202112,,202239,79,1.070200957248844,1.070200957248844,1317,123061,156,2021,12
ny,202113,,202239,78,1.1038150447169068,1.1038150447169068,1291,116958,153,2021,13
ny,202114,,202239,77,1.175801251659397,1.175801251659397,1426,121279,153,2021,14
ny,202115,,202239,76,1.061087116910247,1.061087116910247,1280,120631,156,2021,15
ny,202116,,202239,75,1.1260975217387623,1.1260975217387623,1330,118107,151,2021,16
ny,202117,,202239,74,1.0429774260837255,1.0429774260837255,1235,118411,153,2021,17
ny,202118,,202239,73,1.055662977743037,1.055662977743037,1283,121535,150,2021,18
ny,202119,,202239,72,1.1085820266396897,1.1085820266396897,1315,118620,150,2021,19
ny,202120,,202239,71,1.1361540743591594,1.1361540743591594,1417,124719,148,2021,20
ny,202121,,202239,70,1.0140226721708931,1.0140226721708931,1238,122088,150,2021,21
ny,202122,,202239,69,1.0895751664162379,1.0895751664162379,1298,119129,147,2021,22
ny,202123,,202239,68,1.086527217390631,1.086527217390631,1403,129127,149,2021,23
ny,202124,,202239,67,1.2437810945273633,1.2437810945273633,1570,126228,150,2021,24
ny,202125,,202239,66,1.2397257527765526,1.2397257527765526,1546,124705,149,2021,25
ny,202126,,202239,65,1.2229480305619942,1.2229480305619942,1567,128133,148,2021,26
ny,202127,,202239,64,1.2635336483649544,1.2635336483649544,1607,127183,146,2021,27
ny,202128,,202239,63,1.2744277774457657,1.2744277774457657,1706,133864,148,2021,28
ny,202129,,202239,62,1.5143912785658897,1.5143912785658897,1992,131538,146,2021,29
ny,202130,,202239,61,1.582965290109123,1.582965290109123,2086,131778,145,2021,30
ny,202131,,202239,60,1.6238576962130042,1.6238576962130042,2159,132955,148,2021,31
ny,202132,,202239,59,1.6130708474374964,1.6130708474374964,2173,134712,147,2021,32
ny,202133,,202239,58,1.6501005975796523,1.6501005975796523,2198,133204,143,2021,33
ny,202134,,202239,57,1.59688310122385,1.59688310122385,2119,132696,143,2021,34
ny,202135,,202239,56,1.4655086962157546,1.4655086962157546,1922,131149,145,2021,35
ny,202136,,202239,55,1.6071967732195807,1.6071967732195807,2076,129169,147,2021,36
ny,202137,,202239,54,1.7698007040905006,1.7698007040905006,2403,135778,146,2021,37
ny,202138,,202239,53,2.080620338581745,2.080620338581745,2812,135152,146,2021,38
ny,202139,,202239,52,2.3695570570570568,2.3695570570570568,3030,127872,146,2021,39
ny,202140,,202339,103,2.24809257017371,2.24809257017371,3194,142076,152,2021,40
ny,202141,,202339,102,2.1743285161935284,2.1743285161935284,2958,136042,152,2021,41
ny,202142,,202339,101,2.0282916862411726,2.0282916862411726,2720,134103,153,2021,42
ny,202143,,202339,100,1.999004448377488,1.999004448377488,2530,126563,152,2021,43
ny,202144,,202339,99,2.1442306848016015,2.1442306848016015,2442,113887,153,2021,44
ny,202145,,202339,98,2.2359725427984993,2.2359725427984993,2974,133007,154,2021,45
ny,202146,,202339,97,2.2170370370370374,2.2170370370370374,2993,135000,155,2021,46
ny,202147,,202339,96,2.302720725307755,2.302720725307755,2804,121769,156,2021,47
ny,202148,,202339,95,2.6416638761766564,2.6416638761766564,3550,134385,156,2021,48
ny,202149,,202339,94,2.769449378330373,2.769449378330373,3898,140750,156,2021,49
ny,202150,,202339,93,3.209538147865596,3.209538147865596,4754,148121,151,2021,50
ny,202151,,202339,92,4.4834428024083195,4.4834428024083195,6553,146160,150,2021,51
ny,202152,,202339,91,5.424460523542822,5.424460523542822,8494,156587,148,2021,52
ny,202201,,202339,90,3.7039408166168726,3.7039408166168726,5207,140580,150,2022,1
ny,202202,,202339,89,2.3799750286486394,2.3799750286486394,2783,116934,150,2022,2
ny,202203,,202339,88,1.6236850281858937,1.6236850281858937,1829,112645,150,2022,3
ny,202204,,202339,87,1.3092525494004705,1.3092525494004705,1402,107084,153,2022,4
ny,202205,,202339,86,1.0185971139748438,1.0185971139748438,1056,103672,147,2022,5
ny,202206,,202339,85,1.043201205933742,1.043201205933742,1218,116756,154,2022,6
ny,202207,,202339,84,1.1064232822455657,1.1064232822455657,1285,116140,151,2022,7
ny,202208,,202339,83,1.189828527675351,1.189828527675351,1181,99258,148,2022,8
ny,202209,,202339,82,1.119937383426592,1.119937383426592,1345,120096,153,2022,9
ny,202210,,202339,81,1.3397480327802014,1.3397480327802014,1643,122635,152,2022,10
ny,202211,,202339,80,1.600904412171617,1.600904412171617,2025,126491,148,2022,11
ny,202212,,202339,79,1.8208251473477408,1.8208251473477408,2317,127250,149,2022,12
ny,202213,,202339,78,2.209019372373037,2.209019372373037,2796,126572,153,2022,13
ny,202214,,202339,77,2.7608003532337153,2.7608003532337153,3564,129093,151,2022,14
ny,202215,,202339,76,2.653091615916982,2.653091615916982,3385,127587,147,2022,15
ny,202216,,202339,75,2.4588230509577453,2.4588230509577453,3023,122945,144,2022,16
ny,202217,,202339,74,2.476480670348505,2.476480670348505,3251,131275,147,2022,17
ny,202218,,202339,73,2.8269637315021665,2.8269637315021665,3771,133394,150,2022,18
ny,202219,,202339,72,2.9989947503630066,2.9989947503630066,4296,143248,150,2022,19
ny,202220,,202339,71,2.8607782843812957,2.8607782843812957,4047,141465,149,2022,20
ny,202221,,202339,70,2.82069368282934,2.82069368282934,3719,131847,147,2022,21
ny,202222,,202339,69,2.5018897013149326,2.5018897013149326,3343,133619,148,2022,22
ny,202223,,202339,68,2.4361022364217253,2.4361022364217253,3355,137720,142,2022,23
ny,202224,,202339,67,2.3487522253802666,2.3487522253802666,3008,128068,139,2022,24
ny,202225,,202339,66,2.2532036690126658,2.2532036690126658,3019,133987,143,2022,25
ny,202226,,202339,65,2.238823123778876,2.238823123778876,2922,130515,118,2022,26
ny,202227,,202339,64,2.0937949666696034,2.0937949666696034,2852,136212,142,2022,27
ny,202228,,202339,63,1.8518382054928777,1.8518382054928777,2513,135703,142,2022,28
ny,202229,,202339,62,1.7373300927176163,1.7373300927176163,2316,133308,140,2022,29
ny,202230,,202339,61,1.8223112277390299,1.8223112277390299,2375,130329,141,2022,30
ny,202231,,202339,60,1.7330249094438703,1.7330249094438703,2330,134447,142,2022,31
ny,202232,,202339,59,1.688035169952361,1.688035169952361,2204,130566,142,2022,32
ny,202233,,202339,58,1.5882371432163964,1.5882371432163964,2021,127248,141,2022,33
ny,202234,,202339,57,1.5586474877808658,1.5586474877808658,1789,114779,141,2022,34
ny,202235,,202339,56,1.3393177451629106,1.3393177451629106,1680,125437,139,2022,35
ny,202236,,202339,55,1.4224807117920104,1.4224807117920104,1805,126891,141,2022,36
ny,202237,,202339,54,1.9729674018669572,1.9729674018669572,2680,135836,141,2022,37
ny,202238,,202339,53,2.429234255296191,2.429234255296191,3377,139015,143,2022,38
ny,202239,,202339,52,2.1577732304947794,2.1577732304947794,3290,152472,143,2022,39
ny,202240,,202439,103,3.665110520750045,3.665110520750045,5684,155084,227,2022,40
ny,202241,,202439,102,4.121569722784722,4.121569722784722,4722,114568,226,2022,41
ny,202242,,202439,101,4.460255527503635,4.460255527503635,6996,156852,231,2022,42
ny,202243,,202439,100,5.008554429151451,5.008554429151451,9807,195805,230,2022,43
ny,202244,,202439,99,6.591632548747716,6.591632548747716,13025,197599,231,2022,44
ny,202245,,202439,98,7.1030486268581505,7.1030486268581505,14096,198450,231,2022,45
ny,202246,,202439,97,7.356167949719216,7.356167949719216,13846,188223,230,2022,46
ny,202247,,202439,96,9.706183554652801,9.706183554652801,17155,176743,230,2022,47
ny,202248,,202439,95,10.91900083101139,10.91900083101139,22337,204570,230,2022,48
ny,202249,,202439,94,11.205540154345103,11.205540154345103,20938,186854,228,2022,49
ny,202250,,202439,93,9.955587605736982,9.955587605736982,17395,174726,229,2022,50
ny,202251,,202439,92,9.467051233044907,9.467051233044907,16346,172662,225,2022,51
ny,202252,,202439,91,7.808596078242494,7.808596078242494,12970,166099,224,2022,52
ny,202301,,202439,90,5.805092794332897,5.805092794332897,10391,178998,228,2023,1
ny,202302,,202439,89,4.584654826886852,4.584654826886852,7618,166163,229,2023,2
ny,202303,,202439,88,4.2263113258461615,4.2263113258461615,6578,155644,229,2023,3
ny,202304,,202439,87,3.9392878137859437,3.9392878137859437,6299,159902,228,2023,4
ny,202305,,202439,86,4.0336458119785545,4.0336458119785545,6493,160971,227,2023,5
ny,202306,,202439,85,4.04917453606951,4.04917453606951,6762,166997,228,2023,6
ny,202307,,202439,84,3.8376109823924898,3.8376109823924898,6410,167031,226,2023,7
ny,202308,,202439,83,3.5776945174578896,3.5776945174578896,5567,155603,223,2023,8
ny,202309,,202439,82,3.422592316969899,3.422592316969899,5335,155876,227,2023,9
ny,202310,,202439,81,3.364758613782051,3.364758613782051,5375,159744,226,2023,10
ny,202311,,202439,80,3.6118765325985285,3.6118765325985285,5715,158228,226,2023,11
ny,202312,,202439,79,3.881191993054452,3.881191993054452,6348,163558,223,2023,12
ny,202313,,202439,78,3.886179254394437,3.886179254394437,6438,165664,225,2023,13
ny,202314,,202439,77,3.549824692087384,3.549824692087384,5528,155726,226,2023,14
ny,202315,,202439,76,3.072434253040124,3.072434253040124,4707,153201,224,2023,15
ny,202316,,202439,75,2.7273973500855293,2.7273973500855293,4576,167779,224,2023,16
ny,202317,,202439,74,2.922445266116898,2.922445266116898,5011,171466,227,2023,17
ny,202318,,202439,73,3.0264560698593077,3.0264560698593077,4911,162269,202,2023,18
ny,202319,,202439,72,3.131963903536836,3.131963903536836,5678,181292,225,2023,19
ny,202320,,202439,71,3.2938338680592962,3.2938338680592962,5626,170804,224,2023,20
ny,202321,,202439,70,3.2171597810153467,3.2171597810153467,5377,167135,221,2023,21
ny,202322,,202439,69,3.105556392109622,3.105556392109622,5156,166025,221,2023,22
ny,202323,,202439,68,2.726342461748368,2.726342461748368,4476,164176,222,2023,23
ny,202324,,202439,67,2.6321343504085384,2.6321343504085384,4365,165835,219,2023,24
ny,202325,,202439,66,2.388127769457849,2.388127769457849,3875,162261,221,2023,25
ny,202326,,202439,65,2.2599996262404147,2.2599996262404147,3628,160531,221,2023,26
ny,202327,,202439,64,2.139738270436834,2.139738270436834,3347,156421,217,2023,27
ny,202328,,202439,63,1.9545678591640148,1.9545678591640148,3212,164333,220,2023,28
ny,202329,,202439,62,2.014866979655712,2.014866979655712,3296,163584,220,2023,29
ny,202330,,202439,61,2.0701356765560077,2.0701356765560077,3343,161487,216,2023,30
ny,202331,,202439,60,2.135025255636319,2.135025255636319,3466,162340,219,2023,31
ny,202332,,202439,59,2.179116896898949,2.179116896898949,3614,165847,219,2023,32
ny,202333,,202439,58,2.2681871899314325,2.2681871899314325,3781,166697,219,2023,33
ny,202334,,202439,57,2.2361452880785966,2.2361452880785966,3644,162959,214,2023,34
ny,202335,,202439,56,2.343711843711844,2.343711843711844,3839,163800,215,2023,35
ny,202336,,202439,55,2.3605875950783686,2.3605875950783686,3839,162629,220,2023,36
ny,202337,,202439,54,2.6810957783418954,2.6810957783418954,4457,166238,220,2023,37
ny,202338,,202439,53,3.554953633610901,3.554953633610901,6011,169088,219,2023,38
ny,202339,,202439,52,3.6885000299634445,3.6885000299634445,6155,166870,221,2023,39
ny,202340,,202538,102,3.5556892120947015,3.5556892120947015,6503,182890,226,2023,40
ny,202341,,202538,101,3.5022481605958764,3.5022481605958764,6169,176144,230,2023,41
ny,202342,,202538,100,3.750599958859964,3.750599958859964,6564,175012,227,2023,42
ny,202343,,202538,99,3.828588525524864,3.828588525524864,6782,177141,228,2023,43
ny,202344,,202538,98,3.924413523057022,3.924413523057022,6735,171618,227,2023,44
ny,202345,,202538,97,4.269929983687152,4.269929983687152,7617,178387,228,2023,45
ny,202346,,202538,96,4.725826309309594,4.725826309309594,8483,179503,228,2023,46
ny,202347,,202538,95,4.821004716664531,4.821004716664531,7901,163887,228,2023,47
ny,202348,,202538,94,5.528496081072974,5.528496081072974,10136,183341,229,2023,48
ny,202349,,202538,93,6.108621158855251,6.108621158855251,10999,180057,202,2023,49
ny,202350,,202538,92,7.269431578713253,7.269431578713253,13074,179849,201,2023,50
ny,202351,,202538,91,8.335082003423713,8.335082003423713,15094,181090,205,2023,51
ny,202352,,202538,90,9.140031138382636,9.140031138382636,15968,174704,199,2023,52
ny,202401,,202538,89,7.720371174904477,7.720371174904477,13861,179538,202,2024,1
ny,202402,,202538,88,7.322633851419436,7.322633851419436,13008,177641,204,2024,2
ny,202403,,202538,87,6.789827703144153,6.789827703144153,10912,160711,202,2024,3
ny,202404,,202538,86,6.164726397881582,6.164726397881582,11454,185799,204,2024,4
ny,202405,,202538,85,6.696381458466543,6.696381458466543,10787,161087,204,2024,5
ny,202406,,202538,84,6.400560465370016,6.400560465370016,11146,174141,204,2024,6
ny,202407,,202538,83,6.211015507507211,6.211015507507211,10077,162244,202,2024,7
ny,202408,,202538,82,5.69439800601842,5.69439800601842,9367,164495,200,2024,8
ny,202409,,202538,81,5.340125363964679,5.340125363964679,9005,168629,206,2024,9
ny,202410,,202538,80,4.816704946837539,4.816704946837539,8032,166753,204,2024,10
ny,202411,,202538,79,4.567172485657278,4.567172485657278,7714,168901,204,2024,11
ny,202412,,202538,78,4.626975131675445,4.626975131675445,7634,164989,199,2024,12
ny,202413,,202538,77,4.626394342182678,4.626394342182678,7706,166566,204,2024,13
ny,202414,,202538,76,4.366774381260137,4.366774381260137,7054,161538,201,2024,14
ny,202415,,202538,75,3.840001909854851,3.840001909854851,6434,167552,203,2024,15
ny,202416,,202538,74,3.5929698657947853,3.5929698657947853,6088,169442,199,2024,16
ny,202417,,202538,73,3.161067727518295,3.161067727518295,5149,162888,195,2024,17
ny,202418,,202538,72,2.880584929027341,2.880584929027341,4838,167952,196,2024,18
ny,202419,,202538,71,2.7343563837392173,2.7343563837392173,4590,167864,201,2024,19
ny,202420,,202538,70,2.858599511512651,2.858599511512651,4822,168684,195,2024,20
ny,202421,,202538,69,2.8436379823348874,2.8436379823348874,4855,170732,197,2024,21
ny,202422,,202538,68,2.6488708841224486,2.6488708841224486,4394,165882,195,2024,22
ny,202423,,202538,67,2.503456241883068,2.503456241883068,4183,167089,195,2024,23
ny,202424,,202538,66,2.3672957964076957,2.3672957964076957,3892,164407,195,2024,24
ny,202425,,202538,65,2.2748042581569394,2.2748042581569394,3684,161948,195,2024,25
ny,202426,,202538,64,2.27474686792075,2.27474686792075,3635,159798,195,2024,26
ny,202427,,202538,63,2.1081202155552923,2.1081202155552923,3200,151794,191,2024,27
ny,202428,,202538,62,2.316953998721181,2.316953998721181,3841,165778,217,2024,28
ny,202429,,202538,61,2.1155080936771316,2.1155080936771316,3130,147955,217,2024,29
ny,202430,,202538,60,2.4328365237456144,2.4328365237456144,4133,169884,218,2024,30
ny,202431,,202538,59,2.3309840929745476,2.3309840929745476,3873,166153,217,2024,31
ny,202432,,202538,58,2.209148976255447,2.209148976255447,3635,164543,217,2024,32
ny,202433,,202538,57,2.3721602791620358,2.3721602791620358,3970,167358,217,2024,33
ny,202434,,202538,56,2.3754926993728156,2.3754926993728156,3833,161356,216,2024,34
ny,202435,,202538,55,2.405333882385713,2.405333882385713,3972,165133,214,2024,35
ny,202436,,202538,54,2.415826279901771,2.415826279901771,3876,160442,216,2024,36
ny,202437,,202538,53,3.0580331974339345,3.0580331974339345,5153,168507,217,2024,37
ny,202438,,202538,52,3.6260904486736125,3.6260904486736125,6501,179284,214,2024,38
ny,202439,,202538,51,3.5952087578787735,3.5952087578787735,6069,168808,215,2024,39
ny,202440,,202635,100,3.0251320117933695,3.0251320117933695,6382,210966,260,2024,40
ny,202441,,202635,99,3.274343403745758,3.274343403745758,6918,211279,265,2024,41
ny,202442,,202635,98,3.2773984153131,3.2773984153131,6705,204583,263,2024,42
ny,202443,,202635,97,3.4008838817521925,3.4008838817521925,7426,218355,260,2024,43
ny,202444,,202635,96,3.2647630250642394,3.2647630250642394,6772,207427,263,2024,44
ny,202445,,202635,95,3.3588474092109486,3.3588474092109486,7008,208643,263,2024,45
ny,202446,,202635,94,3.47525553349511,3.47525553349511,7089,203985,263,2024,46
ny,202447,,202635,93,3.7859239932152247,3.7859239932152247,7879,208113,261,2024,47
ny,202448,,202635,92,3.997667723479465,3.997667723479465,7679,192087,260,2024,48
ny,202449,,202635,91,4.427322961910528,4.427322961910528,9286,209743,260,2024,49
ny,202450,,202635,90,5.093231255538604,5.093231255538604,11150,218918,260,2024,50
ny,202451,,202635,89,6.166899454007872,6.166899454007872,13599,220516,259,2024,51
ny,202452,,202635,88,7.303310613437196,7.303310613437196,15001,205400,251,2024,52
tx,201040,2017-10-24,201740,365,2.06514,2.06514,1050,50844,98,2010,40
tx,201041,2017-10-24,201740,364,2.09394,2.09394,1061,50670,97,2010,41
tx,201042,2017-10-24,201740,363,2.10072,2.10072,1090,51887,98,2010,42
tx,201043,2017-10-24,201740,362,2.20655,2.20655,1117,50622,96,2010,43
tx,201044,2017-10-24,201740,361,2.36381,2.36381,1218,51527,99,2010,44
tx,201045,2017-10-24,201740,360,2.51778,2.51778,1310,52030,97,2010,45
tx,201046,2017-10-24,201740,359,2.24622,2.24622,1121,49906,95,2010,46
tx,201047,2017-10-24,201740,358,2.59866,2.59866,964,37096,90,2010,47
tx,201048,2017-10-24,201740,357,2.56617,2.56617,1273,49607,93,2010,48
tx,201049,2017-10-24,201740,356,2.40335,2.40335,1165,48474,93,2010,49
tx,201050,2017-10-24,201740,355,2.84097,2.84097,1350,47519,88,2010,50
tx,201051,2017-10-24,201740,354,3.87315,3.87315,1418,36611,81,2010,51
tx,201052,2017-10-24,201740,353,3.40711,3.40711,1293,37950,81,2010,52
tx,201101,2017-10-24,201740,352,3.21248,3.21248,1524,47440,89,2011,1
tx,201102,2017-10-24,201740,351,4.05996,4.05996,1950,48030,89,2011,2
tx,201103,2017-10-24,201740,350,4.73202,4.73202,2518,53212,92,2011,3
tx,201104,2017-10-24,201740,349,5.93439,5.93439,3381,56973,97,2011,4
tx,201105,2017-10-24,201740,348,6.68052,6.68052,3086,46194,95,2011,5
tx,201106,2017-10-24,201740,347,8.12867,8.12867,3280,40351,91,2011,6
tx,201107,2017-10-24,201740,346,8.26519,8.26519,4821,58329,88,2011,7
tx,201108,2017-10-24,201740,345,6.66045,6.66045,3641,54666,90,2011,8
tx,201109,2017-10-24,201740,344,4.58565,4.58565,2401,52359,87,2011,9
tx,201110,2017-10-24,201740,343,3.68025,3.68025,1784,48475,82,2011,10
tx,201111,2017-10-24,201740,342,2.84749,2.84749,1231,43231,84,2011,11
tx,201112,2017-10-24,201740,341,3.1125,3.1125,1082,34763,82,2011,12
tx,201113,2017-10-24,201740,340,2.13536,2.13536,968,45332,79,2011,13
tx,201114,2017-10-24,201740,339,1.83216,1.83216,827,45138,79,2011,14
tx,201115,2017-10-24,201740,338,1.67025,1.67025,770,46101,83,2011,15
tx,201116,2017-10-24,201740,337,1.66212,1.66212,683,41092,70,2011,16
tx,201117,2017-10-24,201740,336,1.4454,1.4454,605,41857,70,2011,17
tx,201118,2017-10-24,201740,335,1.62718,1.62718,662,40684,61,2011,18
tx,201119,2017-10-24,201740,334,1.7883,1.7883,730,40821,68,2011,19
tx,201120,2017-10-24,201740,333,1.43878,1.43878,574,39895,64,2011,20
tx,201121,2017-10-24,201740,332,1.18284,1.18284,459,38805,56,2011,21
tx,201122,2017-10-24,201740,331,1.47219,1.47219,487,33080,55,2011,22
tx,201123,2017-10-24,201740,330,1.0381,1.0381,391,37665,51,2011,23
tx,201124,2017-10-24,201740,329,1.20398,1.20398,434,36047,51,2011,24
tx,201125,2017-10-24,201740,328,1.09499,1.09499,378,34521,49,2011,25
tx,201126,2017-10-24,201740,327,1.44139,1.44139,323,22409,47,2011,26
tx,201127,2017-10-24,201740,326,1.09916,1.09916,333,30296,47,2011,27
tx,201128,2017-10-24,201740,325,1.11008,1.11008,384,34592,46,2011,28
tx,201129,2017-10-24,201740,324,0.794791,0.794791,260,32713,45,2011,29
tx,201130,2017-10-24,201740,323,0.927915,0.927915,298,32115,44,2011,30
tx,201131,2017-10-24,201740,322,0.947032,0.947032,317,33473,45,2011,31
tx,201132,2017-10-24,201740,321,0.820541,0.820541,302,36805,43,2011,32
tx,201133,2017-10-24,201740,320,0.965857,0.965857,372,38515,45,2011,33
tx,201134,2017-10-24,201740,319,1.01165,1.01165,388,38353,45,2011,34
tx,201135,2017-10-24,201740,318,1.43408,1.43408,550,38352,47,2011,35
tx,201136,2017-10-24,201740,317,1.72981,1.72981,557,32200,44,2011,36
tx,201137,2017-10-24,201740,316,1.65811,1.65811,591,35643,44,2011,37
tx,201138,2017-10-24,201740,315,1.60235,1.60235,568,35448,42,2011,38
tx,201139,2017-10-24,201740,314,1.4147,1.4147,510,36050,45,2011,39
tx,201140,2017-10-24,201740,313,1.86712,1.86712,772,41347,71,2011,40
tx,201141,2017-10-24,201740,312,1.67872,1.67872,692,41222,70,2011,41
tx,201142,2017-10-24,201740,311,2.03903,2.03903,792,38842,73,2011,42
tx,201143,2017-10-24,201740,310,2.02721,2.02721,833,41091,71,2011,43
tx,201144,2017-10-24,201740,309,1.87592,1.87592,768,40940,71,2011,44
tx,201145,2017-10-24,201740,308,2.08825,2.08825,876,41949,72,2011,45
tx,201146,2017-10-24,201740,307,2.17252,2.17252,915,42117,68,2011,46
tx,201147,2017-10-24,201740,306,2.21466,2.21466,722,32601,70,2011,47
tx,201148,2017-10-24,201740,305,2.01649,2.01649,802,39772,67,2011,48
tx,201149,2017-10-24,201740,304,1.89337,1.89337,608,32112,65,2011,49
tx,201150,2017-10-24,201740,303,2.08667,2.08667,781,37428,66,2011,50
tx,201151,2017-10-24,201740,302,2.27904,2.27904,779,34181,63,2011,51
tx,201152,2017-10-24,201740,301,2.32308,2.32308,713,30692,65,2011,52
tx,201201,2017-10-24,201740,300,1.97471,1.97471,745,37727,71,2012,1
tx,201202,2017-10-24,201740,299,2.1558,2.1558,859,39846,72,2012,2
tx,201203,2017-10-24,201740,298,2.30727,2.30727,923,40004,70,2012,3
tx,201204,2017-10-24,201740,297,2.25494,2.25494,899,39868,72,2012,4
tx,201205,2017-10-24,201740,296,2.52889,2.52889,1046,41362,70,2012,5
tx,201206,2017-10-24,201740,295,2.65401,2.65401,1124,42351,70,2012,6
tx,201207,2017-10-24,201740,294,2.95371,2.95371,1241,42015,70,2012,7
tx,201208,2017-10-24,201740,293,3.23367,3.23367,1141,35285,70,2012,8
tx,201209,2017-10-24,201740,292,3.32506,3.32506,1434,43127,69,2012,9
tx,201210,2017-10-24,201740,291,2.87245,2.87245,960,33421,67,2012,10
tx,201211,2017-10-24,201740,290,3.59362,3.59362,1278,35563,67,2012,11
tx,201212,2017-10-24,201740,289,2.79685,2.79685,1149,41082,67,2012,12
tx,201213,2017-10-24,201740,288,2.7007,2.7007,1057,39138,64,2012,13
tx,201214,2017-10-24,201740,287,2.5217,2.5217,947,37554,62,2012,14
tx,201215,2017-10-24,201740,286,2.13492,2.13492,851,39861,61,2012,15
tx,201216,2017-10-24,201740,285,2.16547,2.16547,842,38883,60,2012,16
tx,201217,2017-10-24,201740,284,2.05988,2.05988,765,37138,59,2012,17
tx,201218,2017-10-24,201740,283,2.09649,2.09649,737,35154,57,2012,18
tx,201219,2017-10-24,201740,282,2.0889,2.0889,751,35952,57,2012,19
tx,201220,2017-10-24,201740,281,2.26203,2.26203,750,33156,55,2012,20
tx,201221,2017-10-24,201740,280,2.19944,2.19944,781,35509,53,2012,21
tx,201222,2017-10-24,201740,279,2.95784,2.95784,611,20657,49,2012,22
tx,201223,2017-10-24,201740,278,1.60563,1.60563,552,34379,49,2012,23
tx,201224,2017-10-24,201740,277,1.5692,1.5692,520,33138,50,2012,24
tx,201225,2017-10-24,201740,276,1.68002,1.68002,539,32083,48,2012,25
tx,201226,2017-10-24,201740,275,2.77603,2.77603,572,20605,48,2012,26
tx,201227,2017-10-24,201740,274,1.85638,1.85638,516,27796,48,2012,27
tx,201228,2017-10-24,201740,273,1.52724,1.52724,467,30578,43,2012,28
tx,201229,2017-10-24,201740,272,1.50484,1.50484,471,31299,44,2012,29
tx,201230,2017-10-24,201740,271,1.42374,1.42374,438,30764,45,2012,30
tx,201231,2017-10-24,201740,270,1.45901,1.45901,491,33653,45,2012,31
tx,201232,2017-10-24,201740,269,1.44944,1.44944,500,34496,45,2012,32
tx,201233,2017-10-24,201740,268,1.42747,1.42747,519,36358,45,2012,33
tx,201234,2017-10-24,201740,267,1.4741,1.4741,561,38057,44,2012,34
tx,201235,2017-10-24,201740,266,1.42978,1.42978,542,37908,45,2012,35
tx,201236,2017-10-24,201740,265,1.75285,1.75285,579,33032,45,2012,36
tx,201237,2017-10-24,201740,264,2.14994,2.14994,780,36280,44,2012,37
tx,201238,2017-10-24,201740,263,2.12454,2.12454,782,36808,45,2012,38
tx,201239,2017-10-24,201740,262,2.08406,2.08406,778,37331,44,2012,39
tx,201240,2017-10-24,201740,261,1.98396,1.98396,794,40021,62,2012,40
tx,201241,2017-10-24,201740,260,2.35146,2.35146,951,40443,61,2012,41
tx,201242,2017-10-24,201740,259,1.94499,1.94499,768,39486,63,2012,42
tx,201243,2017-10-24,201740,258,2.55229,2.55229,981,38436,62,2012,43
tx,201244,2017-10-24,201740,257,2.7858,2.7858,1080,38768,63,2012,44
tx,201245,2017-10-24,201740,256,3.20738,3.20738,1314,40968,65,2012,45
tx,201246,2017-10-24,201740,255,3.22458,3.22458,1269,39354,61,2012,46
tx,201247,2017-10-24,201740,254,5.1617,5.1617,1644,31850,63,2012,47
tx,201248,2017-10-24,201740,253,3.96355,3.96355,1692,42689,63,2012,48
tx,201249,2017-10-24,201740,252,5.21819,5.21819,2229,42716,64,2012,49
tx,201250,2017-10-24,201740,251,6.03698,6.03698,2524,41809,64,2012,50
tx,201251,2017-10-24,201740,250,7.99241,7.99241,3327,41627,60,2012,51
tx,201252,2017-10-24,201740,249,9.69432,9.69432,2924,30162,61,2012,52
tx,201301,2017-10-24,201740,248,8.24784,8.24784,3023,36652,65,2013,1
tx,201302,2017-10-24,201740,247,7.61521,7.61521,3518,46197,65,2013,2
tx,201303,2017-10-24,201740,246,7.688,7.688,3430,44615,66,2013,3
tx,201304,2017-10-24,201740,245,7.58763,7.58763,3284,43281,64,2013,4
tx,201305,2017-10-24,201740,244,5.83695,5.83695,2367,40552,64,2013,5
tx,201306,2017-10-24,201740,243,4.63083,4.63083,1822,39345,65,2013,6
tx,201307,2017-10-24,201740,242,3.98526,3.98526,1514,37990,64,2013,7
tx,201308,2017-10-24,201740,241,3.23762,3.23762,1247,38516,61,2013,8
tx,201309,2017-10-24,201740,240,3.29329,3.29329,1272,38624,63,2013,9
tx,201310,2017-10-24,201740,239,3.38592,3.38592,1350,39871,61,2013,10
tx,201311,2017-10-24,201740,238,3.0704,3.0704,1028,33481,58,2013,11
tx,201312,2017-10-24,201740,237,2.68087,2.68087,1042,38868,59,2013,12
tx,201313,2017-10-24,201740,236,2.54637,2.54637,913,35855,58,2013,13
tx,201314,2017-10-24,201740,235,2.46144,2.46144,806,32745,55,2013,14
tx,201315,2017-10-24,201740,234,2.34755,2.34755,835,35569,55,2013,15
tx,201316,2017-10-24,201740,233,2.28962,2.28962,847,36993,56,2013,16
tx,201317,2017-10-24,201740,232,2.10066,2.10066,745,35465,54,2013,17
tx,201318,2017-10-24,201740,231,1.91757,1.91757,670,34940,53,2013,18
tx,201319,2017-10-24,201740,230,2.04946,2.04946,702,34253,51,2013,19
tx,201320,2017-10-24,201740,229,1.9264,1.9264,680,35299,50,2013,20
tx,201321,2017-10-24,201740,228,1.72047,1.72047,598,34758,51,2013,21
tx,201322,2017-10-24,201740,227,1.9246,1.9246,585,30396,51,2013,22
tx,201323,2017-10-24,201740,226,1.66351,1.66351,545,32762,49,2013,23
tx,201324,2017-10-24,201740,225,1.57641,1.57641,510,32352,47,2013,24
tx,201325,2017-10-24,201740,224,2.07494,2.07494,644,31037,47,2013,25
tx,201326,2017-10-24,201740,223,1.84375,1.84375,569,30861,46,2013,26
tx,201327,2017-10-24,201740,222,1.99341,1.99341,508,25484,46,2013,27
tx,201328,2017-10-24,201740,221,1.87277,1.87277,547,29208,45,2013,28
tx,201329,2017-10-24,201740,220,1.75622,1.75622,522,29723,45,2013,29
tx,201330,2017-10-24,201740,219,1.55077,1.55077,469,30243,45,2013,30
tx,201331,2017-10-24,201740,218,1.71643,1.71643,518,30179,56,2013,31
tx,201332,2017-10-24,201740,217,1.42036,1.42036,425,29922,54,2013,32
tx,201333,2017-10-24,201740,216,1.64627,1.64627,491,29825,50,2013,33
tx,201334,2017-10-24,201740,215,1.65108,1.65108,542,32827,53,2013,34
tx,201335,2017-10-24,201740,214,2.14174,2.14174,741,34598,57,2013,35
tx,201336,2017-10-24,201740,213,2.89449,2.89449,908,31370,55,2013,36
tx,201337,2017-10-24,201740,212,2.86301,2.86301,1129,39434,73,2013,37
tx,201338,2017-10-24,201740,211,3.05223,3.05223,1181,38693,74,2013,38
tx,201339,2017-10-24,201740,210,3.29382,3.29382,1256,38132,100,2013,39
tx,201340,2017-10-24,201740,209,2.2366,2.2366,954,42654,120,2013,40
tx,201341,2017-10-24,201740,208,2.39646,2.39646,1078,44983,125,2013,41
tx,201342,2017-10-24,201740,207,2.65115,2.65115,1087,41001,122,2013,42
tx,201343,2017-10-24,201740,206,2.45818,2.45818,1102,44830,123,2013,43
tx,201344,2017-10-24,201740,205,2.54797,2.54797,1118,43878,123,2013,44
tx,201345,2017-10-24,201740,204,2.98433,2.98433,1202,40277,110,2013,45
tx,201346,2017-10-24,201740,203,3.57321,3.57321,1649,46149,124,2013,46
tx,201347,2017-10-24,201740,202,4.24138,4.24138,1975,46565,120,2013,47
tx,201348,2017-10-24,201740,201,5.07503,5.07503,1576,31054,121,2013,48
tx,201349,2017-10-24,201740,200,5.62401,5.62401,2492,44310,122,2013,49
tx,201350,2017-10-24,201740,199,6.56142,6.56142,2797,42628,121,2013,50
tx,201351,2017-10-24,201740,198,10.0139,10.0139,4616,46096,118,2013,51
tx,201352,2017-10-24,201740,197,11.0449,11.0449,3594,32540,119,2013,52
tx,201401,2017-10-24,201740,196,9.17567,9.17567,3415,37218,121,2014,1
tx,201402,2017-10-24,201740,195,7.02738,7.02738,3160,44967,122,2014,2
tx,201403,2017-10-24,201740,194,5.47173,5.47173,2495,45598,120,2014,3
tx,201404,2017-10-24,201740,193,4.97024,4.97024,2046,41165,117,2014,4
tx,201405,2017-10-24,201740,192,4.69254,4.69254,1920,40916,120,2014,5
tx,201406,2017-10-24,201740,191,4.15233,4.15233,1774,42723,119,2014,6
tx,201407,2017-10-24,201740,190,4.02182,4.02182,1659,41250,117,2014,7
tx,201408,2017-10-24,201740,189,3.86342,3.86342,1713,44339,118,2014,8
tx,201409,2017-10-24,201740,188,3.97478,3.97478,1677,42191,113,2014,9
tx,201410,2017-10-24,201740,187,3.78548,3.78548,1555,41078,114,2014,10
tx,201411,2017-10-24,201740,186,3.66299,3.66299,1323,36118,112,2014,11
tx,201412,2017-10-24,201740,185,3.39706,3.39706,1386,40800,112,2014,12
tx,201413,2017-10-24,201740,184,3.34885,3.34885,1338,39954,111,2014,13
tx,201414,2017-10-24,201740,183,3.21687,3.21687,1277,39697,108,2014,14
tx,201415,2017-10-24,201740,182,3.35918,3.35918,1343,39980,106,2014,15
tx,201416,2017-10-24,201740,181,3.0909,3.0909,1204,38953,107,2014,16
tx,201417,2017-10-24,201740,180,2.84024,2.84024,1128,39715,106,2014,17
tx,201418,2017-10-24,201740,179,2.41511,2.41511,963,39874,104,2014,18
tx,201419,2017-10-24,201740,178,2.52891,2.52891,982,38831,102,2014,19
tx,201420,2017-10-24,201740,177,2.6284,2.6284,978,37209,104,2014,20
tx,201421,2017-10-24,201740,176,2.77493,2.77493,1028,37046,101,2014,21
tx,201422,2017-10-24,201740,175,2.77039,2.77039,896,32342,101,2014,22
tx,201423,2017-10-24,201740,174,2.5365,2.5365,879,34654,98,2014,23
tx,201424,2017-10-24,201740,173,2.22052,2.22052,784,35307,98,2014,24
tx,201425,2017-10-24,201740,172,2.00295,2.00295,678,33850,96,2014,25
tx,201426,2017-10-24,201740,171,3.19926,3.19926,657,20536,92,2014,26
tx,201427,2017-10-24,201740,170,1.9334,1.9334,544,28137,92,2014,27
tx,201428,2017-10-24,201740,169,1.90947,1.90947,634,33203,94,2014,28
tx,201429,2017-10-24,201740,168,1.76986,1.76986,564,31867,93,2014,29
tx,201430,2017-10-24,201740,167,1.57256,1.57256,496,31541,89,2014,30
tx,201431,2017-10-24,201740,166,1.68632,1.68632,532,31548,89,2014,31
tx,201432,2017-10-24,201740,165,1.37986,1.37986,452,32757,91,2014,32
tx,201433,2017-10-24,201740,164,1.41906,1.41906,469,33050,91,2014,33
tx,201434,2017-10-24,201740,163,1.52139,1.52139,536,35231,91,2014,34
tx,201435,2017-10-24,201740,162,1.5349,1.5349,551,35898,91,2014,35
tx,201436,2017-10-24,201740,161,1.9311,1.9311,583,30190,89,2014,36
tx,201437,2017-10-24,201740,160,2.21526,2.21526,792,35752,89,2014,37
tx,201438,2017-10-24,201740,159,2.25158,2.25158,784,34820,88,2014,38
tx,201439,2017-10-24,201740,158,2.33845,2.33845,828,35408,83,2014,39
tx,201440,2017-10-24,201740,157,1.61545,1.61545,623,38565,95,2014,40
tx,201441,2017-10-24,201740,156,1.73191,1.73191,672,38801,94,2014,41
tx,201442,2017-10-24,201740,155,1.97601,1.97601,761,38512,95,2014,42
tx,201443,2017-10-24,201740,154,2.1727,2.1727,860,39582,98,2014,43
tx,201444,2017-10-24,201740,153,2.26836,2.26836,861,37957,96,2014,44
tx,201445,2017-10-24,201740,152,2.31548,2.31548,885,38221,99,2014,45
tx,201446,2017-10-24,201740,151,2.2432,2.2432,765,34103,75,2014,46
tx,201447,2017-10-24,201740,150,4.10392,4.10392,1556,37915,99,2014,47
tx,201448,2017-10-24,201740,149,4.66631,4.66631,1390,29788,100,2014,48
tx,201449,2017-10-24,201740,148,4.91288,4.91288,2030,41320,101,2014,49
tx,201450,2017-10-24,201740,147,8.96964,8.96964,2414,26913,101,2014,50
tx,201451,2017-10-24,201740,146,12.9375,12.9375,2595,20058,83,2014,51
tx,201452,2017-10-24,201740,145,7.69326,7.69326,1242,16144,73,2014,52
tx,201453,2017-10-24,201740,144,11.3225,11.3225,1684,14873,80,2014,53
tx,201501,2017-10-24,201740,143,9.06724,9.06724,1776,19587,84,2015,1
tx,201502,2017-10-24,201740,142,9.74748,9.74748,2675,27443,97,2015,2
tx,201503,2017-10-24,201740,141,7.17791,7.17791,2984,41572,99,2015,3
tx,201504,2017-10-24,201740,140,6.20728,6.20728,2652,42724,103,2015,4
tx,201505,2017-10-24,201740,139,5.65253,5.65253,2351,41592,102,2015,5
tx,201506,2017-10-24,201740,138,5.05952,5.05952,2104,41585,102,2015,6
tx,201507,2017-10-24,201740,137,4.73512,4.73512,1953,41245,101,2015,7
tx,201508,2017-10-24,201740,136,4.00071,4.00071,1580,39493,104,2015,8
tx,201509,2017-10-24,201740,135,4.28631,4.28631,1751,40851,104,2015,9
tx,201510,2017-10-24,201740,134,4.17538,4.17538,1577,37769,104,2015,10
tx,201511,2017-10-24,201740,133,3.60072,3.60072,1374,38159,106,2015,11
tx,201512,2017-10-24,201740,132,3.35832,3.35832,1362,40556,104,2015,12
tx,201513,2017-10-24,201740,131,3.18727,3.18727,1182,37085,96,2015,13
tx,201514,2017-10-24,201740,130,2.63374,2.63374,1024,38880,95,2015,14
tx,201515,2017-10-24,201740,129,2.74126,2.74126,1051,38340,95,2015,15
tx,201516,2017-10-24,201740,128,1.67388,1.67388,654,39071,97,2015,16
tx,201517,2017-10-24,201740,127,2.65661,2.65661,1000,37642,94,2015,17
tx,201518,2017-10-24,201740,126,2.39644,2.39644,895,37347,94,2015,18
tx,201519,2017-10-24,201740,125,2.3067,2.3067,821,35592,95,2015,19
tx,201520,2017-10-24,201740,124,2.3767,2.3767,838,35259,94,2015,20
tx,201521,2017-10-24,201740,123,2.15255,2.15255,620,28803,84,2015,21
tx,201522,2017-10-24,201740,122,2.59259,2.59259,490,18900,80,2015,22
tx,201523,2017-10-24,201740,121,1.7597,1.7597,546,31028,81,2015,23
tx,201524,2017-10-24,201740,120,1.75866,1.75866,513,29170,82,2015,24
tx,201525,2017-10-24,201740,119,1.47285,1.47285,450,30553,84,2015,25
tx,201526,2017-10-24,201740,118,1.58033,1.58033,414,26197,83,2015,26
tx,201527,2017-10-24,201740,117,1.26985,1.26985,383,30161,85,2015,27
tx,201528,2017-10-24,201740,116,1.29911,1.29911,371,28558,80,2015,28
tx,201529,2017-10-24,201740,115,1.28852,1.28852,388,30112,84,2015,29
tx,201530,2017-10-24,201740,114,1.0823,1.0823,265,24485,66,2015,30
tx,201531,2017-10-24,201740,113,1.12071,1.12071,353,31498,83,2015,31
tx,201532,2017-10-24,201740,112,1.14597,1.14597,355,30978,80,2015,32
tx,201533,2017-10-24,201740,111,1.58142,1.58142,542,34273,83,2015,33
tx,201534,2017-10-24,201740,110,1.1363,1.1363,402,35378,83,2015,34
tx,201535,2017-10-24,201740,109,1.52525,1.52525,531,34814,84,2015,35
tx,201536,2017-10-24,201740,108,2.01858,2.01858,578,28634,79,2015,36
tx,201537,2017-10-24,201740,107,1.8631,1.8631,641,34405,82,2015,37
tx,201538,2017-10-24,201740,106,2.09836,2.09836,710,33836,82,2015,38
tx,201539,2017-10-24,201740,105,2.17404,2.17404,775,35648,84,2015,39
tx,201540,2017-10-24,201740,104,3.1748,3.1748,1016,32002,126,2015,40
tx,201541,2017-10-24,201740,103,3.42995,3.42995,1084,31604,124,2015,41
tx,201542,2017-10-24,201740,102,3.63057,3.63057,1162,32006,122,2015,42
tx,201543,2017-10-24,201740,101,3.84937,3.84937,1152,29927,123,2015,43
tx,201544,2017-10-24,201740,100,3.47839,3.47839,1143,32860,126,2015,44
tx,201545,2017-10-24,201740,99,3.86243,3.86243,1214,31431,123,2015,45
tx,201546,2017-10-24,201740,98,3.96778,3.96778,1266,31907,123,2015,46
tx,201547,2017-10-24,201740,97,4.81392,4.81392,1071,22248,122,2015,47
tx,201548,2017-10-24,201740,96,4.43529,4.43529,1411,31813,122,2015,48
tx,201549,2017-10-24,201740,95,4.49576,4.49576,1320,29361,119,2015,49
tx,201550,2017-10-24,201740,94,4.67202,4.67202,1391,29773,121,2015,50
tx,201551,2017-10-24,201740,93,5.12797,5.12797,1110,21646,121,2015,51
tx,201552,2017-10-24,201740,92,5.70737,5.70737,1274,22322,120,2015,52
tx,201601,2017-10-24,201740,91,4.68602,4.68602,1282,27358,120,2016,1
tx,201602,2017-10-24,201740,90,4.16846,4.16846,1164,27924,121,2016,2
tx,201603,2017-10-24,201740,89,4.36048,4.36048,1318,30226,123,2016,3
tx,201604,2017-10-24,201740,88,4.96129,4.96129,1551,31262,122,2016,4
tx,201605,2017-10-24,201740,87,4.89241,4.89241,1512,30905,123,2016,5
tx,201606,2017-10-24,201740,86,5.62804,5.62804,1816,32267,122,2016,6
tx,201607,2017-10-24,201740,85,6.36256,6.36256,2035,31984,120,2016,7
tx,201608,2017-10-24,201740,84,4.48169,4.48169,1147,25593,86,2016,8
tx,201609,2017-10-24,201740,83,4.7195,4.7195,1203,25490,83,2016,9
tx,201610,2017-10-24,201740,82,4.01485,4.01485,941,23438,81,2016,10
tx,201611,2017-10-24,201740,81,3.73119,3.73119,749,20074,81,2016,11
tx,201612,2017-10-24,201740,80,3.46318,3.46318,777,22436,81,2016,12
tx,201613,2017-10-24,201740,79,3.2444,3.2444,760,23425,80,2016,13
tx,201614,2017-10-24,201740,78,2.83508,2.83508,569,20070,61,2016,14
tx,201615,2017-10-24,201740,77,3.25267,3.25267,789,24257,77,2016,15
tx,201616,2017-10-24,201740,76,3.57929,3.57929,846,23636,75,2016,16
tx,201617,2017-10-24,201740,75,3.0393,3.0393,747,24578,79,2016,17
tx,201618,2017-10-24,201740,74,2.74919,2.74919,617,22443,77,2016,18
tx,201619,2017-10-24,201740,73,2.30401,2.30401,472,20486,73,2016,19
tx,201620,2017-10-24,201740,72,2.35638,2.35638,459,19479,76,2016,20
tx,201621,2017-10-24,201740,71,2.78809,2.78809,518,18579,74,2016,21
tx,201622,2017-10-24,201740,70,2.47401,2.47401,395,15966,72,2016,22
tx,201623,2017-10-24,201740,69,1.99249,1.99249,276,13852,49,2016,23
tx,201624,2017-10-24,201740,68,2.1005,2.1005,362,17234,69,2016,24
tx,201625,2017-10-24,201740,67,1.87159,1.87159,316,16884,68,2016,25
tx,201626,2017-10-24,201740,66,1.84575,1.84575,297,16091,65,2016,26
tx,201627,2017-10-24,201740,65,1.66667,1.66667,248,14880,68,2016,27
tx,201628,2017-10-24,201740,64,1.55492,1.55492,189,12155,68,2016,28
tx,201629,2017-10-24,201740,63,1.42177,1.42177,239,16810,67,2016,29
tx,201630,2017-10-24,201740,62,1.57115,1.57115,261,16612,67,2016,30
tx,201631,2017-10-24,201740,61,1.27404,1.27404,216,16954,67,2016,31
tx,201632,2017-10-24,201740,60,1.30064,1.30064,209,16069,62,2016,32
tx,201633,2017-10-24,201740,59,1.31155,1.31155,224,17079,65,2016,33
tx,201634,2017-10-24,201740,58,1.76582,1.76582,336,19028,66,2016,34
tx,201635,2017-10-24,201740,57,2.89706,2.89706,423,14601,64,2016,35
tx,201636,2017-10-24,201740,56,3.0076,3.0076,534,17755,63,2016,36
tx,201637,2017-10-24,201740,55,2.60465,2.60465,509,19542,61,2016,37
tx,201638,2017-10-24,201740,54,2.57309,2.57309,367,14263,60,2016,38
tx,201639,2017-10-24,201740,53,2.75084,2.75084,400,14541,60,2016,39
tx,201640,2018-10-05,201839,103,2.08692,2.08692,654,31338,120,2016,40
tx,201641,2018-10-05,201839,102,1.95234,1.95234,571,29247,118,2016,41
tx,201642,2018-10-05,201839,101,1.84806,1.84806,541,29274,114,2016,42
tx,201643,2018-10-05,201839,100,2.06681,2.06681,589,28498,114,2016,43
tx,201644,2018-10-05,201839,99,2.01191,2.01191,581,28878,112,2016,44
tx,201645,2018-10-05,201839,98,2.08512,2.08512,607,29111,116,2016,45
tx,201646,2018-10-05,201839,97,2.24903,2.24903,673,29924,116,2016,46
tx,201647,2018-10-05,201839,96,2.59299,2.59299,550,21211,114,2016,47
tx,201648,2018-10-05,201839,95,2.49507,2.49507,696,27895,112,2016,48
tx,201649,2018-10-05,201839,94,3.06986,3.06986,816,26581,113,2016,49
tx,201650,2018-10-05,201839,93,3.41272,3.41272,887,25991,111,2016,50
tx,201651,2018-10-05,201839,92,4.10321,4.10321,951,23177,108,2016,51
tx,201652,2018-10-05,201839,91,4.32471,4.32471,960,22198,109,2016,52
tx,201701,2018-10-05,201839,90,4.19085,4.19085,1076,25675,113,2017,1
tx,201702,2018-10-05,201839,89,5.06267,5.06267,1450,28641,112,2017,2
tx,201703,2018-10-05,201839,88,5.47691,5.47691,1563,28538,112,2017,3
tx,201704,2018-10-05,201839,87,6.20619,6.20619,1868,30099,109,2017,4
tx,201705,2018-10-05,201839,86,8.12582,8.12582,2777,34175,113,2017,5
tx,201706,2018-10-05,201839,85,10.2826,10.2826,3508,34116,113,2017,6
tx,201707,2018-10-05,201839,84,9.2512,9.2512,2592,28018,90,2017,7
tx,201708,2018-10-05,201839,83,8.99901,8.99901,2635,29281,106,2017,8
tx,201709,2018-10-05,201839,82,7.50649,7.50649,2256,30054,107,2017,9
tx,201710,2018-10-05,201839,81,7.26928,7.26928,2107,28985,105,2017,10
tx,201711,2018-10-05,201839,80,5.85242,5.85242,1403,23973,104,2017,11
tx,201712,2018-10-05,201839,79,4.48645,4.48645,1258,28040,104,2017,12
tx,201713,2018-10-05,201839,78,4.00722,4.00722,1065,26577,101,2017,13
tx,201714,2018-10-05,201839,77,3.50145,3.50145,906,25875,101,2017,14
tx,201715,2018-10-05,201839,76,3.41597,3.41597,835,24444,99,2017,15
tx,201716,2018-10-05,201839,75,3.39061,3.39061,665,19613,83,2017,16
tx,201717,2018-10-05,201839,74,2.76932,2.76932,755,27263,101,2017,17
tx,201718,2018-10-05,201839,73,2.62245,2.62245,665,25358,97,2017,18
tx,201719,2018-10-05,201839,72,1.72152,1.72152,419,24339,98,2017,19
tx,201720,2018-10-05,201839,71,2.30259,2.30259,552,23973,98,2017,20
tx,201721,2018-10-05,201839,70,2.14023,2.14023,471,22007,94,2017,21
tx,201722,2018-10-05,201839,69,1.79865,1.79865,360,20015,93,2017,22
tx,201723,2018-10-05,201839,68,1.79529,1.79529,385,21445,96,2017,23
tx,201724,2018-10-05,201839,67,1.57771,1.57771,329,20853,95,2017,24
tx,201725,2018-10-05,201839,66,1.48476,1.48476,302,20340,93,2017,25
tx,201726,2018-10-05,201839,65,1.5222,1.5222,252,16555,78,2017,26
tx,201727,2018-10-05,201839,64,1.39677,1.39677,256,18328,94,2017,27
tx,201728,2018-10-05,201839,63,1.21989,1.21989,238,19510,95,2017,28
tx,201729,2018-10-05,201839,62,1.40497,1.40497,199,14164,92,2017,29
tx,201730,2018-10-05,201839,61,1.33018,1.33018,264,19847,94,2017,30
tx,201731,2018-10-05,201839,60,1.27357,1.27357,260,20415,95,2017,31
tx,201732,2018-10-05,201839,59,1.04005,1.04005,214,20576,94,2017,32
tx,201733,2018-10-05,201839,58,1.10367,1.10367,206,18665,80,2017,33
tx,201734,2018-10-05,201839,57,1.8906,1.8906,347,18354,77,2017,34
tx,201735,2018-10-05,201839,56,1.895,1.895,331,17467,76,2017,35
tx,201736,2018-10-05,201839,55,2.01905,2.01905,371,18375,75,2017,36
tx,201737,2018-10-05,201839,54,1.93658,1.93658,477,24631,92,2017,37
tx,201738,2018-10-05,201839,53,1.77468,1.77468,448,25244,93,2017,38
tx,201739,2018-10-05,201839,52,1.9715,1.9715,494,25057,90,2017,39
tx,201740,2019-10-04,201939,103,2.15321,2.15321,642,29816,111,2017,40
tx,201741,2019-10-04,201939,102,2.22464,2.22464,654,29398,113,2017,41
tx,201742,2019-10-04,201939,101,2.13774,2.13774,641,29985,111,2017,42
tx,201743,2019-10-04,201939,100,2.34254,2.34254,710,30309,111,2017,43
tx,201744,2019-10-04,201939,99,3.24542,3.24542,774,23849,76,2017,44
tx,201745,2019-10-04,201939,98,3.67219,3.67219,1109,30200,109,2017,45
tx,201746,2019-10-04,201939,97,4.41976,4.41976,1365,30884,110,2017,46
tx,201747,2019-10-04,201939,96,4.57186,4.57186,1023,22376,111,2017,47
tx,201748,2019-10-04,201939,95,5.26676,5.26676,1541,29259,112,2017,48
tx,201749,2019-10-04,201939,94,5.83165,5.83165,1678,28774,111,2017,49
tx,201750,2019-10-04,201939,93,9.36695,9.36695,2764,29508,110,2017,50
tx,201751,2019-10-04,201939,92,13.449,13.449,3938,29281,106,2017,51
tx,201752,2019-10-04,201939,91,10.9528,10.9528,1830,16708,68,2017,52
tx,201801,2019-10-04,201939,90,12.5909,12.5909,3428,27226,108,2018,1
tx,201802,2019-10-04,201939,89,12.8689,12.8689,4047,31448,107,2018,2
tx,201803,2019-10-04,201939,88,13.0336,13.0336,3966,30429,110,2018,3
tx,201804,2019-10-04,201939,87,14.5657,14.5657,5203,35721,110,2018,4
tx,201805,2019-10-04,201939,86,13.9335,13.9335,4996,35856,109,2018,5
tx,201806,2019-10-04,201939,85,12.9045,12.9045,4450,34484,110,2018,6
tx,201807,2019-10-04,201939,84,10.9435,10.9435,3598,32878,109,2018,7
tx,201808,2019-10-04,201939,83,8.27868,8.27868,2638,31865,109,2018,8
tx,201809,2019-10-04,201939,82,6.07416,6.07416,1833,30177,106,2018,9
tx,201810,2019-10-04,201939,81,4.85631,4.85631,1286,26481,103,2018,10
tx,201811,2019-10-04,201939,80,3.72125,3.72125,817,21955,102,2018,11
tx,201812,2019-10-04,201939,79,3.07753,3.07753,853,27717,104,2018,12
tx,201813,2019-10-04,201939,78,3.51379,3.51379,762,21686,101,2018,13
tx,201814,2019-10-04,201939,77,2.93401,2.93401,530,18064,88,2018,14
tx,201815,2019-10-04,201939,76,2.45258,2.45258,437,17818,85,2018,15
tx,201816,2019-10-04,201939,75,2.46861,2.46861,696,28194,103,2018,16
tx,201817,2019-10-04,201939,74,2.29361,2.29361,624,27206,102,2018,17
tx,201818,2019-10-04,201939,73,2.30994,2.30994,570,24676,98,2018,18
tx,201819,2019-10-04,201939,72,2.16706,2.16706,509,23488,96,2018,19
tx,201820,2019-10-04,201939,71,1.69425,1.69425,391,23078,95,2018,20
tx,201821,2019-10-04,201939,70,1.95167,1.95167,441,22596,94,2018,21
tx,201822,2019-10-04,201939,69,1.70382,1.70382,334,19603,93,2018,22
tx,201823,2019-10-04,201939,68,1.57834,1.57834,316,20021,90,2018,23
tx,201824,2019-10-04,201939,67,1.59816,1.59816,320,20023,92,2018,24
tx,201825,2019-10-04,201939,66,1.32682,1.32682,250,18842,91,2018,25
tx,201826,2019-10-04,201939,65,1.7444,1.7444,288,16510,91,2018,26
tx,201827,2019-10-04,201939,64,1.27277,1.27277,211,16578,90,2018,27
tx,201828,2019-10-04,201939,63,1.35064,1.35064,256,18954,91,2018,28
tx,201829,2019-10-04,201939,62,1.06927,1.06927,203,18985,90,2018,29
tx,201830,2019-10-04,201939,61,1.02062,1.02062,197,19302,90,2018,30
tx,201831,2019-10-04,201939,60,1.05115,1.05115,209,19883,90,2018,31
tx,201832,2019-10-04,201939,59,1.31634,1.31634,156,11851,52,2018,32
tx,201833,2019-10-04,201939,58,0.988875,0.988875,184,18607,88,2018,33
tx,201834,2019-10-04,201939,57,1.39918,1.39918,270,19297,88,2018,34
tx,201835,2019-10-04,201939,56,1.20577,1.20577,244,20236,78,2018,35
tx,201836,2019-10-04,201939,55,1.94818,1.94818,382,19608,93,2018,36
tx,201837,2019-10-04,201939,54,2.13464,2.13464,449,21034,91,2018,37
tx,201838,2019-10-04,201939,53,1.88542,1.88542,465,24663,93,2018,38
tx,201839,2019-10-04,201939,52,2.1767,2.1767,561,25773,96,2018,39
tx,201840,2020-10-02,202039,103,2.57487,2.57487,730,28351,109,2018,40
tx,201841,2020-10-02,202039,102,2.12283,2.12283,589,27746,108,2018,41
tx,201842,2020-10-02,202039,101,2.20848,2.20848,607,27485,108,2018,42
tx,201843,2020-10-02,202039,100,2.63998,2.63998,761,28826,107,2018,43
tx,201844,2020-10-02,202039,99,2.8987,2.8987,831,28668,109,2018,44
tx,201845,2020-10-02,202039,98,3.16233,3.16233,945,29883,111,2018,45
tx,201846,2020-10-02,202039,97,3.38883,3.38883,973,28712,111,2018,46
tx,201847,2020-10-02,202039,96,3.67031,3.67031,806,21960,111,2018,47
tx,201848,2020-10-02,202039,95,3.58931,3.58931,1104,30758,110,2018,48
tx,201849,2020-10-02,202039,94,3.57419,3.57419,1017,28454,110,2018,49
tx,201850,2020-10-02,202039,93,4.13873,4.13873,1148,27738,110,2018,50
tx,201851,2020-10-02,202039,92,4.95303,4.95303,1255,25338,102,2018,51
tx,201852,2020-10-02,202039,91,6.40128,6.40128,1317,20574,102,2018,52
tx,201901,2020-10-02,202039,90,5.11093,5.11093,1244,24340,111,2019,1
tx,201902,2020-10-02,202039,89,4.66314,4.66314,1331,28543,111,2019,2
tx,201903,2020-10-02,202039,88,5.57504,5.57504,1621,29076,114,2019,3
tx,201904,2020-10-02,202039,87,7.07857,7.07857,2092,29554,116,2019,4
tx,201905,2020-10-02,202039,86,8.58413,8.58413,2684,31267,114,2019,5
tx,201906,2020-10-02,202039,85,10.165,10.165,3363,33084,116,2019,6
tx,201907,2020-10-02,202039,84,10.203,10.203,3277,32118,117,2019,7
tx,201908,2020-10-02,202039,83,9.24004,9.24004,2912,31515,117,2019,8
tx,201909,2020-10-02,202039,82,9.54986,9.54986,3055,31990,117,2019,9
tx,201910,2020-10-02,202039,81,8.72284,8.72284,2734,31343,119,2019,10
tx,201911,2020-10-02,202039,80,7.81343,7.81343,2109,26992,116,2019,11
tx,201912,2020-10-02,202039,79,5.79463,5.79463,1764,30442,119,2019,12
tx,201913,2020-10-02,202039,78,4.89506,4.89506,1411,28825,114,2019,13
tx,201914,2020-10-02,202039,77,4.40566,4.40566,1232,27964,116,2019,14
tx,201915,2020-10-02,202039,76,3.94129,3.94129,1152,29229,118,2019,15
tx,201916,2020-10-02,202039,75,3.42261,3.42261,929,27143,114,2019,16
tx,201917,2020-10-02,202039,74,2.70961,2.70961,657,24247,98,2019,17
tx,201918,2020-10-02,202039,73,2.55929,2.55929,722,28211,114,2019,18
tx,201919,2020-10-02,202039,72,2.50535,2.50535,620,24747,103,2019,19
tx,201920,2020-10-02,202039,71,2.50115,2.50115,597,23869,105,2019,20
tx,201921,2020-10-02,202039,70,2.894,2.894,507,17519,66,2019,21
tx,201922,2020-10-02,202039,69,2.2191,2.2191,442,19918,99,2019,22
tx,201923,2020-10-02,202039,68,2.20845,2.20845,474,21463,95,2019,23
tx,201924,2020-10-02,202039,67,2.25626,2.25626,461,20432,90,2019,24
tx,201925,2020-10-02,202039,66,1.99168,1.99168,407,20435,96,2019,25
tx,201926,2020-10-02,202039,65,1.93911,1.93911,300,15471,56,2019,26
tx,201927,2020-10-02,202039,64,1.80349,1.80349,328,18187,94,2019,27
tx,201928,2020-10-02,202039,63,1.63544,1.63544,254,15531,58,2019,28
tx,201929,2020-10-02,202039,62,1.35155,1.35155,281,20791,96,2019,29
tx,201930,2020-10-02,202039,61,1.58026,1.58026,317,20060,94,2019,30
tx,201931,2020-10-02,202039,60,1.3381,1.3381,281,21000,94,2019,31
tx,201932,2020-10-02,202039,59,1.18368,1.18368,253,21374,93,2019,32
tx,201933,2020-10-02,202039,58,0.879297,0.879297,198,22518,89,2019,33
tx,201934,2020-10-02,202039,57,1.26906,1.26906,298,23482,92,2019,34
tx,201935,2020-10-02,202039,56,1.84147,1.84147,450,24437,94,2019,35
tx,201936,2020-10-02,202039,55,1.90786,1.90786,451,23639,95,2019,36
tx,201937,2020-10-02,202039,54,2.14503,2.14503,549,25594,96,2019,37
tx,201938,2020-10-02,202039,53,1.83876,1.83876,390,21210,81,2019,38
tx,201939,2020-10-02,202039,52,2.08464,2.08464,530,25424,94,2019,39
tx,201940,2021-10-08,202139,104,2.1399,2.1399,640,29908,115,2019,40
tx,201941,2021-10-08,202139,103,2.54297,2.54297,759,29847,116,2019,41
tx,201942,2021-10-08,202139,102,2.55285,2.55285,768,30084,119,2019,42
tx,201943,2021-10-08,202139,101,3.23872,3.23872,987,30475,117,2019,43
tx,201944,2021-10-08,202139,100,3.70212,3.70212,1124,30361,121,2019,44
tx,201945,2021-10-08,202139,99,4.73487,4.73487,1501,31701,116,2019,45
tx,201946,2021-10-08,202139,98,4.78979,4.78979,1456,30398,111,2019,46
tx,201947,2021-10-08,202139,97,6.49962,6.49962,2114,32525,114,2019,47
tx,201948,2021-10-08,202139,96,7.33775,7.33775,1783,24299,117,2019,48
tx,201949,2021-10-08,202139,95,6.06795,6.06795,1902,31345,111,2019,49
tx,201950,2021-10-08,202139,94,8.66833,8.66833,2124,24503,98,2019,50
tx,201951,2021-10-08,202139,93,11.7639,11.7639,2605,22144,93,2019,51
tx,201952,2021-10-08,202139,92,15.2711,15.2711,2349,15382,91,2019,52
tx,202001,2021-10-08,202139,91,11.1836,11.1836,2933,26226,114,2020,1
tx,202002,2021-10-08,202139,90,10.007,10.007,3008,30059,116,2020,2
tx,202003,2021-10-08,202139,89,10.6001,10.6001,3100,29245,114,2020,3
tx,202004,2021-10-08,202139,88,10.8121,10.8121,3459,31992,114,2020,4
tx,202005,2021-10-08,202139,87,11.2149,11.2149,3818,34044,117,2020,5
tx,202006,2021-10-08,202139,86,10.7991,10.7991,3100,28706,118,2020,6
tx,202007,2021-10-08,202139,85,9.67974,9.67974,3098,32005,115,2020,7
tx,202008,2021-10-08,202139,84,8.9848,8.9848,2902,32299,116,2020,8
tx,202009,2021-10-08,202139,83,7.76767,7.76767,2458,31644,112,2020,9
tx,202010,2021-10-08,202139,82,8.06613,8.06613,2415,29940,106,2020,10
tx,202011,2021-10-08,202139,81,6.97331,6.97331,1792,25698,109,2020,11
tx,202012,2021-10-08,202139,80,8.17899,8.17899,1921,23487,102,2020,12
tx,202013,2021-10-08,202139,79,4.73626,4.73626,730,15413,102,2020,13
tx,202014,2021-10-08,202139,78,3.40379,3.40379,401,11781,94,2020,14
tx,202015,2021-10-08,202139,77,2.95355,2.95355,344,11647,101,2020,15
tx,202016,2021-10-08,202139,76,2.11486,2.11486,232,10970,96,2020,16
tx,202017,2021-10-08,202139,75,2.01192,2.01192,216,10736,94,2020,17
tx,202018,2021-10-08,202139,74,1.50659,1.50659,128,8496,78,2020,18
tx,202019,2021-10-08,202139,73,1.28713,1.28713,156,12120,91,2020,19
tx,202020,2021-10-08,202139,72,1.15489,1.15489,153,13248,92,2020,20
tx,202021,2021-10-08,202139,71,1.17085,1.17085,152,12982,88,2020,21
tx,202022,2021-10-08,202139,70,1.17903,1.17903,141,11959,82,2020,22
tx,202023,2021-10-08,202139,69,1.29584,1.29584,188,14508,84,2020,23
tx,202024,2021-10-08,202139,68,1.48445,1.48445,178,11991,72,2020,24
tx,202025,2021-10-08,202139,67,1.57013,1.57013,267,17005,81,2020,25
tx,202026,2021-10-08,202139,66,2.00472,2.00472,348,17359,78,2020,26
tx,202027,2021-10-08,202139,65,2.30817,2.30817,185,8015,67,2020,27
tx,202028,2021-10-08,202139,64,2.00485,2.00485,339,16909,79,2020,28
tx,202029,2021-10-08,202139,63,1.93511,1.93511,300,15503,77,2020,29
tx,202030,2021-10-08,202139,62,1.75671,1.75671,279,15882,77,2020,30
tx,202031,2021-10-08,202139,61,1.29616,1.29616,192,14813,79,2020,31
tx,202032,2021-10-08,202139,60,1.29878,1.29878,225,17324,80,2020,32
tx,202033,2021-10-08,202139,59,1.13144,1.13144,180,15909,79,2020,33
tx,202034,2021-10-08,202139,58,1.11167,1.11167,89,8006,30,2020,34
tx,202035,2021-10-08,202139,57,0.811312,0.811312,70,8628,65,2020,35
tx,202036,2021-10-08,202139,56,0.956881,0.956881,81,8465,30,2020,36
tx,202037,2021-10-08,202139,55,1.38769,1.38769,177,12755,43,2020,37
tx,202038,2021-10-08,202139,54,1.20619,1.20619,106,8788,30,2020,38
tx,202039,2021-10-08,202139,53,1.26102,1.26102,505,40047,56,2020,39
tx,202040,2022-10-07,202239,104,1.34739,1.34739,565,41933,65,2020,40
tx,202041,2022-10-07,202239,103,1.48922,1.48922,751,50429,81,2020,41
tx,202042,2022-10-07,202239,102,1.52946,1.52946,745,48710,74,2020,42
tx,202043,2022-10-07,202239,101,1.44101,1.44101,614,42609,65,2020,43
tx,202044,2022-10-07,202239,100,1.55983,1.55983,720,46159,76,2020,44
tx,202045,2022-10-07,202239,99,1.78136,1.78136,905,50804,82,2020,45
tx,202046,2022-10-07,202239,98,1.95164,1.95164,1038,53186,80,2020,46
tx,202047,2022-10-07,202239,97,1.83988,1.83988,936,50873,78,2020,47
tx,202048,2022-10-07,202239,96,1.88626,1.88626,801,42465,79,2020,48
tx,202049,2022-10-07,202239,95,1.76151,1.76151,794,45075,71,2020,49
tx,202050,2022-10-07,202239,94,1.675,1.675,834,49791,80,2020,50
tx,202051,2022-10-07,202239,93,1.7002,1.7002,638,37525,65,2020,51
tx,202052,2022-10-07,202239,92,1.77187,1.77187,722,40748,75,2020,52
tx,202053,2022-10-07,202239,91,1.89332,1.89332,739,39032,65,2020,53
tx,202101,2022-10-07,202239,90,1.66909,1.66909,872,52244,79,2021,1
tx,202102,2022-10-07,202239,89,1.31743,1.31743,539,40913,66,2021,2
tx,202103,2022-10-07,202239,88,1.57762,1.57762,766,48554,77,2021,3
tx,202104,2022-10-07,202239,87,1.40339,1.40339,594,42326,75,2021,4
tx,202105,2022-10-07,202239,86,2.42125,2.42125,1196,49396,80,2021,5
tx,202106,2022-10-07,202239,85,1.64613,1.64613,183,11117,41,2021,6
tx,202107,2022-10-07,202239,84,2.10627,2.10627,44,2089,40,2021,7
tx,202108,2022-10-07,202239,83,1.01233,1.01233,450,44452,62,2021,8
tx,202109,2022-10-07,202239,82,0.840607,0.840607,391,46514,78,2021,9
tx,202110,2022-10-07,202239,81,0.957728,0.957728,348,36336,60,2021,10
tx,202111,2022-10-07,202239,80,1.01826,1.01826,459,45077,73,2021,11
tx,202112,2022-10-07,202239,79,1.03076,1.03076,433,42008,73,2021,12
tx,202113,2022-10-07,202239,78,1.09897,1.09897,546,49683,76,2021,13
tx,202114,2022-10-07,202239,77,1.43881,1.43881,753,52335,75,2021,14
tx,202115,2022-10-07,202239,76,1.37112,1.37112,735,53606,74,2021,15
tx,202116,2022-10-07,202239,75,1.50096,1.50096,657,43772,60,2021,16
tx,202117,2022-10-07,202239,74,1.44488,1.44488,776,53707,73,2021,17
tx,202118,2022-10-07,202239,73,1.34863,1.34863,743,55093,73,2021,18
tx,202119,2022-10-07,202239,72,1.56741,1.56741,813,51869,73,2021,19
tx,202120,2022-10-07,202239,71,1.70683,1.70683,799,46812,58,2021,20
tx,202121,2022-10-07,202239,70,1.53327,1.53327,718,46828,60,2021,21
tx,202122,2022-10-07,202239,69,1.63366,1.63366,759,46460,66,2021,22
tx,202123,2022-10-07,202239,68,1.59782,1.59782,685,42871,50,2021,23
tx,202124,2022-10-07,202239,67,1.75301,1.75301,785,44780,49,2021,24
tx,202125,2022-10-07,202239,66,1.80993,1.80993,806,44532,49,2021,25
tx,202126,2022-10-07,202239,65,1.6921,1.6921,734,43378,48,2021,26
tx,202127,2022-10-07,202239,64,1.9251,1.9251,935,48569,61,2021,27
tx,202128,2022-10-07,202239,63,2.04186,2.04186,1043,51081,62,2021,28
tx,202129,2022-10-07,202239,62,2.37653,2.37653,1254,52766,63,2021,29
tx,202130,2022-10-07,202239,61,2.56915,2.56915,1410,54882,61,2021,30
tx,202131,2022-10-07,202239,60,2.70133,2.70133,1441,53344,61,2021,31
tx,202132,2022-10-07,202239,59,2.59402,2.59402,1536,59213,63,2021,32
tx,202133,2022-10-07,202239,58,2.80512,2.80512,1479,52725,58,2021,33
tx,202134,2022-10-07,202239,57,3.31348,3.31348,1864,56255,59,2021,34
tx,202135,2022-10-07,202239,56,3.38288,3.38288,1773,52411,58,2021,35
tx,202136,2022-10-07,202239,55,3.16486,3.16486,1402,44299,46,2021,36
tx,202137,2022-10-07,202239,54,2.72222,2.72222,1387,50951,57,2021,37
tx,202138,2022-10-07,202239,53,2.26962,2.26962,1163,51242,60,2021,38
tx,202139,2022-10-07,202239,52,2.21705,2.21705,1123,50653,60,2021,39
tx,202140,2023-10-06,202339,103,2.42552,2.42552,1314,54174,77,2021,40
tx,202141,2023-10-06,202339,102,2.20494,2.20494,1157,52473,72,2021,41
tx,202142,2023-10-06,202339,101,2.21965,2.21965,1150,51810,77,2021,42
tx,202143,2023-10-06,202339,100,2.29476,2.29476,1089,47456,60,2021,43
tx,202144,2023-10-06,202339,99,2.48411,2.48411,1290,51930,72,2021,44
tx,202145,2023-10-06,202339,98,2.55344,2.55344,1443,56512,74,2021,45
tx,202146,2023-10-06,202339,97,3.38916,3.38916,1811,53435,73,2021,46
tx,202147,2023-10-06,202339,96,3.14017,3.14017,1404,44711,71,2021,47
tx,202148,2023-10-06,202339,95,2.49466,2.49466,1331,53354,73,2021,48
tx,202149,2023-10-06,202339,94,3.07536,3.07536,1663,54075,74,2021,49
tx,202150,2023-10-06,202339,93,3.7103,3.7103,1833,49403,71,2021,50
tx,202151,2023-10-06,202339,92,3.74172,3.74172,1801,48133,75,2021,51
tx,202152,2023-10-06,202339,91,5.31232,5.31232,3378,63588,67,2021,52
tx,202201,2023-10-06,202339,90,6.16083,6.16083,3882,63011,70,2022,1
tx,202202,2023-10-06,202339,89,5.75791,5.75791,3413,59275,74,2022,2
tx,202203,2023-10-06,202339,88,4.86134,4.86134,2491,51241,73,2022,3
tx,202204,2023-10-06,202339,87,3.24956,3.24956,1611,49576,71,2022,4
tx,202205,2023-10-06,202339,86,2.55138,2.55138,1023,40096,69,2022,5
tx,202206,2023-10-06,202339,85,2.21323,2.21323,1001,45228,74,2022,6
tx,202207,2023-10-06,202339,84,2.50793,2.50793,1217,48526,73,2022,7
tx,202208,2023-10-06,202339,83,2.50313,2.50313,1199,47900,74,2022,8
tx,202209,2023-10-06,202339,82,3.08609,3.08609,1425,46175,70,2022,9
tx,202210,2023-10-06,202339,81,3.35177,3.35177,1642,48989,70,2022,10
tx,202211,2023-10-06,202339,80,3.22607,3.22607,1576,48852,71,2022,11
tx,202212,2023-10-06,202339,79,3.02515,3.02515,1547,51138,71,2022,12
tx,202213,2023-10-06,202339,78,2.90498,2.90498,1605,55250,74,2022,13
tx,202214,2023-10-06,202339,77,2.50129,2.50129,1498,59889,79,2022,14
tx,202215,2023-10-06,202339,76,2.41557,2.41557,1394,57709,78,2022,15
tx,202216,2023-10-06,202339,75,2.42739,2.42739,1400,57675,77,2022,16
tx,202217,2023-10-06,202339,74,2.32493,2.32493,2153,92605,75,2022,17
tx,202218,2023-10-06,202339,73,2.27896,2.27896,1330,58360,76,2022,18
tx,202219,2023-10-06,202339,72,2.32925,2.32925,2053,88140,77,2022,19
tx,202220,2023-10-06,202339,71,2.26227,2.26227,1396,61708,77,2022,20
tx,202221,2023-10-06,202339,70,2.11662,2.11662,2040,96380,77,2022,21
tx,202222,2023-10-06,202339,69,2.53696,2.53696,1378,54317,73,2022,22
tx,202223,2023-10-06,202339,68,2.47614,2.47614,1336,53955,69,2022,23
tx,202224,2023-10-06,202339,67,2.35681,2.35681,1269,53844,67,2022,24
tx,202225,2023-10-06,202339,66,2.11761,2.11761,1143,53976,71,2022,25
tx,202226,2023-10-06,202339,65,2.36787,2.36787,1077,45484,50,2022,26
tx,202227,2023-10-06,202339,64,2.64074,2.64074,1290,48850,64,2022,27
tx,202228,2023-10-06,202339,63,2.36695,2.36695,1191,50318,53,2022,28
tx,202229,2023-10-06,202339,62,2.46876,2.46876,1231,49863,53,2022,29
tx,202230,2023-10-06,202339,61,2.4976,2.4976,1170,46845,51,2022,30
tx,202231,2023-10-06,202339,60,1.94617,1.94617,956,49122,53,2022,31
tx,202232,2023-10-06,202339,59,1.83804,1.83804,892,48530,53,2022,32
tx,202233,2023-10-06,202339,58,2.23971,2.23971,1130,50453,52,2022,33
tx,202234,2023-10-06,202339,57,3.39012,3.39012,1811,53420,51,2022,34
tx,202235,2023-10-06,202339,56,4.04506,4.04506,2122,52459,48,2022,35
tx,202236,2023-10-06,202339,55,3.92683,3.92683,1930,49149,51,2022,36
tx,202237,2023-10-06,202339,54,3.76957,3.76957,1948,51677,51,2022,37
tx,202238,2023-10-06,202339,53,4.70016,4.70016,2621,55764,52,2022,38
tx,202239,2023-10-06,202339,52,4.37227,4.37227,2372,54251,52,2022,39
tx,202240,2024-10-04,202439,103,4.69311,4.69311,2654,56551,60,2022,40
tx,202241,2024-10-04,202439,102,5.40857,5.40857,3328,61532,62,2022,41
tx,202242,2024-10-04,202439,101,6.0281,6.0281,3720,61711,60,2022,42
tx,202243,2024-10-04,202439,100,7.72925,7.72925,5069,65582,61,2022,43
tx,202244,2024-10-04,202439,99,8.54895,8.54895,5726,66979,62,2022,44
tx,202245,2024-10-04,202439,98,9.8796,9.8796,5063,51247,61,2022,45
tx,202246,2024-10-04,202439,97,9.87538,9.87538,3677,37234,50,2022,46
tx,202247,2024-10-04,202439,96,9.18269,9.18269,4948,53884,61,2022,47
tx,202248,2024-10-04,202439,95,8.16427,8.16427,5139,62945,59,2022,48
tx,202249,2024-10-04,202439,94,7.90764,7.90764,4644,58728,58,2022,49
tx,202250,2024-10-04,202439,93,7.05818,7.05818,4013,56856,58,2022,50
tx,202251,2024-10-04,202439,92,6.69468,6.69468,3075,45932,57,2022,51
tx,202252,2024-10-04,202439,91,6.58356,6.58356,3871,58798,53,2022,52
tx,202301,2024-10-04,202439,90,5.28723,5.28723,2751,52031,56,2023,1
tx,202302,2024-10-04,202439,89,4.12182,4.12182,2443,59270,59,2023,2
tx,202303,2024-10-04,202439,88,3.70605,3.70605,2107,56853,45,2023,3
tx,202304,2024-10-04,202439,87,3.82218,3.82218,2048,53582,43,2023,4
tx,202305,2024-10-04,202439,86,3.51183,3.51183,1633,46500,42,2023,5
tx,202306,2024-10-04,202439,85,3.36758,3.36758,1878,55767,45,2023,6
tx,202307,2024-10-04,202439,84,3.2415,3.2415,1666,51396,43,2023,7
tx,202308,2024-10-04,202439,83,2.98713,2.98713,1711,57279,45,2023,8
tx,202309,2024-10-04,202439,82,3.01918,3.01918,1843,61043,59,2023,9
tx,202310,2024-10-04,202439,81,2.98894,2.98894,1778,59486,60,2023,10
tx,202311,2024-10-04,202439,80,2.45286,2.45286,1336,54467,59,2023,11
tx,202312,2024-10-04,202439,79,2.28697,2.28697,1255,54876,42,2023,12
tx,202313,2024-10-04,202439,78,2.43677,2.43677,1424,58438,45,2023,13
tx,202314,2024-10-04,202439,77,2.57977,2.57977,1406,54501,44,2023,14
tx,202315,2024-10-04,202439,76,2.55892,2.55892,1520,59400,43,2023,15
tx,202316,2024-10-04,202439,75,2.68883,2.68883,1671,62146,58,2023,16
tx,202317,2024-10-04,202439,74,2.58831,2.58831,1593,61546,59,2023,17
tx,202318,2024-10-04,202439,73,2.90948,2.90948,1674,57536,59,2023,18
tx,202319,2024-10-04,202439,72,2.57569,2.57569,1511,58664,57,2023,19
tx,202320,2024-10-04,202439,71,2.64719,2.64719,1165,44009,57,2023,20
tx,202321,2024-10-04,202439,70,2.55126,2.55126,708,27751,41,2023,21
tx,202322,2024-10-04,202439,69,2.24826,2.24826,1086,48304,51,2023,22
tx,202323,2024-10-04,202439,68,1.45601,1.45601,696,47802,50,2023,23
tx,202324,2024-10-04,202439,67,1.58116,1.58116,752,47560,50,2023,24
tx,202325,2024-10-04,202439,66,1.34379,1.34379,653,48594,49,2023,25
tx,202326,2024-10-04,202439,65,1.54249,1.54249,790,51216,51,2023,26
tx,202327,2024-10-04,202439,64,1.4232,1.4232,670,47077,51,2023,27
tx,202328,2024-10-04,202439,63,1.46691,1.46691,703,47924,50,2023,28
tx,202329,2024-10-04,202439,62,1.26367,1.26367,639,50567,50,2023,29
tx,202330,2024-10-04,202439,61,1.39884,1.39884,660,47182,46,2023,30
tx,202331,2024-10-04,202439,60,1.65118,1.65118,757,45846,48,2023,31
tx,202332,2024-10-04,202439,59,1.66282,1.66282,735,44202,33,2023,32
tx,202333,2024-10-04,202439,58,2.10653,2.10653,893,42392,32,2023,33
tx,202334,2024-10-04,202439,57,2.62923,2.62923,1328,50509,33,2023,34
tx,202335,2024-10-04,202439,56,3.87485,3.87485,2098,54144,47,2023,35
tx,202336,2024-10-04,202439,55,3.9182,3.9182,1527,38972,47,2023,36
tx,202337,2024-10-04,202439,54,3.15272,3.15272,1610,51067,47,2023,37
tx,202338,2024-10-04,202439,53,2.32654,2.32654,1127,48441,45,2023,38
tx,202339,2024-10-04,202439,52,2.69713,2.69713,1426,52871,46,2023,39
tx,202340,2025-09-26,202538,102,3.46579,3.46579,1726,49801,51,2023,40
tx,202341,2025-09-26,202538,101,3.47986,3.47986,1717,49341,52,2023,41
tx,202342,2025-09-26,202538,100,3.99797,3.99797,2051,51301,52,2023,42
tx,202343,2025-09-26,202538,99,4.29037,4.29037,2240,52210,53,2023,43
tx,202344,2025-09-26,202538,98,4.62865,4.62865,2238,48351,53,2023,44
tx,202345,2025-09-26,202538,97,5.6689,5.6689,2923,51562,54,2023,45
tx,202346,2025-09-26,202538,96,6.3708,6.3708,3283,51532,54,2023,46
tx,202347,2025-09-26,202538,95,6.50612,6.50612,2553,39240,55,2023,47
tx,202348,2025-09-26,202538,94,5.95097,5.95097,2821,47404,39,2023,48
tx,202349,2025-09-26,202538,93,6.28209,6.28209,3010,47914,39,2023,49
tx,202350,2025-09-26,202538,92,7.15726,7.15726,3549,49586,54,2023,50
tx,202351,2025-09-26,202538,91,8.26591,8.26591,4046,48948,39,2023,51
tx,202352,2025-09-26,202538,90,7.37873,7.37873,3307,44818,51,2023,52
tx,202401,2025-09-26,202538,89,7.33991,7.33991,3480,47412,52,2024,1
tx,202402,2025-09-26,202538,88,5.74415,5.74415,2885,50225,52,2024,2
tx,202403,2025-09-26,202538,87,6.45288,6.45288,2948,45685,53,2024,3
tx,202404,2025-09-26,202538,86,7.41785,7.41785,4050,54598,53,2024,4
tx,202405,2025-09-26,202538,85,8.58243,8.58243,4858,56604,53,2024,5
tx,202406,2025-09-26,202538,84,7.46488,7.46488,4161,55741,52,2024,6
tx,202407,2025-09-26,202538,83,6.33616,6.33616,3314,52303,54,2024,7
tx,202408,2025-09-26,202538,82,5.70926,5.70926,3081,53965,54,2024,8
tx,202409,2025-09-26,202538,81,4.91056,4.91056,2630,53558,54,2024,9
tx,202410,2025-09-26,202538,80,4.68026,4.68026,2222,47476,54,2024,10
tx,202411,2025-09-26,202538,79,4.50151,4.50151,1462,32478,46,2024,11
tx,202412,2025-09-26,202538,78,3.48645,3.48645,1688,48416,52,2024,12
tx,202413,2025-09-26,202538,77,3.49867,3.49867,1635,46732,51,2024,13
tx,202414,2025-09-26,202538,76,3.19234,3.19234,1557,48773,38,2024,14
tx,202415,2025-09-26,202538,75,3.27859,3.27859,1703,51943,51,2024,15
tx,202416,2025-09-26,202538,74,2.92862,2.92862,1544,52721,53,2024,16
tx,202417,2025-09-26,202538,73,2.85217,2.85217,1442,50558,52,2024,17
tx,202418,2025-09-26,202538,72,2.78647,2.78647,1443,51786,52,2024,18
tx,202419,2025-09-26,202538,71,2.77788,2.77788,1449,52162,52,2024,19
tx,202420,2025-09-26,202538,70,2.63185,2.63185,1283,48749,38,2024,20
tx,202421,2025-09-26,202538,69,2.63975,2.63975,1232,46671,36,2024,21
tx,202422,2025-09-26,202538,68,2.48773,2.48773,1090,43815,36,2024,22
tx,202423,2025-09-26,202538,67,2.1227,2.1227,965,45461,36,2024,23
tx,202424,2025-09-26,202538,66,2.25112,2.25112,1016,45133,36,2024,24
tx,202425,2025-09-26,202538,65,2.02188,2.02188,876,43326,36,2024,25
tx,202426,2025-09-26,202538,64,2.04044,2.04044,892,43716,35,2024,26
tx,202427,2025-09-26,202538,63,1.49893,1.49893,602,40162,34,2024,27
tx,202428,2025-09-26,202538,62,2.14924,2.14924,964,44853,49,2024,28
tx,202429,2025-09-26,202538,61,2.2736,2.2736,952,41872,35,2024,29
tx,202430,2025-09-26,202538,60,2.54975,2.54975,1043,40906,35,2024,30
tx,202431,2025-09-26,202538,59,2.41333,2.41333,1024,42431,35,2024,31
tx,202432,2025-09-26,202538,58,2.36305,2.36305,1009,42699,35,2024,32
tx,202433,2025-09-26,202538,57,2.20275,2.20275,1028,46669,50,2024,33
tx,202434,2025-09-26,202538,56,2.81698,2.81698,1425,50586,50,2024,34
tx,202435,2025-09-26,202538,55,3.77615,3.77615,1915,50713,50,2024,35
tx,202436,2025-09-26,202538,54,3.06199,3.06199,1350,44089,48,2024,36
tx,202437,2025-09-26,202538,53,3.06496,3.06496,1533,50017,49,2024,37
tx,202438,2025-09-26,202538,52,2.71353,2.71353,1362,50193,49,2024,38
tx,202439,2025-09-26,202538,51,2.5152,2.5152,1158,46040,48,2024,39
tx,202440,2026-09-11,202635,100,2.44141,2.44141,1122,45957,48,2024,40
tx,202441,2026-09-11,202635,99,2.54252,2.54252,1169,45978,48,2024,41
tx,202442,2026-09-11,202635,98,2.34834,2.34834,1166,49652,48,2024,42
tx,202443,2026-09-11,202635,97,2.48267,2.48267,1128,45435,48,2024,43
tx,202444,2026-09-11,202635,96,2.70384,2.70384,1216,44973,48,2024,44
tx,202445,2026-09-11,202635,95,2.761,2.761,1225,44368,47,2024,45
tx,202446,2026-09-11,202635,94,3.5363,3.5363,1607,45443,48,2024,46
tx,202447,2026-09-11,202635,93,3.72385,3.72385,1684,45222,48,2024,47
tx,202448,2026-09-11,202635,92,3.90811,3.90811,1429,36565,47,2024,48
tx,202449,2026-09-11,202635,91,3.6419,3.6419,1639,45004,47,2024,49
tx,202450,2026-09-11,202635,90,4.3545,4.3545,1928,44276,48,2024,50
tx,202451,2026-09-11,202635,89,5.55531,5.55531,2468,44426,47,2024,51
tx,202452,2026-09-11,202635,88,7.1414,7.1414,2794,39124,45,2024,52
wa,201040,2017-10-24,201740,365,0.510041,0.510041,16,3137,17,2010,40
wa,201041,2017-10-24,201740,364,1.04007,1.04007,34,3269,16,2010,41
wa,201042,2017-10-24,201740,363,0.904393,0.904393,28,3096,15,2010,42
wa,201043,2017-10-24,201740,362,0.95511,0.95511,30,3141,15,2010,43
wa,201044,2017-10-24,201740,361,0.78637,0.78637,24,3052,15,2010,44
wa,201045,2017-10-24,201740,360,1.06724,1.06724,40,3748,18,2010,45
wa,201046,2017-10-24,201740,359,1.33132,1.33132,44,3305,16,2010,46
wa,201047,2017-10-24,201740,358,1.87333,1.87333,21,1121,14,2010,47
wa,201048,2017-10-24,201740,357,0.981767,0.981767,35,3565,17,2010,48
wa,201049,2017-10-24,201740,356,0.96463,0.96463,33,3421,17,2010,49
wa,201050,2017-10-24,201740,355,0.647549,0.647549,14,2162,16,2010,50
wa,201051,2017-10-24,201740,354,0.387097,0.387097,6,1550,17,2010,51
wa,201052,2017-10-24,201740,353,2.45902,2.45902,30,1220,15,2010,52
wa,201101,2017-10-24,201740,352,1.5224,1.5224,35,2299,15,2011,1
wa,201102,2017-10-24,201740,351,1.21906,1.21906,33,2707,16,2011,2
wa,201103,2017-10-24,201740,350,0.721046,0.721046,16,2219,14,2011,3
wa,201104,2017-10-24,201740,349,1.81388,1.81388,46,2536,14,2011,4
wa,201105,2017-10-24,201740,348,2.81109,2.81109,75,2668,15,2011,5
wa,201106,2017-10-24,201740,347,2.16644,2.16644,63,2908,16,2011,6
wa,201107,2017-10-24,201740,346,4.14244,4.14244,114,2752,14,2011,7
wa,201108,2017-10-24,201740,345,3.80721,3.80721,94,2469,14,2011,8
wa,201109,2017-10-24,201740,344,3.46903,3.46903,98,2825,14,2011,9
wa,201110,2017-10-24,201740,343,3.04946,3.04946,82,2689,15,2011,10
wa,201111,2017-10-24,201740,342,3.64271,3.64271,73,2004,16,2011,11
wa,201112,2017-10-24,201740,341,3.06081,3.06081,76,2483,16,2011,12
wa,201113,2017-10-24,201740,340,1.54696,1.54696,42,2715,14,2011,13
wa,201114,2017-10-24,201740,339,0.79858,0.79858,18,2254,11,2011,14
wa,201115,2017-10-24,201740,338,0.970497,0.970497,25,2576,12,2011,15
wa,201116,2017-10-24,201740,337,1.38714,1.38714,33,2379,11,2011,16
wa,201117,2017-10-24,201740,336,0.649087,0.649087,16,2465,11,2011,17
wa,201118,2017-10-24,201740,335,0.720721,0.720721,16,2220,10,2011,18
wa,201119,2017-10-24,201740,334,0.580781,0.580781,11,1894,11,2011,19
wa,201120,2017-10-24,201740,333,0.498132,0.498132,8,1606,10,2011,20
wa,201121,2017-10-24,201740,332,0.18018,0.18018,2,1110,6,2011,21
wa,201122,2017-10-24,201740,331,0.297177,0.297177,2,673,5,2011,22
wa,201123,2017-10-24,201740,330,0.332226,0.332226,3,903,5,2011,23
wa,201124,2017-10-24,201740,329,0.268097,0.268097,1,373,5,2011,24
wa,201125,2017-10-24,201740,328,0.0,0.0,0,446,4,2011,25
wa,201126,2017-10-24,201740,327,0.0,0.0,0,495,4,2011,26
wa,201127,2017-10-24,201740,326,0.0,0.0,0,344,4,2011,27
wa,201128,2017-10-24,201740,325,0.0,0.0,0,389,4,2011,28
wa,201129,2017-10-24,201740,324,0.0,0.0,0,477,4,2011,29
wa,201130,2017-10-24,201740,323,0.0,0.0,0,638,5,2011,30
wa,201131,2017-10-24,201740,322,0.0,0.0,0,578,5,2011,31
wa,201132,2017-10-24,201740,321,0.0,0.0,0,647,5,2011,32
wa,201133,2017-10-24,201740,320,0.0,0.0,0,847,5,2011,33
wa,201134,2017-10-24,201740,319,0.0791766,0.0791766,1,1263,5,2011,34
wa,201135,2017-10-24,201740,318,0.0,0.0,0,1215,4,2011,35
wa,201136,2017-10-24,201740,317,0.0934579,0.0934579,1,1070,5,2011,36
wa,201137,2017-10-24,201740,316,0.078064,0.078064,1,1281,5,2011,37
wa,201138,2017-10-24,201740,315,0.22409,0.22409,4,1785,6,2011,38
wa,201139,2017-10-24,201740,314,0.0,0.0,0,1511,4,2011,39
wa,201140,2017-10-24,201740,313,0.505386,0.505386,38,7519,17,2011,40
wa,201141,2017-10-24,201740,312,0.495616,0.495616,39,7869,18,2011,41
wa,201142,2017-10-24,201740,311,0.395257,0.395257,32,8096,20,2011,42
wa,201143,2017-10-24,201740,310,0.467738,0.467738,39,8338,21,2011,43
wa,201144,2017-10-24,201740,309,0.666747,0.666747,55,8249,22,2011,44
wa,201145,2017-10-24,201740,308,0.515399,0.515399,41,7955,19,2011,45
wa,201146,2017-10-24,201740,307,0.671551,0.671551,55,8190,20,2011,46
wa,201147,2017-10-24,201740,306,0.818984,0.818984,39,4762,20,2011,47
wa,201148,2017-10-24,201740,305,0.508475,0.508475,42,8260,19,2011,48
wa,201149,2017-10-24,201740,304,0.350482,0.350482,28,7989,18,2011,49
wa,201150,2017-10-24,201740,303,0.658171,0.658171,47,7141,18,2011,50
wa,201151,2017-10-24,201740,302,0.777116,0.777116,47,6048,18,2011,51
wa,201152,2017-10-24,201740,301,0.953437,0.953437,43,4510,18,2011,52
wa,201201,2017-10-24,201740,300,0.922381,0.922381,53,5746,17,2012,1
wa,201202,2017-10-24,201740,299,0.587215,0.587215,44,7493,17,2012,2
wa,201203,2017-10-24,201740,298,0.965825,0.965825,39,4038,19,2012,3
wa,201204,2017-10-24,201740,297,0.605462,0.605462,49,8093,20,2012,4
wa,201205,2017-10-24,201740,296,1.15514,1.15514,93,8051,20,2012,5
wa,201206,2017-10-24,201740,295,1.1169,1.1169,90,8058,19,2012,6
wa,201207,2017-10-24,201740,294,1.0736,1.0736,83,7731,19,2012,7
wa,201208,2017-10-24,201740,293,1.29669,1.29669,92,7095,17,2012,8
wa,201209,2017-10-24,201740,292,1.1092,1.1092,84,7573,17,2012,9
wa,201210,2017-10-24,201740,291,1.44724,1.44724,103,7117,17,2012,10
wa,201211,2017-10-24,201740,290,1.50504,1.50504,97,6445,17,2012,11
wa,201212,2017-10-24,201740,289,1.14068,1.14068,78,6838,18,2012,12
wa,201213,2017-10-24,201740,288,1.51493,1.51493,102,6733,16,2012,13
wa,201214,2017-10-24,201740,287,1.62086,1.62086,115,7095,18,2012,14
wa,201215,2017-10-24,201740,286,1.7378,1.7378,125,7193,16,2012,15
wa,201216,2017-10-24,201740,285,1.67574,1.67574,120,7161,17,2012,16
wa,201217,2017-10-24,201740,284,1.37635,1.37635,93,6757,15,2012,17
wa,201218,2017-10-24,201740,283,1.52914,1.52914,106,6932,15,2012,18
wa,201219,2017-10-24,201740,282,1.17981,1.17981,79,6696,16,2012,19
wa,201220,2017-10-24,201740,281,0.843486,0.843486,54,6402,14,2012,20
wa,201221,2017-10-24,201740,280,0.46595,0.46595,26,5580,12,2012,21
wa,201222,2017-10-24,201740,279,0.558036,0.558036,25,4480,11,2012,22
wa,201223,2017-10-24,201740,278,0.362457,0.362457,19,5242,10,2012,23
wa,201224,2017-10-24,201740,277,0.313849,0.313849,16,5098,10,2012,24
wa,201225,2017-10-24,201740,276,0.350443,0.350443,17,4851,9,2012,25
wa,201226,2017-10-24,201740,275,0.367985,0.367985,16,4348,8,2012,26
wa,201227,2017-10-24,201740,274,0.379673,0.379673,13,3424,8,2012,27
wa,201228,2017-10-24,201740,273,0.275166,0.275166,12,4361,8,2012,28
wa,201229,2017-10-24,201740,272,0.274348,0.274348,12,4374,8,2012,29
wa,201230,2017-10-24,201740,271,0.295455,0.295455,13,4400,8,2012,30
wa,201231,2017-10-24,201740,270,0.201381,0.201381,7,3476,8,2012,31
wa,201232,2017-10-24,201740,269,0.320366,0.320366,14,4370,8,2012,32
wa,201233,2017-10-24,201740,268,0.24758,0.24758,11,4443,8,2012,33
wa,201234,2017-10-24,201740,267,0.29017,0.29017,8,2757,8,2012,34
wa,201235,2017-10-24,201740,266,0.160037,0.160037,7,4374,8,2012,35
wa,201236,2017-10-24,201740,265,0.341566,0.341566,13,3806,9,2012,36
wa,201237,2017-10-24,201740,264,0.192926,0.192926,9,4665,9,2012,37
wa,201238,2017-10-24,201740,263,0.396476,0.396476,18,4540,9,2012,38
wa,201239,2017-10-24,201740,262,0.340393,0.340393,18,5288,10,2012,39
wa,201240,2017-10-24,201740,261,0.527558,0.527558,38,7203,18,2012,40
wa,201241,2017-10-24,201740,260,0.527774,0.527774,40,7579,19,2012,41
wa,201242,2017-10-24,201740,259,0.657718,0.657718,49,7450,19,2012,42
wa,201243,2017-10-24,201740,258,0.63963,0.63963,47,7348,19,2012,43
wa,201244,2017-10-24,201740,257,0.851955,0.851955,61,7160,19,2012,44
wa,201245,2017-10-24,201740,256,0.793966,0.793966,60,7557,18,2012,45
wa,201246,2017-10-24,201740,255,1.21024,1.21024,86,7106,20,2012,46
wa,201247,2017-10-24,201740,254,1.23484,1.23484,56,4535,19,2012,47
wa,201248,2017-10-24,201740,253,0.970748,0.970748,75,7726,19,2012,48
wa,201249,2017-10-24,201740,252,0.98488,0.98488,71,7209,19,2012,49
wa,201250,2017-10-24,201740,251,1.15527,1.15527,100,8656,21,2012,50
wa,201251,2017-10-24,201740,250,1.46423,1.46423,88,6010,19,2012,51
wa,201252,2017-10-24,201740,249,2.72053,2.72053,99,3639,18,2012,52
wa,201301,2017-10-24,201740,248,2.77656,2.77656,127,4574,19,2013,1
wa,201302,2017-10-24,201740,247,2.30206,2.30206,173,7515,19,2013,2
wa,201303,2017-10-24,201740,246,2.94155,2.94155,231,7853,18,2013,3
wa,201304,2017-10-24,201740,245,3.58913,3.58913,181,5043,18,2013,4
wa,201305,2017-10-24,201740,244,2.47019,2.47019,174,7044,18,2013,5
wa,201306,2017-10-24,201740,243,2.10597,2.10597,157,7455,19,2013,6
wa,201307,2017-10-24,201740,242,1.67155,1.67155,114,6820,17,2013,7
wa,201308,2017-10-24,201740,241,1.3867,1.3867,88,6346,18,2013,8
wa,201309,2017-10-24,201740,240,1.34397,1.34397,96,7143,17,2013,9
wa,201310,2017-10-24,201740,239,1.14811,1.14811,80,6968,19,2013,10
wa,201311,2017-10-24,201740,238,0.803281,0.803281,47,5851,17,2013,11
wa,201312,2017-10-24,201740,237,0.493316,0.493316,31,6284,16,2013,12
wa,201313,2017-10-24,201740,236,0.693739,0.693739,41,5910,17,2013,13
wa,201314,2017-10-24,201740,235,0.786138,0.786138,49,6233,17,2013,14
wa,201315,2017-10-24,201740,234,0.497512,0.497512,31,6231,15,2013,15
wa,201316,2017-10-24,201740,233,0.392157,0.392157,25,6375,17,2013,16
wa,201317,2017-10-24,201740,232,0.393999,0.393999,26,6599,17,2013,17
wa,201318,2017-10-24,201740,231,0.476996,0.476996,31,6499,17,2013,18
wa,201319,2017-10-24,201740,230,0.304169,0.304169,17,5589,12,2013,19
wa,201320,2017-10-24,201740,229,0.310843,0.310843,17,5469,12,2013,20
wa,201321,2017-10-24,201740,228,0.247525,0.247525,13,5252,12,2013,21
wa,201322,2017-10-24,201740,227,0.410023,0.410023,18,4390,12,2013,22
wa,201323,2017-10-24,201740,226,0.38817,0.38817,21,5410,11,2013,23
wa,201324,2017-10-24,201740,225,0.403691,0.403691,21,5202,11,2013,24
wa,201325,2017-10-24,201740,224,0.432113,0.432113,19,4397,11,2013,25
wa,201326,2017-10-24,201740,223,0.223564,0.223564,10,4473,10,2013,26
wa,201327,2017-10-24,201740,222,0.290698,0.290698,10,3440,9,2013,27
wa,201328,2017-10-24,201740,221,0.253218,0.253218,12,4739,9,2013,28
wa,201329,2017-10-24,201740,220,0.334798,0.334798,16,4779,9,2013,29
wa,201330,2017-10-24,201740,219,0.242772,0.242772,11,4531,9,2013,30
wa,201331,2017-10-24,201740,218,0.118147,0.118147,5,4232,9,2013,31
wa,201332,2017-10-24,201740,217,0.162225,0.162225,7,4315,9,2013,32
wa,201333,2017-10-24,201740,216,0.205497,0.205497,8,3893,9,2013,33
wa,201334,2017-10-24,201740,215,0.205109,0.205109,11,5363,9,2013,34
wa,201335,2017-10-24,201740,214,0.180759,0.180759,9,4979,9,2013,35
wa,201336,2017-10-24,201740,213,0.143301,0.143301,6,4187,9,2013,36
wa,201337,2017-10-24,201740,212,0.203139,0.203139,11,5415,9,2013,37
wa,201338,2017-10-24,201740,211,0.210647,0.210647,11,5222,8,2013,38
wa,201339,2017-10-24,201740,210,0.309438,0.309438,18,5817,9,2013,39
wa,201340,2017-10-24,201740,209,0.569882,0.569882,40,7019,16,2013,40
wa,201341,2017-10-24,201740,208,0.469106,0.469106,35,7461,16,2013,41
wa,201342,2017-10-24,201740,207,0.462509,0.462509,33,7135,16,2013,42
wa,201343,2017-10-24,201740,206,0.654889,0.654889,43,6566,16,2013,43
wa,201344,2017-10-24,201740,205,0.587889,0.587889,40,6804,17,2013,44
wa,201345,2017-10-24,201740,204,0.39869,0.39869,28,7023,16,2013,45
wa,201346,2017-10-24,201740,203,0.43734,0.43734,29,6631,16,2013,46
wa,201347,2017-10-24,201740,202,0.334935,0.334935,23,6867,16,2013,47
wa,201348,2017-10-24,201740,201,0.858586,0.858586,34,3960,17,2013,48
wa,201349,2017-10-24,201740,200,0.625286,0.625286,41,6557,16,2013,49
wa,201350,2017-10-24,201740,199,0.740157,0.740157,47,6350,16,2013,50
wa,201351,2017-10-24,201740,198,0.871776,0.871776,48,5506,16,2013,51
wa,201352,2017-10-24,201740,197,2.24373,2.24373,51,2273,16,2013,52
wa,201401,2017-10-24,201740,196,2.40189,2.40189,71,2956,16,2014,1
wa,201402,2017-10-24,201740,195,2.57345,2.57345,127,4935,15,2014,2
wa,201403,2017-10-24,201740,194,2.15034,2.15034,117,5441,15,2014,3
wa,201404,2017-10-24,201740,193,2.37034,2.37034,117,4936,16,2014,4
wa,201405,2017-10-24,201740,192,1.72016,1.72016,82,4767,15,2014,5
wa,201406,2017-10-24,201740,191,1.64107,1.64107,78,4753,15,2014,6
wa,201407,2017-10-24,201740,190,1.43451,1.43451,69,4810,15,2014,7
wa,201408,2017-10-24,201740,189,1.51721,1.51721,67,4416,15,2014,8
wa,201409,2017-10-24,201740,188,0.580191,0.580191,28,4826,14,2014,9
wa,201410,2017-10-24,201740,187,0.724638,0.724638,35,4830,14,2014,10
wa,201411,2017-10-24,201740,186,0.65596,0.65596,29,4421,14,2014,11
wa,201412,2017-10-24,201740,185,0.856007,0.856007,28,3271,12,2014,12
wa,201413,2017-10-24,201740,184,0.735294,0.735294,28,3808,11,2014,13
wa,201414,2017-10-24,201740,183,0.648571,0.648571,27,4163,11,2014,14
wa,201415,2017-10-24,201740,182,0.548902,0.548902,22,4008,11,2014,15
wa,201416,2017-10-24,201740,181,0.682996,0.682996,29,4246,11,2014,16
wa,201417,2017-10-24,201740,180,0.681872,0.681872,29,4253,11,2014,17
wa,201418,2017-10-24,201740,179,0.401417,0.401417,17,4235,11,2014,18
wa,201419,2017-10-24,201740,178,0.607681,0.607681,25,4114,11,2014,19
wa,201420,2017-10-24,201740,177,0.407166,0.407166,15,3684,10,2014,20
wa,201421,2017-10-24,201740,176,0.609579,0.609579,21,3445,10,2014,21
wa,201422,2017-10-24,201740,175,0.38583,0.38583,11,2851,10,2014,22
wa,201423,2017-10-24,201740,174,0.402414,0.402414,14,3479,9,2014,23
wa,201424,2017-10-24,201740,173,0.454959,0.454959,15,3297,8,2014,24
wa,201425,2017-10-24,201740,172,0.529301,0.529301,14,2645,7,2014,25
wa,201426,2017-10-24,201740,171,0.45854,0.45854,12,2617,7,2014,26
wa,201427,2017-10-24,201740,170,0.241896,0.241896,5,2067,7,2014,27
wa,201428,2017-10-24,201740,169,0.372362,0.372362,9,2417,7,2014,28
wa,201429,2017-10-24,201740,168,0.265152,0.265152,7,2640,7,2014,29
wa,201430,2017-10-24,201740,167,0.274348,0.274348,6,2187,7,2014,30
wa,201431,2017-10-24,201740,166,0.631845,0.631845,15,2374,6,2014,31
wa,201432,2017-10-24,201740,165,0.30888,0.30888,8,2590,7,2014,32
wa,201433,2017-10-24,201740,164,0.292032,0.292032,7,2397,7,2014,33
wa,201434,2017-10-24,201740,163,0.329489,0.329489,10,3035,7,2014,34
wa,201435,2017-10-24,201740,162,0.183908,0.183908,4,2175,7,2014,35
wa,201436,2017-10-24,201740,161,0.365631,0.365631,10,2735,7,2014,36
wa,201437,2017-10-24,201740,160,0.407268,0.407268,13,3192,7,2014,37
wa,201438,2017-10-24,201740,159,0.622038,0.622038,21,3376,7,2014,38
wa,201439,2017-10-24,201740,158,0.32769,0.32769,12,3662,7,2014,39
wa,201440,2017-10-24,201740,157,0.443718,0.443718,19,4282,26,2014,40
wa,201441,2017-10-24,201740,156,1.45322,1.45322,64,4404,26,2014,41
wa,201442,2017-10-24,201740,155,0.773616,0.773616,38,4912,32,2014,42
wa,201443,2017-10-24,201740,154,0.620604,0.620604,30,4834,31,2014,43
wa,201444,2017-10-24,201740,153,0.604511,0.604511,26,4301,35,2014,44
wa,201445,2017-10-24,201740,152,0.616406,0.616406,26,4218,35,2014,45
wa,201446,2017-10-24,201740,151,0.75707,0.75707,34,4491,35,2014,46
wa,201447,2017-10-24,201740,150,0.82958,0.82958,35,4219,35,2014,47
wa,201448,2017-10-24,201740,149,0.877528,0.877528,23,2621,36,2014,48
wa,201449,2017-10-24,201740,148,0.985325,0.985325,47,4770,36,2014,49
wa,201450,2017-10-24,201740,147,1.26887,1.26887,58,4571,36,2014,50
wa,201451,2017-10-24,201740,146,2.01157,2.01157,80,3977,35,2014,51
wa,201452,2017-10-24,201740,145,2.50667,2.50667,47,1875,36,2014,52
wa,201453,2017-10-24,201740,144,3.17919,3.17919,44,1384,36,2014,53
wa,201501,2017-10-24,201740,143,3.64139,3.64139,158,4339,41,2015,1
wa,201502,2017-10-24,201740,142,4.17528,4.17528,202,4838,41,2015,2
wa,201503,2017-10-24,201740,141,3.60444,3.60444,156,4328,40,2015,3
wa,201504,2017-10-24,201740,140,3.11486,3.11486,144,4623,41,2015,4
wa,201505,2017-10-24,201740,139,2.31346,2.31346,111,4798,41,2015,5
wa,201506,2017-10-24,201740,138,1.74921,1.74921,83,4745,41,2015,6
wa,201507,2017-10-24,201740,137,0.951916,0.951916,39,4097,36,2015,7
wa,201508,2017-10-24,201740,136,1.07634,1.07634,54,5017,39,2015,8
wa,201509,2017-10-24,201740,135,1.07128,1.07128,52,4854,36,2015,9
wa,201510,2017-10-24,201740,134,1.11298,1.11298,53,4762,39,2015,10
wa,201511,2017-10-24,201740,133,1.07683,1.07683,37,3436,37,2015,11
wa,201512,2017-10-24,201740,132,0.806452,0.806452,35,4340,40,2015,12
wa,201513,2017-10-24,201740,131,0.825921,0.825921,39,4722,40,2015,13
wa,201514,2017-10-24,201740,130,0.448219,0.448219,19,4239,36,2015,14
wa,201515,2017-10-24,201740,129,0.760369,0.760369,33,4340,39,2015,15
wa,201516,2017-10-24,201740,128,0.73776,0.73776,33,4473,39,2015,16
wa,201517,2017-10-24,201740,127,0.478053,0.478053,22,4602,39,2015,17
wa,201518,2017-10-24,201740,126,0.446429,0.446429,20,4480,32,2015,18
wa,201519,2017-10-24,201740,125,0.717581,0.717581,28,3902,31,2015,19
wa,201520,2017-10-24,201740,124,0.406504,0.406504,4,984,15,2015,20
wa,201521,2017-10-24,201740,123,0.533618,0.533618,15,2811,31,2015,21
wa,201522,2017-10-24,201740,122,0.634006,0.634006,22,3470,30,2015,22
wa,201523,2017-10-24,201740,121,0.452196,0.452196,14,3096,30,2015,23
wa,201524,2017-10-24,201740,120,0.458716,0.458716,12,2616,29,2015,24
wa,201525,2017-10-24,201740,119,0.378644,0.378644,10,2641,29,2015,25
wa,201526,2017-10-24,201740,118,0.451581,0.451581,9,1993,29,2015,26
wa,201527,2017-10-24,201740,117,0.525164,0.525164,12,2285,30,2015,27
wa,201528,2017-10-24,201740,116,0.463177,0.463177,10,2159,30,2015,28
wa,201529,2017-10-24,201740,115,0.0,0.0,0,479,14,2015,29
wa,201530,2017-10-24,201740,114,0.333704,0.333704,6,1798,30,2015,30
wa,201531,2017-10-24,201740,113,0.156128,0.156128,4,2562,30,2015,31
wa,201532,2017-10-24,201740,112,0.186706,0.186706,5,2678,30,2015,32
wa,201533,2017-10-24,201740,111,0.218818,0.218818,7,3199,30,2015,33
wa,201534,2017-10-24,201740,110,0.193673,0.193673,6,3098,30,2015,34
wa,201535,2017-10-24,201740,109,0.347705,0.347705,10,2876,29,2015,35
wa,201536,2017-10-24,201740,108,0.198886,0.198886,5,2514,29,2015,36
wa,201537,2017-10-24,201740,107,0.476644,0.476644,15,3147,29,2015,37
wa,201538,2017-10-24,201740,106,0.446999,0.446999,14,3132,28,2015,38
wa,201539,2017-10-24,201740,105,0.911577,0.911577,30,3291,28,2015,39
wa,201540,2017-10-24,201740,104,0.441684,0.441684,32,7245,47,2015,40
wa,201541,2017-10-24,201740,103,0.730327,0.730327,40,5477,46,2015,41
wa,201542,2017-10-24,201740,102,0.349592,0.349592,21,6007,46,2015,42
wa,201543,2017-10-24,201740,101,0.970874,0.970874,55,5665,37,2015,43
wa,201544,2017-10-24,201740,100,0.426667,0.426667,24,5625,46,2015,44
wa,201545,2017-10-24,201740,99,0.401914,0.401914,21,5225,45,2015,45
wa,201546,2017-10-24,201740,98,0.402857,0.402857,22,5461,46,2015,46
wa,201547,2017-10-24,201740,97,0.261584,0.261584,7,2676,46,2015,47
wa,201548,2017-10-24,201740,96,0.285497,0.285497,15,5254,46,2015,48
wa,201549,2017-10-24,201740,95,0.497696,0.497696,27,5425,45,2015,49
wa,201550,2017-10-24,201740,94,0.391349,0.391349,19,4855,46,2015,50
wa,201551,2017-10-24,201740,93,0.583745,0.583745,13,2227,46,2015,51
wa,201552,2017-10-24,201740,92,0.747384,0.747384,20,2676,46,2015,52
wa,201601,2017-10-24,201740,91,0.554201,0.554201,25,4511,45,2016,1
wa,201602,2017-10-24,201740,90,0.797147,0.797147,38,4767,45,2016,2
wa,201603,2017-10-24,201740,89,1.0872,1.0872,49,4507,45,2016,3
wa,201604,2017-10-24,201740,88,1.01818,1.01818,56,5500,46,2016,4
wa,201605,2017-10-24,201740,87,1.28357,1.28357,76,5921,47,2016,5
wa,201606,2017-10-24,201740,86,1.78059,1.78059,93,5223,45,2016,6
wa,201607,2017-10-24,201740,85,2.35294,2.35294,120,5100,44,2016,7
wa,201608,2017-10-24,201740,84,2.10858,2.10858,127,6023,45,2016,8
wa,201609,2017-10-24,201740,83,1.66157,1.66157,87,5236,36,2016,9
wa,201610,2017-10-24,201740,82,1.42261,1.42261,75,5272,35,2016,10
wa,201611,2017-10-24,201740,81,1.15516,1.15516,44,3809,35,2016,11
wa,201612,2017-10-24,201740,80,1.80846,1.80846,71,3926,36,2016,12
wa,201613,2017-10-24,201740,79,1.25404,1.25404,66,5263,35,2016,13
wa,201614,2017-10-24,201740,78,1.17793,1.17793,57,4839,35,2016,14
wa,201615,2017-10-24,201740,77,0.897244,0.897244,42,4681,33,2016,15
wa,201616,2017-10-24,201740,76,0.468484,0.468484,22,4696,31,2016,16
wa,201617,2017-10-24,201740,75,0.653457,0.653457,31,4744,32,2016,17
wa,201618,2017-10-24,201740,74,0.847817,0.847817,20,2359,26,2016,18
wa,201619,2017-10-24,201740,73,0.390054,0.390054,16,4102,31,2016,19
wa,201620,2017-10-24,201740,72,0.378597,0.378597,15,3962,31,2016,20
wa,201621,2017-10-24,201740,71,0.283186,0.283186,8,2825,25,2016,21
wa,201622,2017-10-24,201740,70,0.299177,0.299177,8,2674,24,2016,22
wa,201623,2017-10-24,201740,69,0.4,0.4,13,3250,24,2016,23
wa,201624,2017-10-24,201740,68,0.328947,0.328947,8,2432,24,2016,24
wa,201625,2017-10-24,201740,67,0.229797,0.229797,6,2611,20,2016,25
wa,201626,2017-10-24,201740,66,0.178063,0.178063,5,2808,24,2016,26
wa,201627,2017-10-24,201740,65,0.247321,0.247321,6,2426,25,2016,27
wa,201628,2017-10-24,201740,64,0.239398,0.239398,7,2924,24,2016,28
wa,201629,2017-10-24,201740,63,0.177179,0.177179,5,2822,24,2016,29
wa,201630,2017-10-24,201740,62,0.220669,0.220669,6,2719,24,2016,30
wa,201631,2017-10-24,201740,61,0.118812,0.118812,3,2525,24,2016,31
wa,201632,2017-10-24,201740,60,0.110824,0.110824,3,2707,24,2016,32
wa,201633,2017-10-24,201740,59,0.124108,0.124108,4,3223,25,2016,33
wa,201634,2017-10-24,201740,58,0.139704,0.139704,5,3579,35,2016,34
wa,201635,2017-10-24,201740,57,0.0718133,0.0718133,2,2785,35,2016,35
wa,201636,2017-10-24,201740,56,0.218579,0.218579,4,1830,30,2016,36
wa,201637,2017-10-24,201740,55,0.29615,0.29615,6,2026,29,2016,37
wa,201638,2017-10-24,201740,54,0.179579,0.179579,7,3898,22,2016,38
wa,201639,2017-10-24,201740,53,0.261976,0.261976,7,2672,30,2016,39
wa,201640,2018-10-05,201839,103,0.310773,0.310773,18,5792,47,2016,40
wa,201641,2018-10-05,201839,102,0.382166,0.382166,15,3925,42,2016,41
wa,201642,2018-10-05,201839,101,0.349834,0.349834,20,5717,47,2016,42
wa,201643,2018-10-05,201839,100,0.383014,0.383014,23,6005,48,2016,43
wa,201644,2018-10-05,201839,99,0.343643,0.343643,19,5529,48,2016,44
wa,201645,2018-10-05,201839,98,0.399012,0.399012,21,5263,38,2016,45
wa,201646,2018-10-05,201839,97,0.514233,0.514233,28,5445,48,2016,46
wa,201647,2018-10-05,201839,96,0.642595,0.642595,21,3268,48,2016,47
wa,201648,2018-10-05,201839,95,0.55269,0.55269,30,5428,48,2016,48
wa,201649,2018-10-05,201839,94,0.479366,0.479366,23,4798,38,2016,49
wa,201650,2018-10-05,201839,93,1.22389,1.22389,58,4739,47,2016,50
wa,201651,2018-10-05,201839,92,2.18563,2.18563,73,3340,47,2016,51
wa,201652,2018-10-05,201839,91,2.91947,2.91947,91,3117,47,2016,52
wa,201701,2018-10-05,201839,90,2.33005,2.33005,97,4163,47,2017,1
wa,201702,2018-10-05,201839,89,2.13732,2.13732,113,5287,46,2017,2
wa,201703,2018-10-05,201839,88,3.84377,3.84377,186,4839,46,2017,3
wa,201704,2018-10-05,201839,87,2.5,2.5,130,5200,46,2017,4
wa,201705,2018-10-05,201839,86,1.8928,1.8928,101,5336,48,2017,5
wa,201706,2018-10-05,201839,85,1.15735,1.15735,47,4061,48,2017,6
wa,201707,2018-10-05,201839,84,0.828116,0.828116,41,4951,48,2017,7
wa,201708,2018-10-05,201839,83,0.720644,0.720644,34,4718,48,2017,8
wa,201709,2018-10-05,201839,82,0.694996,0.694996,35,5036,47,2017,9
wa,201710,2018-10-05,201839,81,0.391389,0.391389,20,5110,48,2017,10
wa,201711,2018-10-05,201839,80,0.638507,0.638507,26,4072,47,2017,11
wa,201712,2018-10-05,201839,79,0.467389,0.467389,22,4707,46,2017,12
wa,201713,2018-10-05,201839,78,0.65213,0.65213,32,4907,46,2017,13
wa,201714,2018-10-05,201839,77,0.366804,0.366804,16,4362,45,2017,14
wa,201715,2018-10-05,201839,76,0.337553,0.337553,16,4740,45,2017,15
wa,201716,2018-10-05,201839,75,0.320718,0.320718,15,4677,45,2017,16
wa,201717,2018-10-05,201839,74,0.323625,0.323625,16,4944,45,2017,17
wa,201718,2018-10-05,201839,73,0.250679,0.250679,12,4787,45,2017,18
wa,201719,2018-10-05,201839,72,0.340219,0.340219,14,4115,41,2017,19
wa,201720,2018-10-05,201839,71,0.421467,0.421467,15,3559,45,2017,20
wa,201721,2018-10-05,201839,70,0.228484,0.228484,9,3939,42,2017,21
wa,201722,2018-10-05,201839,69,0.370582,0.370582,13,3508,42,2017,22
wa,201723,2018-10-05,201839,68,0.0952986,0.0952986,3,3148,26,2017,23
wa,201724,2018-10-05,201839,67,0.334324,0.334324,9,2692,14,2017,24
wa,201725,2018-10-05,201839,66,0.352113,0.352113,4,1136,33,2017,25
wa,201726,2018-10-05,201839,65,0.187617,0.187617,5,2665,36,2017,26
wa,201727,2018-10-05,201839,64,0.176991,0.176991,4,2260,35,2017,27
wa,201728,2018-10-05,201839,63,0.122449,0.122449,3,2450,35,2017,28
wa,201729,2018-10-05,201839,62,0.183083,0.183083,5,2731,35,2017,29
wa,201730,2018-10-05,201839,61,0.149198,0.149198,4,2681,35,2017,30
wa,201731,2018-10-05,201839,60,0.375375,0.375375,10,2664,35,2017,31
wa,201732,2018-10-05,201839,59,0.153669,0.153669,4,2603,35,2017,32
wa,201733,2018-10-05,201839,58,0.128949,0.128949,4,3102,35,2017,33
wa,201734,2018-10-05,201839,57,0.235294,0.235294,8,3400,24,2017,34
wa,201735,2018-10-05,201839,56,0.177766,0.177766,13,7313,27,2017,35
wa,201736,2018-10-05,201839,55,0.224719,0.224719,16,7120,27,2017,36
wa,201737,2018-10-05,201839,54,0.223839,0.223839,16,7148,27,2017,37
wa,201738,2018-10-05,201839,53,0.346147,0.346147,19,5489,25,2017,38
wa,201739,2018-10-05,201839,52,0.338737,0.338737,14,4133,35,2017,39
wa,201740,2019-10-04,201939,103,0.196496,0.196496,12,6107,48,2017,40
wa,201741,2019-10-04,201939,102,0.292642,0.292642,28,9568,51,2017,41
wa,201742,2019-10-04,201939,101,0.431838,0.431838,44,10189,52,2017,42
wa,201743,2019-10-04,201939,100,0.291595,0.291595,17,5830,45,2017,43
wa,201744,2019-10-04,201939,99,0.583542,0.583542,49,8397,37,2017,44
wa,201745,2019-10-04,201939,98,0.631966,0.631966,55,8703,51,2017,45
wa,201746,2019-10-04,201939,97,0.554481,0.554481,43,7755,51,2017,46
wa,201747,2019-10-04,201939,96,0.820633,0.820633,56,6824,51,2017,47
wa,201748,2019-10-04,201939,95,0.747624,0.747624,70,9363,51,2017,48
wa,201749,2019-10-04,201939,94,0.381971,0.381971,20,5236,48,2017,49
wa,201750,2019-10-04,201939,93,0.50782,0.50782,25,4923,49,2017,50
wa,201751,2019-10-04,201939,92,1.06412,1.06412,39,3665,48,2017,51
wa,201752,2019-10-04,201939,91,4.70265,4.70265,257,5465,38,2017,52
wa,201801,2019-10-04,201939,90,5.14451,5.14451,267,5190,45,2018,1
wa,201802,2019-10-04,201939,89,3.91808,3.91808,352,8984,52,2018,2
wa,201803,2019-10-04,201939,88,3.43008,3.43008,286,8338,52,2018,3
wa,201804,2019-10-04,201939,87,3.78788,3.78788,345,9108,52,2018,4
wa,201805,2019-10-04,201939,86,2.99176,2.99176,247,8256,51,2018,5
wa,201806,2019-10-04,201939,85,2.39453,2.39453,210,8770,53,2018,6
wa,201807,2019-10-04,201939,84,2.13897,2.13897,181,8462,53,2018,7
wa,201808,2019-10-04,201939,83,2.28186,2.28186,176,7713,53,2018,8
wa,201809,2019-10-04,201939,82,1.95922,1.95922,123,6278,50,2018,9
wa,201810,2019-10-04,201939,81,1.64282,1.64282,93,5661,45,2018,10
wa,201811,2019-10-04,201939,80,2.41321,2.41321,114,4724,44,2018,11
wa,201812,2019-10-04,201939,79,1.92406,1.92406,113,5873,45,2018,12
wa,201813,2019-10-04,201939,78,1.56734,1.56734,86,5487,44,2018,13
wa,201814,2019-10-04,201939,77,1.29402,1.29402,79,6105,46,2018,14
wa,201815,2019-10-04,201939,76,0.83167,0.83167,50,6012,45,2018,15
wa,201816,2019-10-04,201939,75,0.762245,0.762245,47,6166,46,2018,16
wa,201817,2019-10-04,201939,74,0.366684,0.366684,21,5727,44,2018,17
wa,201818,2019-10-04,201939,73,0.398268,0.398268,23,5775,44,2018,18
wa,201819,2019-10-04,201939,72,0.488854,0.488854,25,5114,44,2018,19
wa,201820,2019-10-04,201939,71,0.418744,0.418744,21,5015,43,2018,20
wa,201821,2019-10-04,201939,70,0.236407,0.236407,11,4653,41,2018,21
wa,201822,2019-10-04,201939,69,0.101729,0.101729,1,983,33,2018,22
wa,201823,2019-10-04,201939,68,0.126743,0.126743,1,789,21,2018,23
wa,201824,2019-10-04,201939,67,0.301694,0.301694,13,4309,37,2018,24
wa,201825,2019-10-04,201939,66,0.336619,0.336619,14,4159,36,2018,25
wa,201826,2019-10-04,201939,65,0.475475,0.475475,19,3996,36,2018,26
wa,201827,2019-10-04,201939,64,0.310078,0.310078,12,3870,36,2018,27
wa,201828,2019-10-04,201939,63,0.205814,0.205814,8,3887,36,2018,28
wa,201829,2019-10-04,201939,62,0.225677,0.225677,9,3988,36,2018,29
wa,201830,2019-10-04,201939,61,0.288714,0.288714,11,3810,36,2018,30
wa,201831,2019-10-04,201939,60,0.134553,0.134553,5,3716,36,2018,31
wa,201832,2019-10-04,201939,59,0.261694,0.261694,8,3057,32,2018,32
wa,201833,2019-10-04,201939,58,0.133761,0.133761,5,3738,32,2018,33
wa,201834,2019-10-04,201939,57,0.169887,0.169887,8,4709,32,2018,34
wa,201835,2019-10-04,201939,56,0.183007,0.183007,7,3825,33,2018,35
wa,201836,2019-10-04,201939,55,0.259235,0.259235,12,4629,33,2018,36
wa,201837,2019-10-04,201939,54,0.339051,0.339051,17,5014,33,2018,37
wa,201838,2019-10-04,201939,53,0.409082,0.409082,20,4889,34,2018,38
wa,201839,2019-10-04,201939,52,0.22417,0.22417,11,4907,21,2018,39
wa,201840,2020-10-02,202039,103,0.341734,0.341734,24,7023,33,2018,40
wa,201841,2020-10-02,202039,102,0.507963,0.507963,37,7284,32,2018,41
wa,201842,2020-10-02,202039,101,0.323226,0.323226,21,6497,32,2018,42
wa,201843,2020-10-02,202039,100,0.45797,0.45797,31,6769,31,2018,43
wa,201844,2020-10-02,202039,99,0.420954,0.420954,27,6414,29,2018,44
wa,201845,2020-10-02,202039,98,0.49554,0.49554,30,6054,29,2018,45
wa,201846,2020-10-02,202039,97,0.487559,0.487559,29,5948,29,2018,46
wa,201847,2020-10-02,202039,96,0.744971,0.744971,30,4027,28,2018,47
wa,201848,2020-10-02,202039,95,0.665668,0.665668,40,6009,26,2018,48
wa,201849,2020-10-02,202039,94,0.608632,0.608632,33,5422,28,2018,49
wa,201850,2020-10-02,202039,93,0.739939,0.739939,41,5541,29,2018,50
wa,201851,2020-10-02,202039,92,0.928793,0.928793,39,4199,29,2018,51
wa,201852,2020-10-02,202039,91,1.31694,1.31694,45,3417,29,2018,52
wa,201901,2020-10-02,202039,90,1.38619,1.38619,57,4112,29,2019,1
wa,201902,2020-10-02,202039,89,1.45493,1.45493,82,5636,29,2019,2
wa,201903,2020-10-02,202039,88,1.60766,1.60766,94,5847,29,2019,3
wa,201904,2020-10-02,202039,87,1.87949,1.87949,102,5427,28,2019,4
wa,201905,2020-10-02,202039,86,2.15124,2.15124,132,6136,26,2019,5
wa,201906,2020-10-02,202039,85,2.1666,2.1666,103,4754,24,2019,6
wa,201907,2020-10-02,202039,84,3.32863,3.32863,165,4957,26,2019,7
wa,201908,2020-10-02,202039,83,2.22108,2.22108,130,5853,26,2019,8
wa,201909,2020-10-02,202039,82,2.24244,2.24244,138,6154,29,2019,9
wa,201910,2020-10-02,202039,81,3.28871,3.28871,199,6051,28,2019,10
wa,201911,2020-10-02,202039,80,4.59497,4.59497,232,5049,29,2019,11
wa,201912,2020-10-02,202039,79,3.77262,3.77262,221,5858,29,2019,12
wa,201913,2020-10-02,202039,78,2.33898,2.33898,138,5900,29,2019,13
wa,201914,2020-10-02,202039,77,1.46951,1.46951,80,5444,28,2019,14
wa,201915,2020-10-02,202039,76,0.857093,0.857093,49,5717,29,2019,15
wa,201916,2020-10-02,202039,75,0.706952,0.706952,42,5941,29,2019,16
wa,201917,2020-10-02,202039,74,0.4111,0.4111,24,5838,29,2019,17
wa,201918,2020-10-02,202039,73,0.555024,0.555024,29,5225,17,2019,18
wa,201919,2020-10-02,202039,72,0.50958,0.50958,25,4906,27,2019,19
wa,201920,2020-10-02,202039,71,0.383632,0.383632,18,4692,27,2019,20
wa,201921,2020-10-02,202039,70,0.507731,0.507731,22,4333,12,2019,21
wa,201922,2020-10-02,202039,69,0.597558,0.597558,23,3849,9,2019,22
wa,201923,2020-10-02,202039,68,0.543607,0.543607,23,4231,20,2019,23
wa,201924,2020-10-02,202039,67,0.342827,0.342827,13,3792,9,2019,24
wa,201925,2020-10-02,202039,66,0.260213,0.260213,10,3843,9,2019,25
wa,201926,2020-10-02,202039,65,0.182959,0.182959,7,3826,20,2019,26
wa,201927,2020-10-02,202039,64,0.539926,0.539926,19,3519,16,2019,27
wa,201928,2020-10-02,202039,63,0.353838,0.353838,13,3674,20,2019,28
wa,201929,2020-10-02,202039,62,0.265041,0.265041,10,3773,20,2019,29
wa,201930,2020-10-02,202039,61,0.344645,0.344645,13,3772,20,2019,30
wa,201931,2020-10-02,202039,60,0.184648,0.184648,7,3791,20,2019,31
wa,201932,2020-10-02,202039,59,0.238347,0.238347,9,3776,20,2019,32
wa,201933,2020-10-02,202039,58,0.075358,0.075358,3,3981,20,2019,33
wa,201934,2020-10-02,202039,57,0.374614,0.374614,17,4538,20,2019,34
wa,201935,2020-10-02,202039,56,0.0886328,0.0886328,4,4513,20,2019,35
wa,201936,2020-10-02,202039,55,0.173498,0.173498,8,4611,20,2019,36
wa,201937,2020-10-02,202039,54,0.274958,0.274958,13,4728,16,2019,37
wa,201938,2020-10-02,202039,53,0.0,0.0,0,1399,16,2019,38
wa,201939,2020-10-02,202039,52,0.489967,0.489967,21,4286,8,2019,39
wa,201940,2021-10-08,202139,104,0.968318,0.968318,206,21274,46,2019,40
wa,201941,2021-10-08,202139,103,1.20809,1.20809,258,21356,57,2019,41
wa,201942,2021-10-08,202139,102,1.32254,1.32254,286,21625,56,2019,42
wa,201943,2021-10-08,202139,101,1.03806,1.03806,222,21386,58,2019,43
wa,201944,2021-10-08,202139,100,1.27472,1.27472,263,20632,58,2019,44
wa,201945,2021-10-08,202139,99,1.38184,1.38184,245,17730,58,2019,45
wa,201946,2021-10-08,202139,98,1.78561,1.78561,310,17361,58,2019,46
wa,201947,2021-10-08,202139,97,2.69907,2.69907,602,22304,58,2019,47
wa,201948,2021-10-08,202139,96,3.56457,3.56457,427,11979,58,2019,48
wa,201949,2021-10-08,202139,95,4.35343,4.35343,980,22511,58,2019,49
wa,201950,2021-10-08,202139,94,5.7875,5.7875,1328,22946,55,2019,50
wa,201951,2021-10-08,202139,93,7.00911,7.00911,1516,21629,55,2019,51
wa,201952,2021-10-08,202139,92,8.62506,8.62506,1907,22110,47,2019,52
wa,202001,2021-10-08,202139,91,7.13863,7.13863,1449,20298,55,2020,1
wa,202002,2021-10-08,202139,90,4.88015,4.88015,1075,22028,55,2020,2
wa,202003,2021-10-08,202139,89,4.21964,4.21964,853,20215,54,2020,3
wa,202004,2021-10-08,202139,88,4.41681,4.41681,966,21871,54,2020,4
wa,202005,2021-10-08,202139,87,4.69003,4.69003,1044,22260,55,2020,5
wa,202006,2021-10-08,202139,86,4.19065,4.19065,910,21715,55,2020,6
wa,202007,2021-10-08,202139,85,4.01499,4.01499,889,22142,55,2020,7
wa,202008,2021-10-08,202139,84,4.01273,4.01273,807,20111,52,2020,8
wa,202009,2021-10-08,202139,83,4.3331,4.3331,947,21855,54,2020,9
wa,202010,2021-10-08,202139,82,6.58271,6.58271,1406,21359,56,2020,10
wa,202011,2021-10-08,202139,81,6.53011,6.53011,1272,19479,55,2020,11
wa,202012,2021-10-08,202139,80,6.20851,6.20851,954,15366,53,2020,12
wa,202013,2021-10-08,202139,79,3.97501,3.97501,509,12805,52,2020,13
wa,202014,2021-10-08,202139,78,2.46374,2.46374,282,11446,51,2020,14
wa,202015,2021-10-08,202139,77,1.58293,1.58293,184,11624,51,2020,15
wa,202016,2021-10-08,202139,76,1.18205,1.18205,137,11590,49,2020,16
wa,202017,2021-10-08,202139,75,1.07493,1.07493,138,12838,51,2020,17
wa,202018,2021-10-08,202139,74,0.970077,0.970077,130,13401,50,2020,18
wa,202019,2021-10-08,202139,73,0.841372,0.841372,116,13787,48,2020,19
wa,202020,2021-10-08,202139,72,0.620542,0.620542,87,14020,48,2020,20
wa,202021,2021-10-08,202139,71,0.573627,0.573627,85,14818,50,2020,21
wa,202022,2021-10-08,202139,70,0.628198,0.628198,97,15441,50,2020,22
wa,202023,2021-10-08,202139,69,0.575196,0.575196,89,15473,50,2020,23
wa,202024,2021-10-08,202139,68,0.571465,0.571465,90,15749,44,2020,24
wa,202025,2021-10-08,202139,67,0.447815,0.447815,75,16748,46,2020,25
wa,202026,2021-10-08,202139,66,0.556953,0.556953,93,16698,45,2020,26
wa,202027,2021-10-08,202139,65,0.680747,0.680747,117,17187,44,2020,27
wa,202028,2021-10-08,202139,64,0.654503,0.654503,113,17265,44,2020,28
wa,202029,2021-10-08,202139,63,0.713747,0.713747,123,17233,44,2020,29
wa,202030,2021-10-08,202139,62,0.559879,0.559879,100,17861,44,2020,30
wa,202031,2021-10-08,202139,61,0.624458,0.624458,108,17295,44,2020,31
wa,202032,2021-10-08,202139,60,0.494963,0.494963,85,17173,43,2020,32
wa,202033,2021-10-08,202139,59,0.5719,0.5719,97,16961,44,2020,33
wa,202034,2021-10-08,202139,58,0.596679,0.596679,106,17765,44,2020,34
wa,202035,2021-10-08,202139,57,0.44302,0.44302,76,17155,43,2020,35
wa,202036,2021-10-08,202139,56,0.594487,0.594487,99,16653,43,2020,36
wa,202037,2021-10-08,202139,55,0.648696,0.648696,103,15878,42,2020,37
wa,202038,2021-10-08,202139,54,0.53267,0.53267,90,16896,44,2020,38
wa,202039,2021-10-08,202139,53,0.69023,0.69023,116,16806,37,2020,39
wa,202040,2022-10-07,202239,104,0.660884,0.660884,112,16947,43,2020,40
wa,202041,2022-10-07,202239,103,0.784446,0.784446,140,17847,44,2020,41
wa,202042,2022-10-07,202239,102,0.523062,0.523062,88,16824,44,2020,42
wa,202043,2022-10-07,202239,101,0.615345,0.615345,96,15601,44,2020,43
wa,202044,2022-10-07,202239,100,0.830102,0.830102,137,16504,51,2020,44
wa,202045,2022-10-07,202239,99,0.784004,0.784004,129,16454,51,2020,45
wa,202046,2022-10-07,202239,98,0.91421,0.91421,151,16517,50,2020,46
wa,202047,2022-10-07,202239,97,0.96782,0.96782,160,16532,51,2020,47
wa,202048,2022-10-07,202239,96,0.922299,0.922299,146,15830,51,2020,48
wa,202049,2022-10-07,202239,95,0.746175,0.746175,119,15948,49,2020,49
wa,202050,2022-10-07,202239,94,0.770967,0.770967,123,15954,49,2020,50
wa,202051,2022-10-07,202239,93,0.895278,0.895278,142,15861,47,2020,51
wa,202052,2022-10-07,202239,92,0.813061,0.813061,124,15251,47,2020,52
wa,202053,2022-10-07,202239,91,0.780012,0.780012,128,16410,47,2020,53
wa,202101,2022-10-07,202239,90,0.53415,0.53415,89,16662,47,2021,1
wa,202102,2022-10-07,202239,89,0.79191,0.79191,130,16416,47,2021,2
wa,202103,2022-10-07,202239,88,0.60307,0.60307,99,16416,47,2021,3
wa,202104,2022-10-07,202239,87,0.525656,0.525656,88,16741,47,2021,4
wa,202105,2022-10-07,202239,86,0.530004,0.530004,90,16981,39,2021,5
wa,202106,2022-10-07,202239,85,0.645902,0.645902,90,13934,39,2021,6
wa,202107,2022-10-07,202239,84,0.505543,0.505543,83,16418,39,2021,7
wa,202108,2022-10-07,202239,83,0.539394,0.539394,89,16500,38,2021,8
wa,202109,2022-10-07,202239,82,0.501177,0.501177,83,16561,38,2021,9
wa,202110,2022-10-07,202239,81,0.408719,0.408719,69,16882,45,2021,10
wa,202111,2022-10-07,202239,80,0.561026,0.561026,98,17468,45,2021,11
wa,202112,2022-10-07,202239,79,0.599955,0.599955,106,17668,45,2021,12
wa,202113,2022-10-07,202239,78,0.551146,0.551146,100,18144,45,2021,13
wa,202114,2022-10-07,202239,77,0.67256,0.67256,210,31224,71,2021,14
wa,202115,2022-10-07,202239,76,0.697912,0.697912,246,35248,72,2021,15
wa,202116,2022-10-07,202239,75,0.653702,0.653702,239,36561,70,2021,16
wa,202117,2022-10-07,202239,74,0.77281,0.77281,279,36102,70,2021,17
wa,202118,2022-10-07,202239,73,0.71346,0.71346,253,35461,70,2021,18
wa,202119,2022-10-07,202239,72,0.719202,0.719202,256,35595,70,2021,19
wa,202120,2022-10-07,202239,71,0.757749,0.757749,265,34972,70,2021,20
wa,202121,2022-10-07,202239,70,0.70619,0.70619,243,34410,70,2021,21
wa,202122,2022-10-07,202239,69,0.6167,0.6167,215,34863,70,2021,22
wa,202123,2022-10-07,202239,68,0.6991,0.6991,243,34759,70,2021,23
wa,202124,2022-10-07,202239,67,0.735378,0.735378,259,35220,70,2021,24
wa,202125,2022-10-07,202239,66,0.759167,0.759167,271,35697,70,2021,25
wa,202126,2022-10-07,202239,65,0.710404,0.710404,268,37725,70,2021,26
wa,202127,2022-10-07,202239,64,0.741317,0.741317,267,36017,70,2021,27
wa,202128,2022-10-07,202239,63,0.770986,0.770986,277,35928,69,2021,28
wa,202129,2022-10-07,202239,62,0.966089,0.966089,345,35711,69,2021,29
wa,202130,2022-10-07,202239,61,0.966559,0.966559,361,37349,70,2021,30
wa,202131,2022-10-07,202239,60,1.10438,1.10438,421,38121,70,2021,31
wa,202132,2022-10-07,202239,59,1.24937,1.24937,493,39460,70,2021,32
wa,202133,2022-10-07,202239,58,1.26407,1.26407,492,38922,70,2021,33
wa,202134,2022-10-07,202239,57,1.22618,1.22618,464,37841,70,2021,34
wa,202135,2022-10-07,202239,56,1.3241,1.3241,497,37535,70,2021,35
wa,202136,2022-10-07,202239,55,1.28167,1.28167,478,37295,70,2021,36
wa,202137,2022-10-07,202239,54,1.41689,1.41689,511,36065,70,2021,37
wa,202138,2022-10-07,202239,53,1.50085,1.50085,555,36979,70,2021,38
wa,202139,2022-10-07,202239,52,1.50769,1.50769,548,36347,70,2021,39
wa,202140,2023-10-06,202339,103,1.53258,1.53258,545,35561,72,2021,40
wa,202141,2023-10-06,202339,102,1.55474,1.55474,535,34411,72,2021,41
wa,202142,2023-10-06,202339,101,1.53321,1.53321,526,34307,72,2021,42
wa,202143,2023-10-06,202339,100,1.49618,1.49618,496,33151,71,2021,43
wa,202144,2023-10-06,202339,99,1.61163,1.61163,531,32948,71,2021,44
wa,202145,2023-10-06,202339,98,1.62292,1.62292,520,32041,70,2021,45
wa,202146,2023-10-06,202339,97,1.80753,1.80753,574,31756,70,2021,46
wa,202147,2023-10-06,202339,96,1.65177,1.65177,464,28091,70,2021,47
wa,202148,2023-10-06,202339,95,1.85919,1.85919,591,31788,70,2021,48
wa,202149,2023-10-06,202339,94,1.70823,1.70823,550,32197,70,2021,49
wa,202150,2023-10-06,202339,93,1.75506,1.75506,592,33731,70,2021,50
wa,202151,2023-10-06,202339,92,2.14679,2.14679,678,31582,70,2021,51
wa,202152,2023-10-06,202339,91,2.68772,2.68772,897,33374,70,2021,52
wa,202201,2023-10-06,202339,90,3.33017,3.33017,1367,41049,70,2022,1
wa,202202,2023-10-06,202339,89,3.02836,3.02836,1225,40451,70,2022,2
wa,202203,2023-10-06,202339,88,2.54907,2.54907,800,31384,70,2022,3
wa,202204,2023-10-06,202339,87,2.04784,2.04784,690,33694,70,2022,4
wa,202205,2023-10-06,202339,86,1.25849,1.25849,402,31943,70,2022,5
wa,202206,2023-10-06,202339,85,1.20096,1.20096,386,32141,70,2022,6
wa,202207,2023-10-06,202339,84,1.05451,1.05451,342,32432,70,2022,7
wa,202208,2023-10-06,202339,83,0.910845,0.910845,288,31619,70,2022,8
wa,202209,2023-10-06,202339,82,1.0391,1.0391,329,31662,70,2022,9
wa,202210,2023-10-06,202339,81,1.17356,1.17356,389,33147,70,2022,10
wa,202211,2023-10-06,202339,80,1.26026,1.26026,419,33247,70,2022,11
wa,202212,2023-10-06,202339,79,1.61565,1.61565,569,35218,70,2022,12
wa,202213,2023-10-06,202339,78,1.67483,1.67483,585,34929,70,2022,13
wa,202214,2023-10-06,202339,77,1.6,1.6,526,32875,70,2022,14
wa,202215,2023-10-06,202339,76,1.66604,1.66604,578,34693,73,2022,15
wa,202216,2023-10-06,202339,75,2.12252,2.12252,764,35995,73,2022,16
wa,202217,2023-10-06,202339,74,2.56583,2.56583,951,37064,72,2022,17
wa,202218,2023-10-06,202339,73,2.62539,2.62539,971,36985,73,2022,18
wa,202219,2023-10-06,202339,72,2.66545,2.66545,992,37217,71,2022,19
wa,202220,2023-10-06,202339,71,2.76157,2.76157,1051,38058,70,2022,20
wa,202221,2023-10-06,202339,70,2.81759,2.81759,1103,39147,70,2022,21
wa,202222,2023-10-06,202339,69,2.66699,2.66699,997,37383,67,2022,22
wa,202223,2023-10-06,202339,68,2.2638,2.2638,847,37415,67,2022,23
wa,202224,2023-10-06,202339,67,2.03223,2.03223,734,36118,67,2022,24
wa,202225,2023-10-06,202339,66,2.07125,2.07125,775,37417,67,2022,25
wa,202226,2023-10-06,202339,65,1.66066,1.66066,631,37997,66,2022,26
wa,202227,2023-10-06,202339,64,1.41866,1.41866,513,36161,66,2022,27
wa,202228,2023-10-06,202339,63,1.28013,1.28013,469,36637,66,2022,28
wa,202229,2023-10-06,202339,62,1.06377,1.06377,377,35440,66,2022,29
wa,202230,2023-10-06,202339,61,1.0095,1.0095,359,35562,66,2022,30
wa,202231,2023-10-06,202339,60,0.944824,0.944824,337,35668,66,2022,31
wa,202232,2023-10-06,202339,59,0.891518,0.891518,315,35333,66,2022,32
wa,202233,2023-10-06,202339,58,0.909929,0.909929,316,34728,66,2022,33
wa,202234,2023-10-06,202339,57,0.852806,0.852806,300,35178,66,2022,34
wa,202235,2023-10-06,202339,56,0.799954,0.799954,279,34877,67,2022,35
wa,202236,2023-10-06,202339,55,1.03862,1.03862,355,34180,67,2022,36
wa,202237,2023-10-06,202339,54,1.22778,1.22778,438,35674,67,2022,37
wa,202238,2023-10-06,202339,53,1.40313,1.40313,513,36561,67,2022,38
wa,202239,2023-10-06,202339,52,1.21702,1.21702,560,46014,72,2022,39
wa,202240,2024-10-04,202439,103,1.05319,1.05319,356,33802,71,2022,40
wa,202241,2024-10-04,202439,102,1.17641,1.17641,495,42077,72,2022,41
wa,202242,2024-10-04,202439,101,1.67822,1.67822,426,25384,73,2022,42
wa,202243,2024-10-04,202439,100,2.05054,2.05054,887,43257,73,2022,43
wa,202244,2024-10-04,202439,99,2.89621,2.89621,1364,47096,73,2022,44
wa,202245,2024-10-04,202439,98,4.65073,4.65073,2227,47885,73,2022,45
wa,202246,2024-10-04,202439,97,7.4949,7.4949,3563,47539,74,2022,46
wa,202247,2024-10-04,202439,96,12.9332,12.9332,5945,45967,74,2022,47
wa,202248,2024-10-04,202439,95,11.7328,11.7328,6043,51505,74,2022,48
wa,202249,2024-10-04,202439,94,10.6642,10.6642,5284,49549,73,2022,49
wa,202250,2024-10-04,202439,93,9.03203,9.03203,4365,48328,73,2022,50
wa,202251,2024-10-04,202439,92,7.24828,7.24828,2927,40382,72,2022,51
wa,202252,2024-10-04,202439,91,4.7523,4.7523,1955,41138,72,2022,52
wa,202301,2024-10-04,202439,90,2.96109,2.96109,1251,42248,72,2023,1
wa,202302,2024-10-04,202439,89,1.85538,1.85538,819,44142,72,2023,2
wa,202303,2024-10-04,202439,88,1.48388,1.48388,627,42254,72,2023,3
wa,202304,2024-10-04,202439,87,1.44114,1.44114,639,44340,72,2023,4
wa,202305,2024-10-04,202439,86,1.40135,1.40135,623,44457,72,2023,5
wa,202306,2024-10-04,202439,85,1.49866,1.49866,687,45841,72,2023,6
wa,202307,2024-10-04,202439,84,1.44339,1.44339,657,45518,72,2023,7
wa,202308,2024-10-04,202439,83,1.62809,1.62809,569,34949,72,2023,8
wa,202309,2024-10-04,202439,82,1.4114,1.4114,647,45841,72,2023,9
wa,202310,2024-10-04,202439,81,1.45142,1.45142,676,46575,72,2023,10
wa,202311,2024-10-04,202439,80,1.53747,1.53747,718,46700,72,2023,11
wa,202312,2024-10-04,202439,79,1.53583,1.53583,735,47857,72,2023,12
wa,202313,2024-10-04,202439,78,1.51605,1.51605,717,47294,72,2023,13
wa,202314,2024-10-04,202439,77,1.47373,1.47373,648,43970,72,2023,14
wa,202315,2024-10-04,202439,76,1.24025,1.24025,569,45878,72,2023,15
wa,202316,2024-10-04,202439,75,1.28898,1.28898,594,46083,71,2023,16
wa,202317,2024-10-04,202439,74,1.19627,1.19627,548,45809,72,2023,17
wa,202318,2024-10-04,202439,73,1.11203,1.11203,510,45862,72,2023,18
wa,202319,2024-10-04,202439,72,1.08677,1.08677,495,45548,72,2023,19
wa,202320,2024-10-04,202439,71,1.05281,1.05281,492,46732,71,2023,20
wa,202321,2024-10-04,202439,70,1.10426,1.10426,516,46728,71,2023,21
wa,202322,2024-10-04,202439,69,1.08034,1.08034,465,43042,71,2023,22
wa,202323,2024-10-04,202439,68,1.18932,1.18932,551,46329,71,2023,23
wa,202324,2024-10-04,202439,67,1.02794,1.02794,472,45917,71,2023,24
wa,202325,2024-10-04,202439,66,1.14702,1.14702,509,44376,71,2023,25
wa,202326,2024-10-04,202439,65,0.91731,0.91731,416,45350,71,2023,26
wa,202327,2024-10-04,202439,64,0.89479,0.89479,372,41574,71,2023,27
wa,202328,2024-10-04,202439,63,0.752347,0.752347,339,45059,71,2023,28
wa,202329,2024-10-04,202439,62,0.732299,0.732299,329,44927,71,2023,29
wa,202330,2024-10-04,202439,61,0.667238,0.667238,296,44362,71,2023,30
wa,202331,2024-10-04,202439,60,0.803005,0.803005,357,44458,71,2023,31
wa,202332,2024-10-04,202439,59,0.76978,0.76978,345,44818,71,2023,32
wa,202333,2024-10-04,202439,58,0.743519,0.743519,331,44518,71,2023,33
wa,202334,2024-10-04,202439,57,0.899717,0.899717,397,44125,71,2023,34
wa,202335,2024-10-04,202439,56,1.10997,1.10997,496,44686,71,2023,35
wa,202336,2024-10-04,202439,55,1.33023,1.33023,565,42474,71,2023,36
wa,202337,2024-10-04,202439,54,1.25987,1.25987,595,47227,71,2023,37
wa,202338,2024-10-04,202439,53,1.29001,1.29001,590,45736,71,2023,38
wa,202339,2024-10-04,202439,52,1.37066,1.37066,635,46328,71,2023,39
wa,202340,2025-09-26,202538,102,1.05265,1.05265,811,77044,109,2023,40
wa,202341,2025-09-26,202538,101,1.00214,1.00214,755,75339,109,2023,41
wa,202342,2025-09-26,202538,100,1.02678,1.02678,761,74115,109,2023,42
wa,202343,2025-09-26,202538,99,0.956771,0.956771,714,74626,109,2023,43
wa,202344,2025-09-26,202538,98,1.18006,1.18006,886,75081,109,2023,44
wa,202345,2025-09-26,202538,97,1.30316,1.30316,914,70137,109,2023,45
wa,202346,2025-09-26,202538,96,1.41341,1.41341,1036,73298,109,2023,46
wa,202347,2025-09-26,202538,95,1.89341,1.89341,1172,61899,109,2023,47
wa,202348,2025-09-26,202538,94,2.01716,2.01716,1552,76940,109,2023,48
wa,202349,2025-09-26,202538,93,2.43395,2.43395,1838,75515,108,2023,49
wa,202350,2025-09-26,202538,92,2.81435,2.81435,2082,73978,109,2023,50
wa,202351,2025-09-26,202538,91,3.621,3.621,2627,72549,109,2023,51
wa,202352,2025-09-26,202538,90,3.91859,3.91859,2351,59996,109,2023,52
wa,202401,2025-09-26,202538,89,3.46002,3.46002,2407,69566,109,2024,1
wa,202402,2025-09-26,202538,88,2.64208,2.64208,1894,71686,109,2024,2
wa,202403,2025-09-26,202538,87,2.73445,2.73445,1762,64437,109,2024,3
wa,202404,2025-09-26,202538,86,2.59007,2.59007,1944,75056,109,2024,4
wa,202405,2025-09-26,202538,85,2.32482,2.32482,1769,76092,109,2024,5
wa,202406,2025-09-26,202538,84,2.09751,2.09751,1569,74803,109,2024,6
wa,202407,2025-09-26,202538,83,2.07958,2.07958,1514,72803,109,2024,7
wa,202408,2025-09-26,202538,82,2.13347,2.13347,1554,72839,109,2024,8
wa,202409,2025-09-26,202538,81,1.8809,1.8809,1404,74645,109,2024,9
wa,202410,2025-09-26,202538,80,1.88231,1.88231,1402,74483,109,2024,10
wa,202411,2025-09-26,202538,79,1.90267,1.90267,1413,74264,109,2024,11
wa,202412,2025-09-26,202538,78,1.74396,1.74396,1320,75690,109,2024,12
wa,202413,2025-09-26,202538,77,1.61154,1.61154,1217,75518,109,2024,13
wa,202414,2025-09-26,202538,76,1.60521,1.60521,1117,69586,109,2024,14
wa,202415,2025-09-26,202538,75,1.43626,1.43626,1030,71714,109,2024,15
wa,202416,2025-09-26,202538,74,1.32604,1.32604,941,70963,109,2024,16
wa,202417,2025-09-26,202538,73,1.3508,1.3508,990,73290,109,2024,17
wa,202418,2025-09-26,202538,72,1.42105,1.42105,1052,74030,109,2024,18
wa,202419,2025-09-26,202538,71,1.30312,1.30312,957,73439,108,2024,19
wa,202420,2025-09-26,202538,70,1.20743,1.20743,785,65014,108,2024,20
wa,202421,2025-09-26,202538,69,1.20033,1.20033,870,72480,108,2024,21
wa,202422,2025-09-26,202538,68,1.24401,1.24401,857,68890,108,2024,22
wa,202423,2025-09-26,202538,67,1.12388,1.12388,855,76076,108,2024,23
wa,202424,2025-09-26,202538,66,1.02928,1.02928,773,75101,108,2024,24
wa,202425,2025-09-26,202538,65,1.11669,1.11669,799,71551,108,2024,25
wa,202426,2025-09-26,202538,64,0.901013,0.901013,651,72252,108,2024,26
wa,202427,2025-09-26,202538,63,0.859541,0.859541,551,64104,108,2024,27
wa,202428,2025-09-26,202538,62,0.682796,0.682796,506,74107,108,2024,28
wa,202429,2025-09-26,202538,61,0.663263,0.663263,469,70711,108,2024,29
wa,202430,2025-09-26,202538,60,0.622983,0.622983,442,70949,108,2024,30
wa,202431,2025-09-26,202538,59,0.59198,0.59198,412,69597,108,2024,31
wa,202432,2025-09-26,202538,58,0.650159,0.650159,449,69060,108,2024,32
wa,202433,2025-09-26,202538,57,0.565363,0.565363,392,69336,108,2024,33
wa,202434,2025-09-26,202538,56,0.518001,0.518001,360,69498,108,2024,34
wa,202435,2025-09-26,202538,55,0.646304,0.646304,438,67770,108,2024,35
wa,202436,2025-09-26,202538,54,0.627769,0.627769,418,66585,108,2024,36
wa,202437,2025-09-26,202538,53,0.732989,0.732989,540,73671,108,2024,37
wa,202438,2025-09-26,202538,52,0.77364,0.77364,552,71351,108,2024,38
wa,202439,2025-09-26,202538,51,0.810254,0.810254,586,72323,108,2024,39
wa,202440,2026-09-11,202635,100,0.937143,0.937143,885,94436,153,2024,40
wa,202441,2026-09-11,202635,99,0.988094,0.988094,922,93311,153,2024,41
wa,202442,2026-09-11,202635,98,0.951422,0.951422,935,98274,153,2024,42
wa,202443,2026-09-11,202635,97,1.1944,1.1944,1188,99464,153,2024,43
wa,202444,2026-09-11,202635,96,1.22899,1.22899,1207,98211,153,2024,44
wa,202445,2026-09-11,202635,95,1.38254,1.38254,1398,101118,153,2024,45
wa,202446,2026-09-11,202635,94,1.57555,1.57555,1613,102377,153,2024,46
wa,202447,2026-09-11,202635,93,1.73214,1.73214,1769,102128,153,2024,47
wa,202448,2026-09-11,202635,92,2.12308,2.12308,1864,87797,153,2024,48
wa,202449,2026-09-11,202635,91,2.25161,2.25161,2351,104414,153,2024,49
wa,202450,2026-09-11,202635,90,3.01743,3.01743,3174,105189,153,2024,50
wa,202451,2026-09-11,202635,89,4.49539,4.49539,4841,107688,153,2024,51
wa,202452,2026-09-11,202635,88,6.61882,6.61882,6004,90711,153,2024,52
