location,date,new_cases,new_cases_smoothed,total_cases,population
Brazil,2020-01-05,0,,0,215313504
Brazil,2020-01-06,0,,0,215313504
Brazil,2020-01-07,0,,0,215313504
Brazil,2020-01-08,0,,0,215313504
Brazil,2020-01-09,0,,0,215313504
Brazil,2020-01-10,0,0.0,0,215313504
Brazil,2020-01-11,0,0.0,0,215313504
Brazil,2020-01-12,0,0.0,0,215313504
Brazil,2020-01-13,0,0.0,0,215313504
Brazil,2020-01-14,0,0.0,0,215313504
Brazil,2020-01-15,0,0.0,0,215313504
Brazil,2020-01-16,0,0.0,0,215313504
Brazil,2020-01-17,0,0.0,0,215313504
Brazil,2020-01-18,0,0.0,0,215313504
Brazil,2020-01-19,0,0.0,0,215313504
Brazil,2020-01-20,0,0.0,0,215313504
Brazil,2020-01-21,0,0.0,0,215313504
Brazil,2020-01-22,0,0.0,0,215313504
Brazil,2020-01-23,0,0.0,0,215313504
Brazil,2020-01-24,0,0.0,0,215313504
Brazil,2020-01-25,0,0.0,0,215313504
Brazil,2020-01-26,0,0.0,0,215313504
Brazil,2020-01-27,0,0.0,0,215313504
Brazil,2020-01-28,0,0.0,0,215313504
Brazil,2020-01-29,0,0.0,0,215313504
Brazil,2020-01-30,0,0.0,0,215313504
Brazil,2020-01-31,0,0.0,0,215313504
Brazil,2020-02-01,0,0.0,0,215313504
Brazil,2020-02-02,0,0.0,0,215313504
Brazil,2020-02-03,0,0.0,0,215313504
Brazil,2020-02-04,0,0.0,0,215313504
Brazil,2020-02-05,0,0.0,0,215313504
Brazil,2020-02-06,0,0.0,0,215313504
Brazil,2020-02-07,0,0.0,0,215313504
Brazil,2020-02-08,0,0.0,0,215313504
Brazil,2020-02-09,0,0.0,0,215313504
Brazil,2020-02-10,0,0.0,0,215313504
Brazil,2020-02-11,0,0.0,0,215313504
Brazil,2020-02-12,0,0.0,0,215313504
Brazil,2020-02-13,0,0.0,0,215313504
Brazil,2020-02-14,0,0.0,0,215313504
Brazil,2020-02-15,0,0.0,0,215313504
Brazil,2020-02-16,0,0.0,0,215313504
Brazil,2020-02-17,0,0.0,0,215313504
Brazil,2020-02-18,0,0.0,0,215313504
Brazil,2020-02-19,0,0.0,0,215313504
Brazil,2020-02-20,0,0.0,0,215313504
Brazil,2020-02-21,0,0.0,0,215313504
Brazil,2020-02-22,0,0.0,0,215313504
Brazil,2020-02-23,0,0.0,0,215313504
Brazil,2020-02-24,0,0.0,0,215313504
Brazil,2020-02-25,0,0.0,0,215313504
Brazil,2020-02-26,0,0.0,0,215313504
Brazil,2020-02-27,0,0.0,0,215313504
Brazil,2020-02-28,0,0.0,0,215313504
Brazil,2020-02-29,0,0.0,0,215313504
Brazil,2020-03-01,1,0.14,1,215313504
Brazil,2020-03-02,0,0.14,1,215313504
Brazil,2020-03-03,0,0.14,1,215313504
Brazil,2020-03-04,0,0.14,1,215313504
Brazil,2020-03-05,0,0.14,1,215313504
Brazil,2020-03-06,0,0.14,1,215313504
Brazil,2020-03-07,0,0.14,1,215313504
Brazil,2020-03-08,12,1.71,13,215313504
Brazil,2020-03-09,0,1.71,13,215313504
Brazil,2020-03-10,0,1.71,13,215313504
Brazil,2020-03-11,0,1.71,13,215313504
Brazil,2020-03-12,0,1.71,13,215313504
Brazil,2020-03-13,0,1.71,13,215313504
Brazil,2020-03-14,0,1.71,13,215313504
Brazil,2020-03-15,71,10.14,84,215313504
Brazil,2020-03-16,0,10.14,84,215313504
Brazil,2020-03-17,0,10.14,84,215313504
Brazil,2020-03-18,0,10.14,84,215313504
Brazil,2020-03-19,0,10.14,84,215313504
Brazil,2020-03-20,0,10.14,84,215313504
Brazil,2020-03-21,0,10.14,84,215313504
Brazil,2020-03-22,820,117.14,904,215313504
Brazil,2020-03-23,0,117.14,904,215313504
Brazil,2020-03-24,0,117.14,904,215313504
Brazil,2020-03-25,0,117.14,904,215313504
Brazil,2020-03-26,0,117.14,904,215313504
Brazil,2020-03-27,0,117.14,904,215313504
Brazil,2020-03-28,0,117.14,904,215313504
Brazil,2020-03-29,2513,359.0,3417,215313504
Brazil,2020-03-30,0,359.0,3417,215313504
Brazil,2020-03-31,0,359.0,3417,215313504
Brazil,2020-04-01,0,359.0,3417,215313504
Brazil,2020-04-02,0,359.0,3417,215313504
Brazil,2020-04-03,0,359.0,3417,215313504
Brazil,2020-04-04,0,359.0,3417,215313504
Brazil,2020-04-05,5639,805.57,9056,215313504
Brazil,2020-04-06,0,805.57,9056,215313504
Brazil,2020-04-07,0,805.57,9056,215313504
Brazil,2020-04-08,0,805.57,9056,215313504
Brazil,2020-04-09,0,805.57,9056,215313504
Brazil,2020-04-10,0,805.57,9056,215313504
Brazil,2020-04-11,0,805.57,9056,215313504
Brazil,2020-04-12,10582,1511.71,19638,215313504
Brazil,2020-04-13,0,1511.71,19638,215313504
Brazil,2020-04-14,0,1511.71,19638,215313504
Brazil,2020-04-15,0,1511.71,19638,215313504
Brazil,2020-04-16,0,1511.71,19638,215313504
Brazil,2020-04-17,0,1511.71,19638,215313504
Brazil,2020-04-18,0,1511.71,19638,215313504
Brazil,2020-04-19,14044,2006.29,33682,215313504
Brazil,2020-04-20,0,2006.29,33682,215313504
Brazil,2020-04-21,0,2006.29,33682,215313504
Brazil,2020-04-22,0,2006.29,33682,215313504
Brazil,2020-04-23,0,2006.29,33682,215313504
Brazil,2020-04-24,0,2006.29,33682,215313504
Brazil,2020-04-25,0,2006.29,33682,215313504
Brazil,2020-04-26,19313,2759.0,52995,215313504
Brazil,2020-04-27,0,2759.0,52995,215313504
Brazil,2020-04-28,0,2759.0,52995,215313504
Brazil,2020-04-29,0,2759.0,52995,215313504
Brazil,2020-04-30,0,2759.0,52995,215313504
Brazil,2020-05-01,0,2759.0,52995,215313504
Brazil,2020-05-02,0,2759.0,52995,215313504
Brazil,2020-05-03,38594,5513.43,91589,215313504
Brazil,2020-05-04,0,5513.43,91589,215313504
Brazil,2020-05-05,0,5513.43,91589,215313504
Brazil,2020-05-06,0,5513.43,91589,215313504
Brazil,2020-05-07,0,5513.43,91589,215313504
Brazil,2020-05-08,0,5513.43,91589,215313504
Brazil,2020-05-09,0,5513.43,91589,215313504
Brazil,2020-05-10,53739,7677.0,145328,215313504
Brazil,2020-05-11,0,7677.0,145328,215313504
Brazil,2020-05-12,0,7677.0,145328,215313504
Brazil,2020-05-13,0,7677.0,145328,215313504
Brazil,2020-05-14,0,7677.0,145328,215313504
Brazil,2020-05-15,0,7677.0,145328,215313504
Brazil,2020-05-16,0,7677.0,145328,215313504
Brazil,2020-05-17,72895,10413.57,218223,215313504
Brazil,2020-05-18,0,10413.57,218223,215313504
Brazil,2020-05-19,0,10413.57,218223,215313504
Brazil,2020-05-20,0,10413.57,218223,215313504
Brazil,2020-05-21,0,10413.57,218223,215313504
Brazil,2020-05-22,0,10413.57,218223,215313504
Brazil,2020-05-23,0,10413.57,218223,215313504
Brazil,2020-05-24,112667,16095.29,330890,215313504
Brazil,2020-05-25,0,16095.29,330890,215313504
Brazil,2020-05-26,0,16095.29,330890,215313504
Brazil,2020-05-27,0,16095.29,330890,215313504
Brazil,2020-05-28,0,16095.29,330890,215313504
Brazil,2020-05-29,0,16095.29,330890,215313504
Brazil,2020-05-30,0,16095.29,330890,215313504
Brazil,2020-05-31,134276,19182.29,465166,215313504
Brazil,2020-06-01,0,19182.29,465166,215313504
Brazil,2020-06-02,0,19182.29,465166,215313504
Brazil,2020-06-03,0,19182.29,465166,215313504
Brazil,2020-06-04,0,19182.29,465166,215313504
Brazil,2020-06-05,0,19182.29,465166,215313504
Brazil,2020-06-06,0,19182.29,465166,215313504
Brazil,2020-06-07,180605,25800.71,645771,215313504
Brazil,2020-06-08,0,25800.71,645771,215313504
Brazil,2020-06-09,0,25800.71,645771,215313504
Brazil,2020-06-10,0,25800.71,645771,215313504
Brazil,2020-06-11,0,25800.71,645771,215313504
Brazil,2020-06-12,0,25800.71,645771,215313504
Brazil,2020-06-13,0,25800.71,645771,215313504
Brazil,2020-06-14,183039,26148.43,828810,215313504
Brazil,2020-06-15,0,26148.43,828810,215313504
Brazil,2020-06-16,0,26148.43,828810,215313504
Brazil,2020-06-17,0,26148.43,828810,215313504
Brazil,2020-06-18,0,26148.43,828810,215313504
Brazil,2020-06-19,0,26148.43,828810,215313504
Brazil,2020-06-20,0,26148.43,828810,215313504
Brazil,2020-06-21,204103,29157.57,1032913,215313504
Brazil,2020-06-22,0,29157.57,1032913,215313504
Brazil,2020-06-23,0,29157.57,1032913,215313504
Brazil,2020-06-24,0,29157.57,1032913,215313504
Brazil,2020-06-25,0,29157.57,1032913,215313504
Brazil,2020-06-26,0,29157.57,1032913,215313504
Brazil,2020-06-27,0,29157.57,1032913,215313504
Brazil,2020-06-28,242061,34580.14,1274974,215313504
Brazil,2020-06-29,0,34580.14,1274974,215313504
Brazil,2020-06-30,0,34580.14,1274974,215313504
Brazil,2020-07-01,0,34580.14,1274974,215313504
Brazil,2020-07-02,0,34580.14,1274974,215313504
Brazil,2020-07-03,0,34580.14,1274974,215313504
Brazil,2020-07-04,0,34580.14,1274974,215313504
Brazil,2020-07-05,264107,37729.57,1539081,215313504
Brazil,2020-07-06,0,37729.57,1539081,215313504
Brazil,2020-07-07,0,37729.57,1539081,215313504
Brazil,2020-07-08,0,37729.57,1539081,215313504
Brazil,2020-07-09,0,37729.57,1539081,215313504
Brazil,2020-07-10,0,37729.57,1539081,215313504
Brazil,2020-07-11,0,37729.57,1539081,215313504
Brazil,2020-07-12,261746,37392.29,1800827,215313504
Brazil,2020-07-13,0,37392.29,1800827,215313504
Brazil,2020-07-14,0,37392.29,1800827,215313504
Brazil,2020-07-15,0,37392.29,1800827,215313504
Brazil,2020-07-16,0,37392.29,1800827,215313504
Brazil,2020-07-17,0,37392.29,1800827,215313504
Brazil,2020-07-18,0,37392.29,1800827,215313504
Brazil,2020-07-19,245501,35071.57,2046328,215313504
Brazil,2020-07-20,0,35071.57,2046328,215313504
Brazil,2020-07-21,0,35071.57,2046328,215313504
Brazil,2020-07-22,0,35071.57,2046328,215313504
Brazil,2020-07-23,0,35071.57,2046328,215313504
Brazil,2020-07-24,0,35071.57,2046328,215313504
Brazil,2020-07-25,0,35071.57,2046328,215313504
Brazil,2020-07-26,297038,42434.0,2343366,215313504
Brazil,2020-07-27,0,42434.0,2343366,215313504
Brazil,2020-07-28,0,42434.0,2343366,215313504
Brazil,2020-07-29,0,42434.0,2343366,215313504
Brazil,2020-07-30,0,42434.0,2343366,215313504
Brazil,2020-07-31,0,42434.0,2343366,215313504
Brazil,2020-08-01,0,42434.0,2343366,215313504
Brazil,2020-08-02,319119,45588.43,2662485,215313504
Brazil,2020-08-03,0,45588.43,2662485,215313504
Brazil,2020-08-04,0,45588.43,2662485,215313504
Brazil,2020-08-05,0,45588.43,2662485,215313504
Brazil,2020-08-06,0,45588.43,2662485,215313504
Brazil,2020-08-07,0,45588.43,2662485,215313504
Brazil,2020-08-08,0,45588.43,2662485,215313504
Brazil,2020-08-09,299957,42851.0,2962442,215313504
Brazil,2020-08-10,0,42851.0,2962442,215313504
Brazil,2020-08-11,0,42851.0,2962442,215313504
Brazil,2020-08-12,0,42851.0,2962442,215313504
Brazil,2020-08-13,0,42851.0,2962442,215313504
Brazil,2020-08-14,0,42851.0,2962442,215313504
Brazil,2020-08-15,0,42851.0,2962442,215313504
Brazil,2020-08-16,313078,44725.43,3275520,215313504
Brazil,2020-08-17,0,44725.43,3275520,215313504
Brazil,2020-08-18,0,44725.43,3275520,215313504
Brazil,2020-08-19,0,44725.43,3275520,215313504
Brazil,2020-08-20,0,44725.43,3275520,215313504
Brazil,2020-08-21,0,44725.43,3275520,215313504
Brazil,2020-08-22,0,44725.43,3275520,215313504
Brazil,2020-08-23,256810,36687.14,3532330,215313504
Brazil,2020-08-24,0,36687.14,3532330,215313504
Brazil,2020-08-25,0,36687.14,3532330,215313504
Brazil,2020-08-26,0,36687.14,3532330,215313504
Brazil,2020-08-27,0,36687.14,3532330,215313504
Brazil,2020-08-28,0,36687.14,3532330,215313504
Brazil,2020-08-29,0,36687.14,3532330,215313504
Brazil,2020-08-30,272473,38924.71,3804803,215313504
Brazil,2020-08-31,0,38924.71,3804803,215313504
Brazil,2020-09-01,0,38924.71,3804803,215313504
Brazil,2020-09-02,0,38924.71,3804803,215313504
Brazil,2020-09-03,0,38924.71,3804803,215313504
Brazil,2020-09-04,0,38924.71,3804803,215313504
Brazil,2020-09-05,0,38924.71,3804803,215313504
Brazil,2020-09-06,288029,41147.0,4092832,215313504
Brazil,2020-09-07,0,41147.0,4092832,215313504
Brazil,2020-09-08,0,41147.0,4092832,215313504
Brazil,2020-09-09,0,41147.0,4092832,215313504
Brazil,2020-09-10,0,41147.0,4092832,215313504
Brazil,2020-09-11,0,41147.0,4092832,215313504
Brazil,2020-09-12,0,41147.0,4092832,215313504
Brazil,2020-09-13,189332,27047.43,4282164,215313504
Brazil,2020-09-14,0,27047.43,4282164,215313504
Brazil,2020-09-15,0,27047.43,4282164,215313504
Brazil,2020-09-16,0,27047.43,4282164,215313504
Brazil,2020-09-17,0,27047.43,4282164,215313504
Brazil,2020-09-18,0,27047.43,4282164,215313504
Brazil,2020-09-19,0,27047.43,4282164,215313504
Brazil,2020-09-20,213019,30431.29,4495183,215313504
Brazil,2020-09-21,0,30431.29,4495183,215313504
Brazil,2020-09-22,0,30431.29,4495183,215313504
Brazil,2020-09-23,0,30431.29,4495183,215313504
Brazil,2020-09-24,0,30431.29,4495183,215313504
Brazil,2020-09-25,0,30431.29,4495183,215313504
Brazil,2020-09-26,0,30431.29,4495183,215313504
Brazil,2020-09-27,194430,27775.71,4689613,215313504
Brazil,2020-09-28,0,27775.71,4689613,215313504
Brazil,2020-09-29,0,27775.71,4689613,215313504
Brazil,2020-09-30,0,27775.71,4689613,215313504
Brazil,2020-10-01,0,27775.71,4689613,215313504
Brazil,2020-10-02,0,27775.71,4689613,215313504
Brazil,2020-10-03,0,27775.71,4689613,215313504
Brazil,2020-10-04,190910,27272.86,4880523,215313504
Brazil,2020-10-05,0,27272.86,4880523,215313504
Brazil,2020-10-06,0,27272.86,4880523,215313504
Brazil,2020-10-07,0,27272.86,4880523,215313504
Brazil,2020-10-08,0,27272.86,4880523,215313504
Brazil,2020-10-09,0,27272.86,4880523,215313504
Brazil,2020-10-10,0,27272.86,4880523,215313504
Brazil,2020-10-11,175365,25052.14,5055888,215313504
Brazil,2020-10-12,0,25052.14,5055888,215313504
Brazil,2020-10-13,0,25052.14,5055888,215313504
Brazil,2020-10-14,0,25052.14,5055888,215313504
Brazil,2020-10-15,0,25052.14,5055888,215313504
Brazil,2020-10-16,0,25052.14,5055888,215313504
Brazil,2020-10-17,0,25052.14,5055888,215313504
Brazil,2020-10-18,144412,20630.29,5200300,215313504
Brazil,2020-10-19,0,20630.29,5200300,215313504
Brazil,2020-10-20,0,20630.29,5200300,215313504
Brazil,2020-10-21,0,20630.29,5200300,215313504
Brazil,2020-10-22,0,20630.29,5200300,215313504
Brazil,2020-10-23,0,20630.29,5200300,215313504
Brazil,2020-10-24,0,20630.29,5200300,215313504
Brazil,2020-10-25,153356,21908.0,5353656,215313504
Brazil,2020-10-26,0,21908.0,5353656,215313504
Brazil,2020-10-27,0,21908.0,5353656,215313504
Brazil,2020-10-28,0,21908.0,5353656,215313504
Brazil,2020-10-29,0,21908.0,5353656,215313504
Brazil,2020-10-30,0,21908.0,5353656,215313504
Brazil,2020-10-31,0,21908.0,5353656,215313504
Brazil,2020-11-01,163002,23286.0,5516658,215313504
Brazil,2020-11-02,0,23286.0,5516658,215313504
Brazil,2020-11-03,0,23286.0,5516658,215313504
Brazil,2020-11-04,0,23286.0,5516658,215313504
Brazil,2020-11-05,0,23286.0,5516658,215313504
Brazil,2020-11-06,0,23286.0,5516658,215313504
Brazil,2020-11-07,0,23286.0,5516658,215313504
Brazil,2020-11-08,114523,16360.43,5631181,215313504
Brazil,2020-11-09,0,16360.43,5631181,215313504
Brazil,2020-11-10,0,16360.43,5631181,215313504
Brazil,2020-11-11,0,16360.43,5631181,215313504
Brazil,2020-11-12,0,16360.43,5631181,215313504
Brazil,2020-11-13,0,16360.43,5631181,215313504
Brazil,2020-11-14,0,16360.43,5631181,215313504
Brazil,2020-11-15,179471,25638.71,5810652,215313504
Brazil,2020-11-16,0,25638.71,5810652,215313504
Brazil,2020-11-17,0,25638.71,5810652,215313504
Brazil,2020-11-18,0,25638.71,5810652,215313504
Brazil,2020-11-19,0,25638.71,5810652,215313504
Brazil,2020-11-20,0,25638.71,5810652,215313504
Brazil,2020-11-21,0,25638.71,5810652,215313504
Brazil,2020-11-22,209512,29930.29,6020164,215313504
Brazil,2020-11-23,0,29930.29,6020164,215313504
Brazil,2020-11-24,0,29930.29,6020164,215313504
Brazil,2020-11-25,0,29930.29,6020164,215313504
Brazil,2020-11-26,0,29930.29,6020164,215313504
Brazil,2020-11-27,0,29930.29,6020164,215313504
Brazil,2020-11-28,0,29930.29,6020164,215313504
Brazil,2020-11-29,218186,31169.43,6238350,215313504
Brazil,2020-11-30,0,31169.43,6238350,215313504
Brazil,2020-12-01,0,31169.43,6238350,215313504
Brazil,2020-12-02,0,31169.43,6238350,215313504
Brazil,2020-12-03,0,31169.43,6238350,215313504
Brazil,2020-12-04,0,31169.43,6238350,215313504
Brazil,2020-12-05,0,31169.43,6238350,215313504
Brazil,2020-12-06,295618,42231.14,6533968,215313504
Brazil,2020-12-07,0,42231.14,6533968,215313504
Brazil,2020-12-08,0,42231.14,6533968,215313504
Brazil,2020-12-09,0,42231.14,6533968,215313504
Brazil,2020-12-10,0,42231.14,6533968,215313504
Brazil,2020-12-11,0,42231.14,6533968,215313504
Brazil,2020-12-12,0,42231.14,6533968,215313504
Brazil,2020-12-13,302259,43179.86,6836227,215313504
Brazil,2020-12-14,0,43179.86,6836227,215313504
Brazil,2020-12-15,0,43179.86,6836227,215313504
Brazil,2020-12-16,0,43179.86,6836227,215313504
Brazil,2020-12-17,0,43179.86,6836227,215313504
Brazil,2020-12-18,0,43179.86,6836227,215313504
Brazil,2020-12-19,0,43179.86,6836227,215313504
Brazil,2020-12-20,326751,46678.71,7162978,215313504
Brazil,2020-12-21,0,46678.71,7162978,215313504
Brazil,2020-12-22,0,46678.71,7162978,215313504
Brazil,2020-12-23,0,46678.71,7162978,215313504
Brazil,2020-12-24,0,46678.71,7162978,215313504
Brazil,2020-12-25,0,46678.71,7162978,215313504
Brazil,2020-12-26,0,46678.71,7162978,215313504
Brazil,2020-12-27,285582,40797.43,7448560,215313504
Brazil,2020-12-28,0,40797.43,7448560,215313504
Brazil,2020-12-29,0,40797.43,7448560,215313504
Brazil,2020-12-30,0,40797.43,7448560,215313504
Brazil,2020-12-31,0,40797.43,7448560,215313504
Brazil,2021-01-01,0,40797.43,7448560,215313504
Brazil,2021-01-02,0,40797.43,7448560,215313504
Brazil,2021-01-03,252018,36002.57,7700578,215313504
Brazil,2021-01-04,0,36002.57,7700578,215313504
Brazil,2021-01-05,0,36002.57,7700578,215313504
Brazil,2021-01-06,0,36002.57,7700578,215313504
Brazil,2021-01-07,0,36002.57,7700578,215313504
Brazil,2021-01-08,0,36002.57,7700578,215313504
Brazil,2021-01-09,0,36002.57,7700578,215313504
Brazil,2021-01-10,313130,44732.86,8013708,215313504
Brazil,2021-01-11,0,44732.86,8013708,215313504
Brazil,2021-01-12,0,44732.86,8013708,215313504
Brazil,2021-01-13,0,44732.86,8013708,215313504
Brazil,2021-01-14,0,44732.86,8013708,215313504
Brazil,2021-01-15,0,44732.86,8013708,215313504
Brazil,2021-01-16,0,44732.86,8013708,215313504
Brazil,2021-01-17,379784,54254.86,8393492,215313504
Brazil,2021-01-18,0,54254.86,8393492,215313504
Brazil,2021-01-19,0,54254.86,8393492,215313504
Brazil,2021-01-20,0,54254.86,8393492,215313504
Brazil,2021-01-21,0,54254.86,8393492,215313504
Brazil,2021-01-22,0,54254.86,8393492,215313504
Brazil,2021-01-23,0,54254.86,8393492,215313504
Brazil,2021-01-24,360428,51489.71,8753920,215313504
Brazil,2021-01-25,0,51489.71,8753920,215313504
Brazil,2021-01-26,0,51489.71,8753920,215313504
Brazil,2021-01-27,0,51489.71,8753920,215313504
Brazil,2021-01-28,0,51489.71,8753920,215313504
Brazil,2021-01-29,0,51489.71,8753920,215313504
Brazil,2021-01-30,0,51489.71,8753920,215313504
Brazil,2021-01-31,364593,52084.71,9118513,215313504
Brazil,2021-02-01,0,52084.71,9118513,215313504
Brazil,2021-02-02,0,52084.71,9118513,215313504
Brazil,2021-02-03,0,52084.71,9118513,215313504
Brazil,2021-02-04,0,52084.71,9118513,215313504
Brazil,2021-02-05,0,52084.71,9118513,215313504
Brazil,2021-02-06,0,52084.71,9118513,215313504
Brazil,2021-02-07,328652,46950.29,9447165,215313504
Brazil,2021-02-08,0,46950.29,9447165,215313504
Brazil,2021-02-09,0,46950.29,9447165,215313504
Brazil,2021-02-10,0,46950.29,9447165,215313504
Brazil,2021-02-11,0,46950.29,9447165,215313504
Brazil,2021-02-12,0,46950.29,9447165,215313504
Brazil,2021-02-13,0,46950.29,9447165,215313504
Brazil,2021-02-14,318290,45470.0,9765455,215313504
Brazil,2021-02-15,0,45470.0,9765455,215313504
Brazil,2021-02-16,0,45470.0,9765455,215313504
Brazil,2021-02-17,0,45470.0,9765455,215313504
Brazil,2021-02-18,0,45470.0,9765455,215313504
Brazil,2021-02-19,0,45470.0,9765455,215313504
Brazil,2021-02-20,0,45470.0,9765455,215313504
Brazil,2021-02-21,316221,45174.43,10081676,215313504
Brazil,2021-02-22,0,45174.43,10081676,215313504
Brazil,2021-02-23,0,45174.43,10081676,215313504
Brazil,2021-02-24,0,45174.43,10081676,215313504
Brazil,2021-02-25,0,45174.43,10081676,215313504
Brazil,2021-02-26,0,45174.43,10081676,215313504
Brazil,2021-02-27,0,45174.43,10081676,215313504
Brazil,2021-02-28,373954,53422.0,10455630,215313504
Brazil,2021-03-01,0,53422.0,10455630,215313504
Brazil,2021-03-02,0,53422.0,10455630,215313504
Brazil,2021-03-03,0,53422.0,10455630,215313504
Brazil,2021-03-04,0,53422.0,10455630,215313504
Brazil,2021-03-05,0,53422.0,10455630,215313504
Brazil,2021-03-06,0,53422.0,10455630,215313504
Brazil,2021-03-07,413597,59085.29,10869227,215313504
Brazil,2021-03-08,0,59085.29,10869227,215313504
Brazil,2021-03-09,0,59085.29,10869227,215313504
Brazil,2021-03-10,0,59085.29,10869227,215313504
Brazil,2021-03-11,0,59085.29,10869227,215313504
Brazil,2021-03-12,0,59085.29,10869227,215313504
Brazil,2021-03-13,0,59085.29,10869227,215313504
Brazil,2021-03-14,494153,70593.29,11363380,215313504
Brazil,2021-03-15,0,70593.29,11363380,215313504
Brazil,2021-03-16,0,70593.29,11363380,215313504
Brazil,2021-03-17,0,70593.29,11363380,215313504
Brazil,2021-03-18,0,70593.29,11363380,215313504
Brazil,2021-03-19,0,70593.29,11363380,215313504
Brazil,2021-03-20,0,70593.29,11363380,215313504
Brazil,2021-03-21,508010,72572.86,11871390,215313504
Brazil,2021-03-22,0,72572.86,11871390,215313504
Brazil,2021-03-23,0,72572.86,11871390,215313504
Brazil,2021-03-24,0,72572.86,11871390,215313504
Brazil,2021-03-25,0,72572.86,11871390,215313504
Brazil,2021-03-26,0,72572.86,11871390,215313504
Brazil,2021-03-27,0,72572.86,11871390,215313504
Brazil,2021-03-28,533024,76146.29,12404414,215313504
Brazil,2021-03-29,0,76146.29,12404414,215313504
Brazil,2021-03-30,0,76146.29,12404414,215313504
Brazil,2021-03-31,0,76146.29,12404414,215313504
Brazil,2021-04-01,0,76146.29,12404414,215313504
Brazil,2021-04-02,0,76146.29,12404414,215313504
Brazil,2021-04-03,0,76146.29,12404414,215313504
Brazil,2021-04-04,505668,72238.29,12910082,215313504
Brazil,2021-04-05,0,72238.29,12910082,215313504
Brazil,2021-04-06,0,72238.29,12910082,215313504
Brazil,2021-04-07,0,72238.29,12910082,215313504
Brazil,2021-04-08,0,72238.29,12910082,215313504
Brazil,2021-04-09,0,72238.29,12910082,215313504
Brazil,2021-04-10,0,72238.29,12910082,215313504
Brazil,2021-04-11,463092,66156.0,13373174,215313504
Brazil,2021-04-12,0,66156.0,13373174,215313504
Brazil,2021-04-13,0,66156.0,13373174,215313504
Brazil,2021-04-14,0,66156.0,13373174,215313504
Brazil,2021-04-15,0,66156.0,13373174,215313504
Brazil,2021-04-16,0,66156.0,13373174,215313504
Brazil,2021-04-17,0,66156.0,13373174,215313504
Brazil,2021-04-18,459281,65611.57,13832455,215313504
Brazil,2021-04-19,0,65611.57,13832455,215313504
Brazil,2021-04-20,0,65611.57,13832455,215313504
Brazil,2021-04-21,0,65611.57,13832455,215313504
Brazil,2021-04-22,0,65611.57,13832455,215313504
Brazil,2021-04-23,0,65611.57,13832455,215313504
Brazil,2021-04-24,0,65611.57,13832455,215313504
Brazil,2021-04-25,404623,57803.29,14237078,215313504
Brazil,2021-04-26,0,57803.29,14237078,215313504
Brazil,2021-04-27,0,57803.29,14237078,215313504
Brazil,2021-04-28,0,57803.29,14237078,215313504
Brazil,2021-04-29,0,57803.29,14237078,215313504
Brazil,2021-04-30,0,57803.29,14237078,215313504
Brazil,2021-05-01,0,57803.29,14237078,215313504
Brazil,2021-05-02,421933,60276.14,14659011,215313504
Brazil,2021-05-03,0,60276.14,14659011,215313504
Brazil,2021-05-04,0,60276.14,14659011,215313504
Brazil,2021-05-05,0,60276.14,14659011,215313504
Brazil,2021-05-06,0,60276.14,14659011,215313504
Brazil,2021-05-07,0,60276.14,14659011,215313504
Brazil,2021-05-08,0,60276.14,14659011,215313504
Brazil,2021-05-09,423438,60491.14,15082449,215313504
Brazil,2021-05-10,0,60491.14,15082449,215313504
Brazil,2021-05-11,0,60491.14,15082449,215313504
Brazil,2021-05-12,0,60491.14,15082449,215313504
Brazil,2021-05-13,0,60491.14,15082449,215313504
Brazil,2021-05-14,0,60491.14,15082449,215313504
Brazil,2021-05-15,0,60491.14,15082449,215313504
Brazil,2021-05-16,437076,62439.43,15519525,215313504
Brazil,2021-05-17,0,62439.43,15519525,215313504
Brazil,2021-05-18,0,62439.43,15519525,215313504
Brazil,2021-05-19,0,62439.43,15519525,215313504
Brazil,2021-05-20,0,62439.43,15519525,215313504
Brazil,2021-05-21,0,62439.43,15519525,215313504
Brazil,2021-05-22,0,62439.43,15519525,215313504
Brazil,2021-05-23,451424,64489.14,15970949,215313504
Brazil,2021-05-24,0,64489.14,15970949,215313504
Brazil,2021-05-25,0,64489.14,15970949,215313504
Brazil,2021-05-26,0,64489.14,15970949,215313504
Brazil,2021-05-27,0,64489.14,15970949,215313504
Brazil,2021-05-28,0,64489.14,15970949,215313504
Brazil,2021-05-29,0,64489.14,15970949,215313504
Brazil,2021-05-30,420981,60140.14,16391930,215313504
Brazil,2021-05-31,0,60140.14,16391930,215313504
Brazil,2021-06-01,0,60140.14,16391930,215313504
Brazil,2021-06-02,0,60140.14,16391930,215313504
Brazil,2021-06-03,0,60140.14,16391930,215313504
Brazil,2021-06-04,0,60140.14,16391930,215313504
Brazil,2021-06-05,0,60140.14,16391930,215313504
Brazil,2021-06-06,449478,64211.14,16841408,215313504
Brazil,2021-06-07,0,64211.14,16841408,215313504
Brazil,2021-06-08,0,64211.14,16841408,215313504
Brazil,2021-06-09,0,64211.14,16841408,215313504
Brazil,2021-06-10,0,64211.14,16841408,215313504
Brazil,2021-06-11,0,64211.14,16841408,215313504
Brazil,2021-06-12,0,64211.14,16841408,215313504
Brazil,2021-06-13,454710,64958.57,17296118,215313504
Brazil,2021-06-14,0,64958.57,17296118,215313504
Brazil,2021-06-15,0,64958.57,17296118,215313504
Brazil,2021-06-16,0,64958.57,17296118,215313504
Brazil,2021-06-17,0,64958.57,17296118,215313504
Brazil,2021-06-18,0,64958.57,17296118,215313504
Brazil,2021-06-19,0,64958.57,17296118,215313504
Brazil,2021-06-20,505344,72192.0,17801462,215313504
Brazil,2021-06-21,0,72192.0,17801462,215313504
Brazil,2021-06-22,0,72192.0,17801462,215313504
Brazil,2021-06-23,0,72192.0,17801462,215313504
Brazil,2021-06-24,0,72192.0,17801462,215313504
Brazil,2021-06-25,0,72192.0,17801462,215313504
Brazil,2021-06-26,0,72192.0,17801462,215313504
Brazil,2021-06-27,521298,74471.14,18322760,215313504
Brazil,2021-06-28,0,74471.14,18322760,215313504
Brazil,2021-06-29,0,74471.14,18322760,215313504
Brazil,2021-06-30,0,74471.14,18322760,215313504
Brazil,2021-07-01,0,74471.14,18322760,215313504
Brazil,2021-07-02,0,74471.14,18322760,215313504
Brazil,2021-07-03,0,74471.14,18322760,215313504
Brazil,2021-07-04,364709,52101.29,18687469,215313504
Brazil,2021-07-05,0,52101.29,18687469,215313504
Brazil,2021-07-06,0,52101.29,18687469,215313504
Brazil,2021-07-07,0,52101.29,18687469,215313504
Brazil,2021-07-08,0,52101.29,18687469,215313504
Brazil,2021-07-09,0,52101.29,18687469,215313504
Brazil,2021-07-10,0,52101.29,18687469,215313504
Brazil,2021-07-11,333030,47575.71,19020499,215313504
Brazil,2021-07-12,0,47575.71,19020499,215313504
Brazil,2021-07-13,0,47575.71,19020499,215313504
Brazil,2021-07-14,0,47575.71,19020499,215313504
Brazil,2021-07-15,0,47575.71,19020499,215313504
Brazil,2021-07-16,0,47575.71,19020499,215313504
Brazil,2021-07-17,0,47575.71,19020499,215313504
Brazil,2021-07-18,287610,41087.14,19308109,215313504
Brazil,2021-07-19,0,41087.14,19308109,215313504
Brazil,2021-07-20,0,41087.14,19308109,215313504
Brazil,2021-07-21,0,41087.14,19308109,215313504
Brazil,2021-07-22,0,41087.14,19308109,215313504
Brazil,2021-07-23,0,41087.14,19308109,215313504
Brazil,2021-07-24,0,41087.14,19308109,215313504
Brazil,2021-07-25,324334,46333.43,19632443,215313504
Brazil,2021-07-26,0,46333.43,19632443,215313504
Brazil,2021-07-27,0,46333.43,19632443,215313504
Brazil,2021-07-28,0,46333.43,19632443,215313504
Brazil,2021-07-29,0,46333.43,19632443,215313504
Brazil,2021-07-30,0,46333.43,19632443,215313504
Brazil,2021-07-31,0,46333.43,19632443,215313504
Brazil,2021-08-01,247830,35404.29,19880273,215313504
Brazil,2021-08-02,0,35404.29,19880273,215313504
Brazil,2021-08-03,0,35404.29,19880273,215313504
Brazil,2021-08-04,0,35404.29,19880273,215313504
Brazil,2021-08-05,0,35404.29,19880273,215313504
Brazil,2021-08-06,0,35404.29,19880273,215313504
Brazil,2021-08-07,0,35404.29,19880273,215313504
Brazil,2021-08-08,228473,32639.0,20108746,215313504
Brazil,2021-08-09,0,32639.0,20108746,215313504
Brazil,2021-08-10,0,32639.0,20108746,215313504
Brazil,2021-08-11,0,32639.0,20108746,215313504
Brazil,2021-08-12,0,32639.0,20108746,215313504
Brazil,2021-08-13,0,32639.0,20108746,215313504
Brazil,2021-08-14,0,32639.0,20108746,215313504
Brazil,2021-08-15,210254,30036.29,20319000,215313504
Brazil,2021-08-16,0,30036.29,20319000,215313504
Brazil,2021-08-17,0,30036.29,20319000,215313504
Brazil,2021-08-18,0,30036.29,20319000,215313504
Brazil,2021-08-19,0,30036.29,20319000,215313504
Brazil,2021-08-20,0,30036.29,20319000,215313504
Brazil,2021-08-21,0,30036.29,20319000,215313504
Brazil,2021-08-22,209099,29871.29,20528099,215313504
Brazil,2021-08-23,0,29871.29,20528099,215313504
Brazil,2021-08-24,0,29871.29,20528099,215313504
Brazil,2021-08-25,0,29871.29,20528099,215313504
Brazil,2021-08-26,0,29871.29,20528099,215313504
Brazil,2021-08-27,0,29871.29,20528099,215313504
Brazil,2021-08-28,0,29871.29,20528099,215313504
Brazil,2021-08-29,175807,25115.29,20703906,215313504
Brazil,2021-08-30,0,25115.29,20703906,215313504
Brazil,2021-08-31,0,25115.29,20703906,215313504
Brazil,2021-09-01,0,25115.29,20703906,215313504
Brazil,2021-09-02,0,25115.29,20703906,215313504
Brazil,2021-09-03,0,25115.29,20703906,215313504
Brazil,2021-09-04,0,25115.29,20703906,215313504
Brazil,2021-09-05,152154,21736.29,20856060,215313504
Brazil,2021-09-06,0,21736.29,20856060,215313504
Brazil,2021-09-07,0,21736.29,20856060,215313504
Brazil,2021-09-08,0,21736.29,20856060,215313504
Brazil,2021-09-09,0,21736.29,20856060,215313504
Brazil,2021-09-10,0,21736.29,20856060,215313504
Brazil,2021-09-11,0,21736.29,20856060,215313504
Brazil,2021-09-12,118790,16970.0,20974850,215313504
Brazil,2021-09-13,0,16970.0,20974850,215313504
Brazil,2021-09-14,0,16970.0,20974850,215313504
Brazil,2021-09-15,0,16970.0,20974850,215313504
Brazil,2021-09-16,0,16970.0,20974850,215313504
Brazil,2021-09-17,0,16970.0,20974850,215313504
Brazil,2021-09-18,0,16970.0,20974850,215313504
Brazil,2021-09-19,105369,15052.71,21080219,215313504
Brazil,2021-09-20,0,15052.71,21080219,215313504
Brazil,2021-09-21,0,15052.71,21080219,215313504
Brazil,2021-09-22,0,15052.71,21080219,215313504
Brazil,2021-09-23,0,15052.71,21080219,215313504
Brazil,2021-09-24,0,15052.71,21080219,215313504
Brazil,2021-09-25,0,15052.71,21080219,215313504
Brazil,2021-09-26,247397,35342.43,21327616,215313504
Brazil,2021-09-27,0,35342.43,21327616,215313504
Brazil,2021-09-28,0,35342.43,21327616,215313504
Brazil,2021-09-29,0,35342.43,21327616,215313504
Brazil,2021-09-30,0,35342.43,21327616,215313504
Brazil,2021-10-01,0,35342.43,21327616,215313504
Brazil,2021-10-02,0,35342.43,21327616,215313504
Brazil,2021-10-03,118035,16862.14,21445651,215313504
Brazil,2021-10-04,0,16862.14,21445651,215313504
Brazil,2021-10-05,0,16862.14,21445651,215313504
Brazil,2021-10-06,0,16862.14,21445651,215313504
Brazil,2021-10-07,0,16862.14,21445651,215313504
Brazil,2021-10-08,0,16862.14,21445651,215313504
Brazil,2021-10-09,0,16862.14,21445651,215313504
Brazil,2021-10-10,105079,15011.29,21550730,215313504
Brazil,2021-10-11,0,15011.29,21550730,215313504
Brazil,2021-10-12,0,15011.29,21550730,215313504
Brazil,2021-10-13,0,15011.29,21550730,215313504
Brazil,2021-10-14,0,15011.29,21550730,215313504
Brazil,2021-10-15,0,15011.29,21550730,215313504
Brazil,2021-10-16,0,15011.29,21550730,215313504
Brazil,2021-10-17,76746,10963.71,21627476,215313504
Brazil,2021-10-18,0,10963.71,21627476,215313504
Brazil,2021-10-19,0,10963.71,21627476,215313504
Brazil,2021-10-20,0,10963.71,21627476,215313504
Brazil,2021-10-21,0,10963.71,21627476,215313504
Brazil,2021-10-22,0,10963.71,21627476,215313504
Brazil,2021-10-23,0,10963.71,21627476,215313504
Brazil,2021-10-24,84367,12052.43,21711843,215313504
Brazil,2021-10-25,0,12052.43,21711843,215313504
Brazil,2021-10-26,0,12052.43,21711843,215313504
Brazil,2021-10-27,0,12052.43,21711843,215313504
Brazil,2021-10-28,0,12052.43,21711843,215313504
Brazil,2021-10-29,0,12052.43,21711843,215313504
Brazil,2021-10-30,0,12052.43,21711843,215313504
Brazil,2021-10-31,81558,11651.14,21793401,215313504
Brazil,2021-11-01,0,11651.14,21793401,215313504
Brazil,2021-11-02,0,11651.14,21793401,215313504
Brazil,2021-11-03,0,11651.14,21793401,215313504
Brazil,2021-11-04,0,11651.14,21793401,215313504
Brazil,2021-11-05,0,11651.14,21793401,215313504
Brazil,2021-11-06,0,11651.14,21793401,215313504
Brazil,2021-11-07,69057,9865.29,21862458,215313504
Brazil,2021-11-08,0,9865.29,21862458,215313504
Brazil,2021-11-09,0,9865.29,21862458,215313504
Brazil,2021-11-10,0,9865.29,21862458,215313504
Brazil,2021-11-11,0,9865.29,21862458,215313504
Brazil,2021-11-12,0,9865.29,21862458,215313504
Brazil,2021-11-13,0,9865.29,21862458,215313504
Brazil,2021-11-14,76738,10962.57,21939196,215313504
Brazil,2021-11-15,0,10962.57,21939196,215313504
Brazil,2021-11-16,0,10962.57,21939196,215313504
Brazil,2021-11-17,0,10962.57,21939196,215313504
Brazil,2021-11-18,0,10962.57,21939196,215313504
Brazil,2021-11-19,0,10962.57,21939196,215313504
Brazil,2021-11-20,0,10962.57,21939196,215313504
Brazil,2021-11-21,64121,9160.14,22003317,215313504
Brazil,2021-11-22,0,9160.14,22003317,215313504
Brazil,2021-11-23,0,9160.14,22003317,215313504
Brazil,2021-11-24,0,9160.14,22003317,215313504
Brazil,2021-11-25,0,9160.14,22003317,215313504
Brazil,2021-11-26,0,9160.14,22003317,215313504
Brazil,2021-11-27,0,9160.14,22003317,215313504
Brazil,2021-11-28,64313,9187.57,22067630,215313504
Brazil,2021-11-29,0,9187.57,22067630,215313504
Brazil,2021-11-30,0,9187.57,22067630,215313504
Brazil,2021-12-01,0,9187.57,22067630,215313504
Brazil,2021-12-02,0,9187.57,22067630,215313504
Brazil,2021-12-03,0,9187.57,22067630,215313504
Brazil,2021-12-04,0,9187.57,22067630,215313504
Brazil,2021-12-05,61779,8825.57,22129409,215313504
Brazil,2021-12-06,0,8825.57,22129409,215313504
Brazil,2021-12-07,0,8825.57,22129409,215313504
Brazil,2021-12-08,0,8825.57,22129409,215313504
Brazil,2021-12-09,0,8825.57,22129409,215313504
Brazil,2021-12-10,0,8825.57,22129409,215313504
Brazil,2021-12-11,0,8825.57,22129409,215313504
Brazil,2021-12-12,55415,7916.43,22184824,215313504
Brazil,2021-12-13,0,7916.43,22184824,215313504
Brazil,2021-12-14,0,7916.43,22184824,215313504
Brazil,2021-12-15,0,7916.43,22184824,215313504
Brazil,2021-12-16,0,7916.43,22184824,215313504
Brazil,2021-12-17,0,7916.43,22184824,215313504
Brazil,2021-12-18,0,7916.43,22184824,215313504
Brazil,2021-12-19,24196,3456.57,22209020,215313504
Brazil,2021-12-20,0,3456.57,22209020,215313504
Brazil,2021-12-21,0,3456.57,22209020,215313504
Brazil,2021-12-22,0,3456.57,22209020,215313504
Brazil,2021-12-23,0,3456.57,22209020,215313504
Brazil,2021-12-24,0,3456.57,22209020,215313504
Brazil,2021-12-25,0,3456.57,22209020,215313504
Brazil,2021-12-26,21717,3102.43,22230737,215313504
Brazil,2021-12-27,0,3102.43,22230737,215313504
Brazil,2021-12-28,0,3102.43,22230737,215313504
Brazil,2021-12-29,0,3102.43,22230737,215313504
Brazil,2021-12-30,0,3102.43,22230737,215313504
Brazil,2021-12-31,0,3102.43,22230737,215313504
Brazil,2022-01-01,0,3102.43,22230737,215313504
Brazil,2022-01-02,56784,8112.0,22287521,215313504
Brazil,2022-01-03,0,8112.0,22287521,215313504
Brazil,2022-01-04,0,8112.0,22287521,215313504
Brazil,2022-01-05,0,8112.0,22287521,215313504
Brazil,2022-01-06,0,8112.0,22287521,215313504
Brazil,2022-01-07,0,8112.0,22287521,215313504
Brazil,2022-01-08,0,8112.0,22287521,215313504
Brazil,2022-01-09,162701,23243.0,22450222,215313504
Brazil,2022-01-10,0,23243.0,22450222,215313504
Brazil,2022-01-11,0,23243.0,22450222,215313504
Brazil,2022-01-12,0,23243.0,22450222,215313504
Brazil,2022-01-13,0,23243.0,22450222,215313504
Brazil,2022-01-14,0,23243.0,22450222,215313504
Brazil,2022-01-15,0,23243.0,22450222,215313504
Brazil,2022-01-16,476981,68140.14,22927203,215313504
Brazil,2022-01-17,0,68140.14,22927203,215313504
Brazil,2022-01-18,0,68140.14,22927203,215313504
Brazil,2022-01-19,0,68140.14,22927203,215313504
Brazil,2022-01-20,0,68140.14,22927203,215313504
Brazil,2022-01-21,0,68140.14,22927203,215313504
Brazil,2022-01-22,0,68140.14,22927203,215313504
Brazil,2022-01-23,824579,117797.0,23751782,215313504
Brazil,2022-01-24,0,117797.0,23751782,215313504
Brazil,2022-01-25,0,117797.0,23751782,215313504
Brazil,2022-01-26,0,117797.0,23751782,215313504
Brazil,2022-01-27,0,117797.0,23751782,215313504
Brazil,2022-01-28,0,117797.0,23751782,215313504
Brazil,2022-01-29,0,117797.0,23751782,215313504
Brazil,2022-01-30,1283024,183289.14,25034806,215313504
Brazil,2022-01-31,0,183289.14,25034806,215313504
Brazil,2022-02-01,0,183289.14,25034806,215313504
Brazil,2022-02-02,0,183289.14,25034806,215313504
Brazil,2022-02-03,0,183289.14,25034806,215313504
Brazil,2022-02-04,0,183289.14,25034806,215313504
Brazil,2022-02-05,0,183289.14,25034806,215313504
Brazil,2022-02-06,1241025,177289.29,26275831,215313504
Brazil,2022-02-07,0,177289.29,26275831,215313504
Brazil,2022-02-08,0,177289.29,26275831,215313504
Brazil,2022-02-09,0,177289.29,26275831,215313504
Brazil,2022-02-10,0,177289.29,26275831,215313504
Brazil,2022-02-11,0,177289.29,26275831,215313504
Brazil,2022-02-12,0,177289.29,26275831,215313504
Brazil,2022-02-13,1009678,144239.71,27285509,215313504
Brazil,2022-02-14,0,144239.71,27285509,215313504
Brazil,2022-02-15,0,144239.71,27285509,215313504
Brazil,2022-02-16,0,144239.71,27285509,215313504
Brazil,2022-02-17,0,144239.71,27285509,215313504
Brazil,2022-02-18,0,144239.71,27285509,215313504
Brazil,2022-02-19,0,144239.71,27285509,215313504
Brazil,2022-02-20,773353,110479.0,28058862,215313504
Brazil,2022-02-21,0,110479.0,28058862,215313504
Brazil,2022-02-22,0,110479.0,28058862,215313504
Brazil,2022-02-23,0,110479.0,28058862,215313504
Brazil,2022-02-24,0,110479.0,28058862,215313504
Brazil,2022-02-25,0,110479.0,28058862,215313504
Brazil,2022-02-26,0,110479.0,28058862,215313504
Brazil,2022-02-27,519785,74255.0,28578647,215313504
Brazil,2022-02-28,0,74255.0,28578647,215313504
Brazil,2022-03-01,0,74255.0,28578647,215313504
Brazil,2022-03-02,0,74255.0,28578647,215313504
Brazil,2022-03-03,0,74255.0,28578647,215313504
Brazil,2022-03-04,0,74255.0,28578647,215313504
Brazil,2022-03-05,0,74255.0,28578647,215313504
Brazil,2022-03-06,395152,56450.29,28973799,215313504
Brazil,2022-03-07,0,56450.29,28973799,215313504
Brazil,2022-03-08,0,56450.29,28973799,215313504
Brazil,2022-03-09,0,56450.29,28973799,215313504
Brazil,2022-03-10,0,56450.29,28973799,215313504
Brazil,2022-03-11,0,56450.29,28973799,215313504
Brazil,2022-03-12,0,56450.29,28973799,215313504
Brazil,2022-03-13,331315,47330.71,29305114,215313504
Brazil,2022-03-14,0,47330.71,29305114,215313504
Brazil,2022-03-15,0,47330.71,29305114,215313504
Brazil,2022-03-16,0,47330.71,29305114,215313504
Brazil,2022-03-17,0,47330.71,29305114,215313504
Brazil,2022-03-18,0,47330.71,29305114,215313504
Brazil,2022-03-19,0,47330.71,29305114,215313504
Brazil,2022-03-20,267998,38285.43,29573112,215313504
Brazil,2022-03-21,0,38285.43,29573112,215313504
Brazil,2022-03-22,0,38285.43,29573112,215313504
Brazil,2022-03-23,0,38285.43,29573112,215313504
Brazil,2022-03-24,0,38285.43,29573112,215313504
Brazil,2022-03-25,0,38285.43,29573112,215313504
Brazil,2022-03-26,0,38285.43,29573112,215313504
Brazil,2022-03-27,229145,32735.0,29802257,215313504
Brazil,2022-03-28,0,32735.0,29802257,215313504
Brazil,2022-03-29,0,32735.0,29802257,215313504
Brazil,2022-03-30,0,32735.0,29802257,215313504
Brazil,2022-03-31,0,32735.0,29802257,215313504
Brazil,2022-04-01,0,32735.0,29802257,215313504
Brazil,2022-04-02,0,32735.0,29802257,215313504
Brazil,2022-04-03,172908,24701.14,29975165,215313504
Brazil,2022-04-04,0,24701.14,29975165,215313504
Brazil,2022-04-05,0,24701.14,29975165,215313504
Brazil,2022-04-06,0,24701.14,29975165,215313504
Brazil,2022-04-07,0,24701.14,29975165,215313504
Brazil,2022-04-08,0,24701.14,29975165,215313504
Brazil,2022-04-09,0,24701.14,29975165,215313504
Brazil,2022-04-10,148798,21256.86,30123963,215313504
Brazil,2022-04-11,0,21256.86,30123963,215313504
Brazil,2022-04-12,0,21256.86,30123963,215313504
Brazil,2022-04-13,0,21256.86,30123963,215313504
Brazil,2022-04-14,0,21256.86,30123963,215313504
Brazil,2022-04-15,0,21256.86,30123963,215313504
Brazil,2022-04-16,0,21256.86,30123963,215313504
Brazil,2022-04-17,123339,17619.86,30247302,215313504
Brazil,2022-04-18,0,17619.86,30247302,215313504
Brazil,2022-04-19,0,17619.86,30247302,215313504
Brazil,2022-04-20,0,17619.86,30247302,215313504
Brazil,2022-04-21,0,17619.86,30247302,215313504
Brazil,2022-04-22,0,17619.86,30247302,215313504
Brazil,2022-04-23,0,17619.86,30247302,215313504
Brazil,2022-04-24,91395,13056.43,30338697,215313504
Brazil,2022-04-25,0,13056.43,30338697,215313504
Brazil,2022-04-26,0,13056.43,30338697,215313504
Brazil,2022-04-27,0,13056.43,30338697,215313504
Brazil,2022-04-28,0,13056.43,30338697,215313504
Brazil,2022-04-29,0,13056.43,30338697,215313504
Brazil,2022-04-30,0,13056.43,30338697,215313504
Brazil,2022-05-01,94345,13477.86,30433042,215313504
Brazil,2022-05-02,0,13477.86,30433042,215313504
Brazil,2022-05-03,0,13477.86,30433042,215313504
Brazil,2022-05-04,0,13477.86,30433042,215313504
Brazil,2022-05-05,0,13477.86,30433042,215313504
Brazil,2022-05-06,0,13477.86,30433042,215313504
Brazil,2022-05-07,0,13477.86,30433042,215313504
Brazil,2022-05-08,110866,15838.0,30543908,215313504
Brazil,2022-05-09,0,15838.0,30543908,215313504
Brazil,2022-05-10,0,15838.0,30543908,215313504
Brazil,2022-05-11,0,15838.0,30543908,215313504
Brazil,2022-05-12,0,15838.0,30543908,215313504
Brazil,2022-05-13,0,15838.0,30543908,215313504
Brazil,2022-05-14,0,15838.0,30543908,215313504
Brazil,2022-05-15,120831,17261.57,30664739,215313504
Brazil,2022-05-16,0,17261.57,30664739,215313504
Brazil,2022-05-17,0,17261.57,30664739,215313504
Brazil,2022-05-18,0,17261.57,30664739,215313504
Brazil,2022-05-19,0,17261.57,30664739,215313504
Brazil,2022-05-20,0,17261.57,30664739,215313504
Brazil,2022-05-21,0,17261.57,30664739,215313504
Brazil,2022-05-22,97674,13953.43,30762413,215313504
Brazil,2022-05-23,0,13953.43,30762413,215313504
Brazil,2022-05-24,0,13953.43,30762413,215313504
Brazil,2022-05-25,0,13953.43,30762413,215313504
Brazil,2022-05-26,0,13953.43,30762413,215313504
Brazil,2022-05-27,0,13953.43,30762413,215313504
Brazil,2022-05-28,0,13953.43,30762413,215313504
Brazil,2022-05-29,158732,22676.0,30921145,215313504
Brazil,2022-05-30,0,22676.0,30921145,215313504
Brazil,2022-05-31,0,22676.0,30921145,215313504
Brazil,2022-06-01,0,22676.0,30921145,215313504
Brazil,2022-06-02,0,22676.0,30921145,215313504
Brazil,2022-06-03,0,22676.0,30921145,215313504
Brazil,2022-06-04,0,22676.0,30921145,215313504
Brazil,2022-06-05,216334,30904.86,31137479,215313504
Brazil,2022-06-06,0,30904.86,31137479,215313504
Brazil,2022-06-07,0,30904.86,31137479,215313504
Brazil,2022-06-08,0,30904.86,31137479,215313504
Brazil,2022-06-09,0,30904.86,31137479,215313504
Brazil,2022-06-10,0,30904.86,31137479,215313504
Brazil,2022-06-11,0,30904.86,31137479,215313504
Brazil,2022-06-12,279862,39980.29,31417341,215313504
Brazil,2022-06-13,0,39980.29,31417341,215313504
Brazil,2022-06-14,0,39980.29,31417341,215313504
Brazil,2022-06-15,0,39980.29,31417341,215313504
Brazil,2022-06-16,0,39980.29,31417341,215313504
Brazil,2022-06-17,0,39980.29,31417341,215313504
Brazil,2022-06-18,0,39980.29,31417341,215313504
Brazil,2022-06-19,256034,36576.29,31673375,215313504
Brazil,2022-06-20,0,36576.29,31673375,215313504
Brazil,2022-06-21,0,36576.29,31673375,215313504
Brazil,2022-06-22,0,36576.29,31673375,215313504
Brazil,2022-06-23,0,36576.29,31673375,215313504
Brazil,2022-06-24,0,36576.29,31673375,215313504
Brazil,2022-06-25,0,36576.29,31673375,215313504
Brazil,2022-06-26,349791,49970.14,32023166,215313504
Brazil,2022-06-27,0,49970.14,32023166,215313504
Brazil,2022-06-28,0,49970.14,32023166,215313504
Brazil,2022-06-29,0,49970.14,32023166,215313504
Brazil,2022-06-30,0,49970.14,32023166,215313504
Brazil,2022-07-01,0,49970.14,32023166,215313504
Brazil,2022-07-02,0,49970.14,32023166,215313504
Brazil,2022-07-03,410897,58699.57,32434063,215313504
Brazil,2022-07-04,0,58699.57,32434063,215313504
Brazil,2022-07-05,0,58699.57,32434063,215313504
Brazil,2022-07-06,0,58699.57,32434063,215313504
Brazil,2022-07-07,0,58699.57,32434063,215313504
Brazil,2022-07-08,0,58699.57,32434063,215313504
Brazil,2022-07-09,0,58699.57,32434063,215313504
Brazil,2022-07-10,396781,56683.0,32830844,215313504
Brazil,2022-07-11,0,56683.0,32830844,215313504
Brazil,2022-07-12,0,56683.0,32830844,215313504
Brazil,2022-07-13,0,56683.0,32830844,215313504
Brazil,2022-07-14,0,56683.0,32830844,215313504
Brazil,2022-07-15,0,56683.0,32830844,215313504
Brazil,2022-07-16,0,56683.0,32830844,215313504
Brazil,2022-07-17,419273,59896.14,33250117,215313504
Brazil,2022-07-18,0,59896.14,33250117,215313504
Brazil,2022-07-19,0,59896.14,33250117,215313504
Brazil,2022-07-20,0,59896.14,33250117,215313504
Brazil,2022-07-21,0,59896.14,33250117,215313504
Brazil,2022-07-22,0,59896.14,33250117,215313504
Brazil,2022-07-23,0,59896.14,33250117,215313504
Brazil,2022-07-24,255610,36515.71,33505727,215313504
Brazil,2022-07-25,0,36515.71,33505727,215313504
Brazil,2022-07-26,0,36515.71,33505727,215313504
Brazil,2022-07-27,0,36515.71,33505727,215313504
Brazil,2022-07-28,0,36515.71,33505727,215313504
Brazil,2022-07-29,0,36515.71,33505727,215313504
Brazil,2022-07-30,0,36515.71,33505727,215313504
Brazil,2022-07-31,284971,40710.14,33790698,215313504
Brazil,2022-08-01,0,40710.14,33790698,215313504
Brazil,2022-08-02,0,40710.14,33790698,215313504
Brazil,2022-08-03,0,40710.14,33790698,215313504
Brazil,2022-08-04,0,40710.14,33790698,215313504
Brazil,2022-08-05,0,40710.14,33790698,215313504
Brazil,2022-08-06,0,40710.14,33790698,215313504
Brazil,2022-08-07,203772,29110.29,33994470,215313504
Brazil,2022-08-08,0,29110.29,33994470,215313504
Brazil,2022-08-09,0,29110.29,33994470,215313504
Brazil,2022-08-10,0,29110.29,33994470,215313504
Brazil,2022-08-11,0,29110.29,33994470,215313504
Brazil,2022-08-12,0,29110.29,33994470,215313504
Brazil,2022-08-13,0,29110.29,33994470,215313504
Brazil,2022-08-14,153661,21951.57,34148131,215313504
Brazil,2022-08-15,0,21951.57,34148131,215313504
Brazil,2022-08-16,0,21951.57,34148131,215313504
Brazil,2022-08-17,0,21951.57,34148131,215313504
Brazil,2022-08-18,0,21951.57,34148131,215313504
Brazil,2022-08-19,0,21951.57,34148131,215313504
Brazil,2022-08-20,0,21951.57,34148131,215313504
Brazil,2022-08-21,116106,16586.57,34264237,215313504
Brazil,2022-08-22,0,16586.57,34264237,215313504
Brazil,2022-08-23,0,16586.57,34264237,215313504
Brazil,2022-08-24,0,16586.57,34264237,215313504
Brazil,2022-08-25,0,16586.57,34264237,215313504
Brazil,2022-08-26,0,16586.57,34264237,215313504
Brazil,2022-08-27,0,16586.57,34264237,215313504
Brazil,2022-08-28,104672,14953.14,34368909,215313504
Brazil,2022-08-29,0,14953.14,34368909,215313504
Brazil,2022-08-30,0,14953.14,34368909,215313504
Brazil,2022-08-31,0,14953.14,34368909,215313504
Brazil,2022-09-01,0,14953.14,34368909,215313504
Brazil,2022-09-02,0,14953.14,34368909,215313504
Brazil,2022-09-03,0,14953.14,34368909,215313504
Brazil,2022-09-04,87236,12462.29,34456145,215313504
Brazil,2022-09-05,0,12462.29,34456145,215313504
Brazil,2022-09-06,0,12462.29,34456145,215313504
Brazil,2022-09-07,0,12462.29,34456145,215313504
Brazil,2022-09-08,0,12462.29,34456145,215313504
Brazil,2022-09-09,0,12462.29,34456145,215313504
Brazil,2022-09-10,0,12462.29,34456145,215313504
Brazil,2022-09-11,60594,8656.29,34516739,215313504
Brazil,2022-09-12,0,8656.29,34516739,215313504
Brazil,2022-09-13,0,8656.29,34516739,215313504
Brazil,2022-09-14,0,8656.29,34516739,215313504
Brazil,2022-09-15,0,8656.29,34516739,215313504
Brazil,2022-09-16,0,8656.29,34516739,215313504
Brazil,2022-09-17,0,8656.29,34516739,215313504
Brazil,2022-09-18,62346,8906.57,34579085,215313504
Brazil,2022-09-19,0,8906.57,34579085,215313504
Brazil,2022-09-20,0,8906.57,34579085,215313504
Brazil,2022-09-21,0,8906.57,34579085,215313504
Brazil,2022-09-22,0,8906.57,34579085,215313504
Brazil,2022-09-23,0,8906.57,34579085,215313504
Brazil,2022-09-24,0,8906.57,34579085,215313504
Brazil,2022-09-25,45342,6477.43,34624427,215313504
Brazil,2022-09-26,0,6477.43,34624427,215313504
Brazil,2022-09-27,0,6477.43,34624427,215313504
Brazil,2022-09-28,0,6477.43,34624427,215313504
Brazil,2022-09-29,0,6477.43,34624427,215313504
Brazil,2022-09-30,0,6477.43,34624427,215313504
Brazil,2022-10-01,0,6477.43,34624427,215313504
Brazil,2022-10-02,48097,6871.0,34672524,215313504
Brazil,2022-10-03,0,6871.0,34672524,215313504
Brazil,2022-10-04,0,6871.0,34672524,215313504
Brazil,2022-10-05,0,6871.0,34672524,215313504
Brazil,2022-10-06,0,6871.0,34672524,215313504
Brazil,2022-10-07,0,6871.0,34672524,215313504
Brazil,2022-10-08,0,6871.0,34672524,215313504
Brazil,2022-10-09,42613,6087.57,34715137,215313504
Brazil,2022-10-10,0,6087.57,34715137,215313504
Brazil,2022-10-11,0,6087.57,34715137,215313504
Brazil,2022-10-12,0,6087.57,34715137,215313504
Brazil,2022-10-13,0,6087.57,34715137,215313504
Brazil,2022-10-14,0,6087.57,34715137,215313504
Brazil,2022-10-15,0,6087.57,34715137,215313504
Brazil,2022-10-16,31325,4475.0,34746462,215313504
Brazil,2022-10-17,0,4475.0,34746462,215313504
Brazil,2022-10-18,0,4475.0,34746462,215313504
Brazil,2022-10-19,0,4475.0,34746462,215313504
Brazil,2022-10-20,0,4475.0,34746462,215313504
Brazil,2022-10-21,0,4475.0,34746462,215313504
Brazil,2022-10-22,0,4475.0,34746462,215313504
Brazil,2022-10-23,34180,4882.86,34780642,215313504
Brazil,2022-10-24,0,4882.86,34780642,215313504
Brazil,2022-10-25,0,4882.86,34780642,215313504
Brazil,2022-10-26,0,4882.86,34780642,215313504
Brazil,2022-10-27,0,4882.86,34780642,215313504
Brazil,2022-10-28,0,4882.86,34780642,215313504
Brazil,2022-10-29,0,4882.86,34780642,215313504
Brazil,2022-10-30,41585,5940.71,34822227,215313504
Brazil,2022-10-31,0,5940.71,34822227,215313504
Brazil,2022-11-01,0,5940.71,34822227,215313504
Brazil,2022-11-02,0,5940.71,34822227,215313504
Brazil,2022-11-03,0,5940.71,34822227,215313504
Brazil,2022-11-04,0,5940.71,34822227,215313504
Brazil,2022-11-05,0,5940.71,34822227,215313504
Brazil,2022-11-06,26836,3833.71,34849063,215313504
Brazil,2022-11-07,0,3833.71,34849063,215313504
Brazil,2022-11-08,0,3833.71,34849063,215313504
Brazil,2022-11-09,0,3833.71,34849063,215313504
Brazil,2022-11-10,0,3833.71,34849063,215313504
Brazil,2022-11-11,0,3833.71,34849063,215313504
Brazil,2022-11-12,0,3833.71,34849063,215313504
Brazil,2022-11-13,59135,8447.86,34908198,215313504
Brazil,2022-11-14,0,8447.86,34908198,215313504
Brazil,2022-11-15,0,8447.86,34908198,215313504
Brazil,2022-11-16,0,8447.86,34908198,215313504
Brazil,2022-11-17,0,8447.86,34908198,215313504
Brazil,2022-11-18,0,8447.86,34908198,215313504
Brazil,2022-11-19,0,8447.86,34908198,215313504
Brazil,2022-11-20,91297,13042.43,34999495,215313504
Brazil,2022-11-21,0,13042.43,34999495,215313504
Brazil,2022-11-22,0,13042.43,34999495,215313504
Brazil,2022-11-23,0,13042.43,34999495,215313504
Brazil,2022-11-24,0,13042.43,34999495,215313504
Brazil,2022-11-25,0,13042.43,34999495,215313504
Brazil,2022-11-26,0,13042.43,34999495,215313504
Brazil,2022-11-27,150008,21429.71,35149503,215313504
Brazil,2022-11-28,0,21429.71,35149503,215313504
Brazil,2022-11-29,0,21429.71,35149503,215313504
Brazil,2022-11-30,0,21429.71,35149503,215313504
Brazil,2022-12-01,0,21429.71,35149503,215313504
Brazil,2022-12-02,0,21429.71,35149503,215313504
Brazil,2022-12-03,0,21429.71,35149503,215313504
Brazil,2022-12-04,188043,26863.29,35337546,215313504
Brazil,2022-12-05,0,26863.29,35337546,215313504
Brazil,2022-12-06,0,26863.29,35337546,215313504
Brazil,2022-12-07,0,26863.29,35337546,215313504
Brazil,2022-12-08,0,26863.29,35337546,215313504
Brazil,2022-12-09,0,26863.29,35337546,215313504
Brazil,2022-12-10,0,26863.29,35337546,215313504
Brazil,2022-12-11,194170,27738.57,35531716,215313504
Brazil,2022-12-12,0,27738.57,35531716,215313504
Brazil,2022-12-13,0,27738.57,35531716,215313504
Brazil,2022-12-14,0,27738.57,35531716,215313504
Brazil,2022-12-15,0,27738.57,35531716,215313504
Brazil,2022-12-16,0,27738.57,35531716,215313504
Brazil,2022-12-17,0,27738.57,35531716,215313504
Brazil,2022-12-18,337810,48258.57,35869526,215313504
Brazil,2022-12-19,0,48258.57,35869526,215313504
Brazil,2022-12-20,0,48258.57,35869526,215313504
Brazil,2022-12-21,0,48258.57,35869526,215313504
Brazil,2022-12-22,0,48258.57,35869526,215313504
Brazil,2022-12-23,0,48258.57,35869526,215313504
Brazil,2022-12-24,0,48258.57,35869526,215313504
Brazil,2022-12-25,254811,36401.57,36124337,215313504
Brazil,2022-12-26,0,36401.57,36124337,215313504
Brazil,2022-12-27,0,36401.57,36124337,215313504
Brazil,2022-12-28,0,36401.57,36124337,215313504
Brazil,2022-12-29,0,36401.57,36124337,215313504
Brazil,2022-12-30,0,36401.57,36124337,215313504
Brazil,2022-12-31,0,36401.57,36124337,215313504
Brazil,2023-01-01,206944,29563.43,36331281,215313504
Brazil,2023-01-02,0,29563.43,36331281,215313504
Brazil,2023-01-03,0,29563.43,36331281,215313504
Brazil,2023-01-04,0,29563.43,36331281,215313504
Brazil,2023-01-05,0,29563.43,36331281,215313504
Brazil,2023-01-06,0,29563.43,36331281,215313504
Brazil,2023-01-07,0,29563.43,36331281,215313504
Brazil,2023-01-08,145933,20847.57,36477214,215313504
Brazil,2023-01-09,0,20847.57,36477214,215313504
Brazil,2023-01-10,0,20847.57,36477214,215313504
Brazil,2023-01-11,0,20847.57,36477214,215313504
Brazil,2023-01-12,0,20847.57,36477214,215313504
Brazil,2023-01-13,0,20847.57,36477214,215313504
Brazil,2023-01-14,0,20847.57,36477214,215313504
Brazil,2023-01-15,120721,17245.86,36597935,215313504
Brazil,2023-01-16,0,17245.86,36597935,215313504
Brazil,2023-01-17,0,17245.86,36597935,215313504
Brazil,2023-01-18,0,17245.86,36597935,215313504
Brazil,2023-01-19,0,17245.86,36597935,215313504
Brazil,2023-01-20,0,17245.86,36597935,215313504
Brazil,2023-01-21,0,17245.86,36597935,215313504
Brazil,2023-01-22,114916,16416.57,36712851,215313504
Brazil,2023-01-23,0,16416.57,36712851,215313504
Brazil,2023-01-24,0,16416.57,36712851,215313504
Brazil,2023-01-25,0,16416.57,36712851,215313504
Brazil,2023-01-26,0,16416.57,36712851,215313504
Brazil,2023-01-27,0,16416.57,36712851,215313504
Brazil,2023-01-28,0,16416.57,36712851,215313504
Brazil,2023-01-29,78416,11202.29,36791267,215313504
Brazil,2023-01-30,0,11202.29,36791267,215313504
Brazil,2023-01-31,0,11202.29,36791267,215313504
Brazil,2023-02-01,0,11202.29,36791267,215313504
Brazil,2023-02-02,0,11202.29,36791267,215313504
Brazil,2023-02-03,0,11202.29,36791267,215313504
Brazil,2023-02-04,0,11202.29,36791267,215313504
Brazil,2023-02-05,75391,10770.14,36866658,215313504
Brazil,2023-02-06,0,10770.14,36866658,215313504
Brazil,2023-02-07,0,10770.14,36866658,215313504
Brazil,2023-02-08,0,10770.14,36866658,215313504
Brazil,2023-02-09,0,10770.14,36866658,215313504
Brazil,2023-02-10,0,10770.14,36866658,215313504
Brazil,2023-02-11,0,10770.14,36866658,215313504
Brazil,2023-02-12,63681,9097.29,36930339,215313504
Brazil,2023-02-13,0,9097.29,36930339,215313504
Brazil,2023-02-14,0,9097.29,36930339,215313504
Brazil,2023-02-15,0,9097.29,36930339,215313504
Brazil,2023-02-16,0,9097.29,36930339,215313504
Brazil,2023-02-17,0,9097.29,36930339,215313504
Brazil,2023-02-18,0,9097.29,36930339,215313504
Brazil,2023-02-19,57343,8191.86,36987682,215313504
Brazil,2023-02-20,0,8191.86,36987682,215313504
Brazil,2023-02-21,0,8191.86,36987682,215313504
Brazil,2023-02-22,0,8191.86,36987682,215313504
Brazil,2023-02-23,0,8191.86,36987682,215313504
Brazil,2023-02-24,0,8191.86,36987682,215313504
Brazil,2023-02-25,0,8191.86,36987682,215313504
Brazil,2023-02-26,32849,4692.71,37020531,215313504
Brazil,2023-02-27,0,4692.71,37020531,215313504
Brazil,2023-02-28,0,4692.71,37020531,215313504
Brazil,2023-03-01,0,4692.71,37020531,215313504
Brazil,2023-03-02,0,4692.71,37020531,215313504
Brazil,2023-03-03,0,4692.71,37020531,215313504
Brazil,2023-03-04,0,4692.71,37020531,215313504
Brazil,2023-03-05,55522,7931.71,37076053,215313504
Brazil,2023-03-06,0,7931.71,37076053,215313504
Brazil,2023-03-07,0,7931.71,37076053,215313504
Brazil,2023-03-08,0,7931.71,37076053,215313504
Brazil,2023-03-09,0,7931.71,37076053,215313504
Brazil,2023-03-10,0,7931.71,37076053,215313504
Brazil,2023-03-11,0,7931.71,37076053,215313504
Brazil,2023-03-12,9467,1352.43,37085520,215313504
Brazil,2023-03-13,0,1352.43,37085520,215313504
Brazil,2023-03-14,0,1352.43,37085520,215313504
Brazil,2023-03-15,0,1352.43,37085520,215313504
Brazil,2023-03-16,0,1352.43,37085520,215313504
Brazil,2023-03-17,0,1352.43,37085520,215313504
Brazil,2023-03-18,0,1352.43,37085520,215313504
Brazil,2023-03-19,59994,8570.57,37145514,215313504
Brazil,2023-03-20,0,8570.57,37145514,215313504
Brazil,2023-03-21,0,8570.57,37145514,215313504
Brazil,2023-03-22,0,8570.57,37145514,215313504
Brazil,2023-03-23,0,8570.57,37145514,215313504
Brazil,2023-03-24,0,8570.57,37145514,215313504
Brazil,2023-03-25,0,8570.57,37145514,215313504
Brazil,2023-03-26,59163,8451.86,37204677,215313504
Brazil,2023-03-27,0,8451.86,37204677,215313504
Brazil,2023-03-28,0,8451.86,37204677,215313504
Brazil,2023-03-29,0,8451.86,37204677,215313504
Brazil,2023-03-30,0,8451.86,37204677,215313504
Brazil,2023-03-31,0,8451.86,37204677,215313504
Brazil,2023-04-01,0,8451.86,37204677,215313504
Brazil,2023-04-02,53986,7712.29,37258663,215313504
Brazil,2023-04-03,0,7712.29,37258663,215313504
Brazil,2023-04-04,0,7712.29,37258663,215313504
Brazil,2023-04-05,0,7712.29,37258663,215313504
Brazil,2023-04-06,0,7712.29,37258663,215313504
Brazil,2023-04-07,0,7712.29,37258663,215313504
Brazil,2023-04-08,0,7712.29,37258663,215313504
Brazil,2023-04-09,60591,8655.86,37319254,215313504
Brazil,2023-04-10,0,8655.86,37319254,215313504
Brazil,2023-04-11,0,8655.86,37319254,215313504
Brazil,2023-04-12,0,8655.86,37319254,215313504
Brazil,2023-04-13,0,8655.86,37319254,215313504
Brazil,2023-04-14,0,8655.86,37319254,215313504
Brazil,2023-04-15,0,8655.86,37319254,215313504
Brazil,2023-04-16,38838,5548.29,37358092,215313504
Brazil,2023-04-17,0,5548.29,37358092,215313504
Brazil,2023-04-18,0,5548.29,37358092,215313504
Brazil,2023-04-19,0,5548.29,37358092,215313504
Brazil,2023-04-20,0,5548.29,37358092,215313504
Brazil,2023-04-21,0,5548.29,37358092,215313504
Brazil,2023-04-22,0,5548.29,37358092,215313504
Brazil,2023-04-23,49140,7020.0,37407232,215313504
Brazil,2023-04-24,0,7020.0,37407232,215313504
Brazil,2023-04-25,0,7020.0,37407232,215313504
Brazil,2023-04-26,0,7020.0,37407232,215313504
Brazil,2023-04-27,0,7020.0,37407232,215313504
Brazil,2023-04-28,0,7020.0,37407232,215313504
Brazil,2023-04-29,0,7020.0,37407232,215313504
Brazil,2023-04-30,42186,6026.57,37449418,215313504
Brazil,2023-05-01,0,6026.57,37449418,215313504
Brazil,2023-05-02,0,6026.57,37449418,215313504
Brazil,2023-05-03,0,6026.57,37449418,215313504
Brazil,2023-05-04,0,6026.57,37449418,215313504
Brazil,2023-05-05,0,6026.57,37449418,215313504
Brazil,2023-05-06,0,6026.57,37449418,215313504
Brazil,2023-05-07,38553,5507.57,37487971,215313504
Brazil,2023-05-08,0,5507.57,37487971,215313504
Brazil,2023-05-09,0,5507.57,37487971,215313504
Brazil,2023-05-10,0,5507.57,37487971,215313504
Brazil,2023-05-11,0,5507.57,37487971,215313504
Brazil,2023-05-12,0,5507.57,37487971,215313504
Brazil,2023-05-13,0,5507.57,37487971,215313504
Brazil,2023-05-14,23950,3421.43,37511921,215313504
Brazil,2023-05-15,0,3421.43,37511921,215313504
Brazil,2023-05-16,0,3421.43,37511921,215313504
Brazil,2023-05-17,0,3421.43,37511921,215313504
Brazil,2023-05-18,0,3421.43,37511921,215313504
Brazil,2023-05-19,0,3421.43,37511921,215313504
Brazil,2023-05-20,0,3421.43,37511921,215313504
Brazil,2023-05-21,0,0.0,37511921,215313504
Brazil,2023-05-22,0,0.0,37511921,215313504
Brazil,2023-05-23,0,0.0,37511921,215313504
Brazil,2023-05-24,0,0.0,37511921,215313504
Brazil,2023-05-25,0,0.0,37511921,215313504
Brazil,2023-05-26,0,0.0,37511921,215313504
Brazil,2023-05-27,0,0.0,37511921,215313504
Brazil,2023-05-28,0,0.0,37511921,215313504
Brazil,2023-05-29,0,0.0,37511921,215313504
Brazil,2023-05-30,0,0.0,37511921,215313504
Brazil,2023-05-31,0,0.0,37511921,215313504
Brazil,2023-06-01,0,0.0,37511921,215313504
Brazil,2023-06-02,0,0.0,37511921,215313504
Brazil,2023-06-03,0,0.0,37511921,215313504
Brazil,2023-06-04,0,0.0,37511921,215313504
Brazil,2023-06-05,0,0.0,37511921,215313504
Brazil,2023-06-06,0,0.0,37511921,215313504
Brazil,2023-06-07,0,0.0,37511921,215313504
Brazil,2023-06-08,0,0.0,37511921,215313504
Brazil,2023-06-09,0,0.0,37511921,215313504
Brazil,2023-06-10,0,0.0,37511921,215313504
Brazil,2023-06-11,0,0.0,37511921,215313504
Brazil,2023-06-12,0,0.0,37511921,215313504
Brazil,2023-06-13,0,0.0,37511921,215313504
Brazil,2023-06-14,0,0.0,37511921,215313504
Brazil,2023-06-15,0,0.0,37511921,215313504
Brazil,2023-06-16,0,0.0,37511921,215313504
Brazil,2023-06-17,0,0.0,37511921,215313504
Brazil,2023-06-18,0,0.0,37511921,215313504
Brazil,2023-06-19,0,0.0,37511921,215313504
Brazil,2023-06-20,0,0.0,37511921,215313504
Brazil,2023-06-21,0,0.0,37511921,215313504
Brazil,2023-06-22,0,0.0,37511921,215313504
Brazil,2023-06-23,0,0.0,37511921,215313504
Brazil,2023-06-24,0,0.0,37511921,215313504
Brazil,2023-06-25,0,0.0,37511921,215313504
Brazil,2023-06-26,0,0.0,37511921,215313504
Brazil,2023-06-27,0,0.0,37511921,215313504
Brazil,2023-06-28,0,0.0,37511921,215313504
Brazil,2023-06-29,0,0.0,37511921,215313504
Brazil,2023-06-30,0,0.0,37511921,215313504
Brazil,2023-07-01,0,0.0,37511921,215313504
Brazil,2023-07-02,0,0.0,37511921,215313504
Brazil,2023-07-03,0,0.0,37511921,215313504
Brazil,2023-07-04,0,0.0,37511921,215313504
Brazil,2023-07-05,0,0.0,37511921,215313504
Brazil,2023-07-06,0,0.0,37511921,215313504
Brazil,2023-07-07,0,0.0,37511921,215313504
Brazil,2023-07-08,0,0.0,37511921,215313504
Brazil,2023-07-09,0,0.0,37511921,215313504
Brazil,2023-07-10,0,0.0,37511921,215313504
Brazil,2023-07-11,0,0.0,37511921,215313504
Brazil,2023-07-12,0,0.0,37511921,215313504
Brazil,2023-07-13,0,0.0,37511921,215313504
Brazil,2023-07-14,0,0.0,37511921,215313504
Brazil,2023-07-15,0,0.0,37511921,215313504
Brazil,2023-07-16,0,0.0,37511921,215313504
Brazil,2023-07-17,0,0.0,37511921,215313504
Brazil,2023-07-18,0,0.0,37511921,215313504
Brazil,2023-07-19,0,0.0,37511921,215313504
Brazil,2023-07-20,0,0.0,37511921,215313504
Brazil,2023-07-21,0,0.0,37511921,215313504
Brazil,2023-07-22,0,0.0,37511921,215313504
Brazil,2023-07-23,0,0.0,37511921,215313504
Brazil,2023-07-24,0,0.0,37511921,215313504
Brazil,2023-07-25,0,0.0,37511921,215313504
Brazil,2023-07-26,0,0.0,37511921,215313504
Brazil,2023-07-27,0,0.0,37511921,215313504
Brazil,2023-07-28,0,0.0,37511921,215313504
Brazil,2023-07-29,0,0.0,37511921,215313504
Brazil,2023-07-30,0,0.0,37511921,215313504
Brazil,2023-07-31,0,0.0,37511921,215313504
Brazil,2023-08-01,0,0.0,37511921,215313504
Brazil,2023-08-02,0,0.0,37511921,215313504
Brazil,2023-08-03,0,0.0,37511921,215313504
Brazil,2023-08-04,0,0.0,37511921,215313504
Brazil,2023-08-05,0,0.0,37511921,215313504
Brazil,2023-08-06,0,0.0,37511921,215313504
Brazil,2023-08-07,0,0.0,37511921,215313504
Brazil,2023-08-08,0,0.0,37511921,215313504
Brazil,2023-08-09,0,0.0,37511921,215313504
Brazil,2023-08-10,0,0.0,37511921,215313504
Brazil,2023-08-11,0,0.0,37511921,215313504
Brazil,2023-08-12,0,0.0,37511921,215313504
Brazil,2023-08-13,0,0.0,37511921,215313504
Brazil,2023-08-14,0,0.0,37511921,215313504
Brazil,2023-08-15,0,0.0,37511921,215313504
Brazil,2023-08-16,0,0.0,37511921,215313504
Brazil,2023-08-17,0,0.0,37511921,215313504
Brazil,2023-08-18,0,0.0,37511921,215313504
Brazil,2023-08-19,0,0.0,37511921,215313504
Brazil,2023-08-20,0,0.0,37511921,215313504
Brazil,2023-08-21,0,0.0,37511921,215313504
Brazil,2023-08-22,0,0.0,37511921,215313504
Brazil,2023-08-23,0,0.0,37511921,215313504
Brazil,2023-08-24,0,0.0,37511921,215313504
Brazil,2023-08-25,0,0.0,37511921,215313504
Brazil,2023-08-26,0,0.0,37511921,215313504
Brazil,2023-08-27,0,0.0,37511921,215313504
Brazil,2023-08-28,0,0.0,37511921,215313504
Brazil,2023-08-29,0,0.0,37511921,215313504
Brazil,2023-08-30,0,0.0,37511921,215313504
Brazil,2023-08-31,0,0.0,37511921,215313504
Brazil,2023-09-01,0,0.0,37511921,215313504
Brazil,2023-09-02,0,0.0,37511921,215313504
Brazil,2023-09-03,0,0.0,37511921,215313504
Brazil,2023-09-04,0,0.0,37511921,215313504
Brazil,2023-09-05,0,0.0,37511921,215313504
Brazil,2023-09-06,0,0.0,37511921,215313504
Brazil,2023-09-07,0,0.0,37511921,215313504
Brazil,2023-09-08,0,0.0,37511921,215313504
Brazil,2023-09-09,0,0.0,37511921,215313504
Brazil,2023-09-10,0,0.0,37511921,215313504
Brazil,2023-09-11,0,0.0,37511921,215313504
Brazil,2023-09-12,0,0.0,37511921,215313504
Brazil,2023-09-13,0,0.0,37511921,215313504
Brazil,2023-09-14,0,0.0,37511921,215313504
Brazil,2023-09-15,0,0.0,37511921,215313504
Brazil,2023-09-16,0,0.0,37511921,215313504
Brazil,2023-09-17,0,0.0,37511921,215313504
Brazil,2023-09-18,0,0.0,37511921,215313504
Brazil,2023-09-19,0,0.0,37511921,215313504
Brazil,2023-09-20,0,0.0,37511921,215313504
Brazil,2023-09-21,0,0.0,37511921,215313504
Brazil,2023-09-22,0,0.0,37511921,215313504
Brazil,2023-09-23,0,0.0,37511921,215313504
Brazil,2023-09-24,0,0.0,37511921,215313504
Brazil,2023-09-25,0,0.0,37511921,215313504
Brazil,2023-09-26,0,0.0,37511921,215313504
Brazil,2023-09-27,0,0.0,37511921,215313504
Brazil,2023-09-28,0,0.0,37511921,215313504
Brazil,2023-09-29,0,0.0,37511921,215313504
Brazil,2023-09-30,0,0.0,37511921,215313504
Brazil,2023-10-01,0,0.0,37511921,215313504
Brazil,2023-10-02,0,0.0,37511921,215313504
Brazil,2023-10-03,0,0.0,37511921,215313504
Brazil,2023-10-04,0,0.0,37511921,215313504
Brazil,2023-10-05,0,0.0,37511921,215313504
Brazil,2023-10-06,0,0.0,37511921,215313504
Brazil,2023-10-07,0,0.0,37511921,215313504
Brazil,2023-10-08,0,0.0,37511921,215313504
Brazil,2023-10-09,0,0.0,37511921,215313504
Brazil,2023-10-10,0,0.0,37511921,215313504
Brazil,2023-10-11,0,0.0,37511921,215313504
Brazil,2023-10-12,0,0.0,37511921,215313504
Brazil,2023-10-13,0,0.0,37511921,215313504
Brazil,2023-10-14,0,0.0,37511921,215313504
Brazil,2023-10-15,0,0.0,37511921,215313504
Brazil,2023-10-16,0,0.0,37511921,215313504
Brazil,2023-10-17,0,0.0,37511921,215313504
Brazil,2023-10-18,0,0.0,37511921,215313504
Brazil,2023-10-19,0,0.0,37511921,215313504
Brazil,2023-10-20,0,0.0,37511921,215313504
Brazil,2023-10-21,0,0.0,37511921,215313504
Brazil,2023-10-22,0,0.0,37511921,215313504
Brazil,2023-10-23,0,0.0,37511921,215313504
Brazil,2023-10-24,0,0.0,37511921,215313504
Brazil,2023-10-25,0,0.0,37511921,215313504
Brazil,2023-10-26,0,0.0,37511921,215313504
Brazil,2023-10-27,0,0.0,37511921,215313504
Brazil,2023-10-28,0,0.0,37511921,215313504
Brazil,2023-10-29,0,0.0,37511921,215313504
Brazil,2023-10-30,0,0.0,37511921,215313504
Brazil,2023-10-31,0,0.0,37511921,215313504
Brazil,2023-11-01,0,0.0,37511921,215313504
Brazil,2023-11-02,0,0.0,37511921,215313504
Brazil,2023-11-03,0,0.0,37511921,215313504
Brazil,2023-11-04,0,0.0,37511921,215313504
Brazil,2023-11-05,0,0.0,37511921,215313504
Brazil,2023-11-06,0,0.0,37511921,215313504
Brazil,2023-11-07,0,0.0,37511921,215313504
Brazil,2023-11-08,0,0.0,37511921,215313504
Brazil,2023-11-09,0,0.0,37511921,215313504
Brazil,2023-11-10,0,0.0,37511921,215313504
Brazil,2023-11-11,0,0.0,37511921,215313504
Brazil,2023-11-12,0,0.0,37511921,215313504
Brazil,2023-11-13,0,0.0,37511921,215313504
Brazil,2023-11-14,0,0.0,37511921,215313504
Brazil,2023-11-15,0,0.0,37511921,215313504
Brazil,2023-11-16,0,0.0,37511921,215313504
Brazil,2023-11-17,0,0.0,37511921,215313504
Brazil,2023-11-18,0,0.0,37511921,215313504
Brazil,2023-11-19,0,0.0,37511921,215313504
Brazil,2023-11-20,0,0.0,37511921,215313504
Brazil,2023-11-21,0,0.0,37511921,215313504
Brazil,2023-11-22,0,0.0,37511921,215313504
Brazil,2023-11-23,0,0.0,37511921,215313504
Brazil,2023-11-24,0,0.0,37511921,215313504
Brazil,2023-11-25,0,0.0,37511921,215313504
Brazil,2023-11-26,0,0.0,37511921,215313504
Brazil,2023-11-27,0,0.0,37511921,215313504
Brazil,2023-11-28,0,0.0,37511921,215313504
Brazil,2023-11-29,0,0.0,37511921,215313504
Brazil,2023-11-30,0,0.0,37511921,215313504
Brazil,2023-12-01,0,0.0,37511921,215313504
Brazil,2023-12-02,0,0.0,37511921,215313504
Brazil,2023-12-03,0,0.0,37511921,215313504
Brazil,2023-12-04,0,0.0,37511921,215313504
Brazil,2023-12-05,0,0.0,37511921,215313504
Brazil,2023-12-06,0,0.0,37511921,215313504
Brazil,2023-12-07,0,0.0,37511921,215313504
Brazil,2023-12-08,0,0.0,37511921,215313504
Brazil,2023-12-09,0,0.0,37511921,215313504
Brazil,2023-12-10,0,0.0,37511921,215313504
Brazil,2023-12-11,0,0.0,37511921,215313504
Brazil,2023-12-12,0,0.0,37511921,215313504
Brazil,2023-12-13,0,0.0,37511921,215313504
Brazil,2023-12-14,0,0.0,37511921,215313504
Brazil,2023-12-15,0,0.0,37511921,215313504
Brazil,2023-12-16,0,0.0,37511921,215313504
Brazil,2023-12-17,0,0.0,37511921,215313504
Brazil,2023-12-18,0,0.0,37511921,215313504
Brazil,2023-12-19,0,0.0,37511921,215313504
Brazil,2023-12-20,0,0.0,37511921,215313504
Brazil,2023-12-21,0,0.0,37511921,215313504
Brazil,2023-12-22,0,0.0,37511921,215313504
Brazil,2023-12-23,0,0.0,37511921,215313504
Brazil,2023-12-24,0,0.0,37511921,215313504
Brazil,2023-12-25,0,0.0,37511921,215313504
Brazil,2023-12-26,0,0.0,37511921,215313504
Brazil,2023-12-27,0,0.0,37511921,215313504
Brazil,2023-12-28,0,0.0,37511921,215313504
Brazil,2023-12-29,0,0.0,37511921,215313504
Brazil,2023-12-30,0,0.0,37511921,215313504
Brazil,2023-12-31,0,0.0,37511921,215313504
Brazil,2024-01-01,0,0.0,37511921,215313504
Brazil,2024-01-02,0,0.0,37511921,215313504
Brazil,2024-01-03,0,0.0,37511921,215313504
Brazil,2024-01-04,0,0.0,37511921,215313504
Brazil,2024-01-05,0,0.0,37511921,215313504
Brazil,2024-01-06,0,0.0,37511921,215313504
Brazil,2024-01-07,0,0.0,37511921,215313504
Brazil,2024-01-08,0,0.0,37511921,215313504
Brazil,2024-01-09,0,0.0,37511921,215313504
Brazil,2024-01-10,0,0.0,37511921,215313504
Brazil,2024-01-11,0,0.0,37511921,215313504
Brazil,2024-01-12,0,0.0,37511921,215313504
Brazil,2024-01-13,0,0.0,37511921,215313504
Brazil,2024-01-14,0,0.0,37511921,215313504
Brazil,2024-01-15,0,0.0,37511921,215313504
Brazil,2024-01-16,0,0.0,37511921,215313504
Brazil,2024-01-17,0,0.0,37511921,215313504
Brazil,2024-01-18,0,0.0,37511921,215313504
Brazil,2024-01-19,0,0.0,37511921,215313504
Brazil,2024-01-20,0,0.0,37511921,215313504
Brazil,2024-01-21,0,0.0,37511921,215313504
Brazil,2024-01-22,0,0.0,37511921,215313504
Brazil,2024-01-23,0,0.0,37511921,215313504
Brazil,2024-01-24,0,0.0,37511921,215313504
Brazil,2024-01-25,0,0.0,37511921,215313504
Brazil,2024-01-26,0,0.0,37511921,215313504
Brazil,2024-01-27,0,0.0,37511921,215313504
Brazil,2024-01-28,0,0.0,37511921,215313504
Brazil,2024-01-29,0,0.0,37511921,215313504
Brazil,2024-01-30,0,0.0,37511921,215313504
Brazil,2024-01-31,0,0.0,37511921,215313504
Brazil,2024-02-01,0,0.0,37511921,215313504
Brazil,2024-02-02,0,0.0,37511921,215313504
Brazil,2024-02-03,0,0.0,37511921,215313504
Brazil,2024-02-04,0,0.0,37511921,215313504
Brazil,2024-02-05,0,0.0,37511921,215313504
Brazil,2024-02-06,0,0.0,37511921,215313504
Brazil,2024-02-07,0,0.0,37511921,215313504
Brazil,2024-02-08,0,0.0,37511921,215313504
Brazil,2024-02-09,0,0.0,37511921,215313504
Brazil,2024-02-10,0,0.0,37511921,215313504
Brazil,2024-02-11,0,0.0,37511921,215313504
Brazil,2024-02-12,0,0.0,37511921,215313504
Brazil,2024-02-13,0,0.0,37511921,215313504
Brazil,2024-02-14,0,0.0,37511921,215313504
Brazil,2024-02-15,0,0.0,37511921,215313504
Brazil,2024-02-16,0,0.0,37511921,215313504
Brazil,2024-02-17,0,0.0,37511921,215313504
Brazil,2024-02-18,0,0.0,37511921,215313504
Brazil,2024-02-19,0,0.0,37511921,215313504
Brazil,2024-02-20,0,0.0,37511921,215313504
Brazil,2024-02-21,0,0.0,37511921,215313504
Brazil,2024-02-22,0,0.0,37511921,215313504
Brazil,2024-02-23,0,0.0,37511921,215313504
Brazil,2024-02-24,0,0.0,37511921,215313504
Brazil,2024-02-25,0,0.0,37511921,215313504
Brazil,2024-02-26,0,0.0,37511921,215313504
Brazil,2024-02-27,0,0.0,37511921,215313504
Brazil,2024-02-28,0,0.0,37511921,215313504
Brazil,2024-02-29,0,0.0,37511921,215313504
Brazil,2024-03-01,0,0.0,37511921,215313504
Brazil,2024-03-02,0,0.0,37511921,215313504
Brazil,2024-03-03,0,0.0,37511921,215313504
Brazil,2024-03-04,0,0.0,37511921,215313504
Brazil,2024-03-05,0,0.0,37511921,215313504
Brazil,2024-03-06,0,0.0,37511921,215313504
Brazil,2024-03-07,0,0.0,37511921,215313504
Brazil,2024-03-08,0,0.0,37511921,215313504
Brazil,2024-03-09,0,0.0,37511921,215313504
Brazil,2024-03-10,0,0.0,37511921,215313504
Brazil,2024-03-11,0,0.0,37511921,215313504
Brazil,2024-03-12,0,0.0,37511921,215313504
Brazil,2024-03-13,0,0.0,37511921,215313504
Brazil,2024-03-14,0,0.0,37511921,215313504
Brazil,2024-03-15,0,0.0,37511921,215313504
Brazil,2024-03-16,0,0.0,37511921,215313504
Brazil,2024-03-17,0,0.0,37511921,215313504
Brazil,2024-03-18,0,0.0,37511921,215313504
Brazil,2024-03-19,0,0.0,37511921,215313504
Brazil,2024-03-20,0,0.0,37511921,215313504
Brazil,2024-03-21,0,0.0,37511921,215313504
Brazil,2024-03-22,0,0.0,37511921,215313504
Brazil,2024-03-23,0,0.0,37511921,215313504
Brazil,2024-03-24,0,0.0,37511921,215313504
Brazil,2024-03-25,0,0.0,37511921,215313504
Brazil,2024-03-26,0,0.0,37511921,215313504
Brazil,2024-03-27,0,0.0,37511921,215313504
Brazil,2024-03-28,0,0.0,37511921,215313504
Brazil,2024-03-29,0,0.0,37511921,215313504
Brazil,2024-03-30,0,0.0,37511921,215313504
Brazil,2024-03-31,0,0.0,37511921,215313504
Brazil,2024-04-01,0,0.0,37511921,215313504
Brazil,2024-04-02,0,0.0,37511921,215313504
Brazil,2024-04-03,0,0.0,37511921,215313504
Brazil,2024-04-04,0,0.0,37511921,215313504
Brazil,2024-04-05,0,0.0,37511921,215313504
Brazil,2024-04-06,0,0.0,37511921,215313504
Brazil,2024-04-07,0,0.0,37511921,215313504
Brazil,2024-04-08,0,0.0,37511921,215313504
Brazil,2024-04-09,0,0.0,37511921,215313504
Brazil,2024-04-10,0,0.0,37511921,215313504
Brazil,2024-04-11,0,0.0,37511921,215313504
Brazil,2024-04-12,0,0.0,37511921,215313504
Brazil,2024-04-13,0,0.0,37511921,215313504
Brazil,2024-04-14,0,0.0,37511921,215313504
Brazil,2024-04-15,0,0.0,37511921,215313504
Brazil,2024-04-16,0,0.0,37511921,215313504
Brazil,2024-04-17,0,0.0,37511921,215313504
Brazil,2024-04-18,0,0.0,37511921,215313504
Brazil,2024-04-19,0,0.0,37511921,215313504
Brazil,2024-04-20,0,0.0,37511921,215313504
Brazil,2024-04-21,0,0.0,37511921,215313504
Brazil,2024-04-22,0,0.0,37511921,215313504
Brazil,2024-04-23,0,0.0,37511921,215313504
Brazil,2024-04-24,0,0.0,37511921,215313504
Brazil,2024-04-25,0,0.0,37511921,215313504
Brazil,2024-04-26,0,0.0,37511921,215313504
Brazil,2024-04-27,0,0.0,37511921,215313504
Brazil,2024-04-28,0,0.0,37511921,215313504
Brazil,2024-04-29,0,0.0,37511921,215313504
Brazil,2024-04-30,0,0.0,37511921,215313504
Brazil,2024-05-01,0,0.0,37511921,215313504
Brazil,2024-05-02,0,0.0,37511921,215313504
Brazil,2024-05-03,0,0.0,37511921,215313504
Brazil,2024-05-04,0,0.0,37511921,215313504
Brazil,2024-05-05,0,0.0,37511921,215313504
Brazil,2024-05-06,0,0.0,37511921,215313504
Brazil,2024-05-07,0,0.0,37511921,215313504
Brazil,2024-05-08,0,0.0,37511921,215313504
Brazil,2024-05-09,0,0.0,37511921,215313504
Brazil,2024-05-10,0,0.0,37511921,215313504
Brazil,2024-05-11,0,0.0,37511921,215313504
Brazil,2024-05-12,0,0.0,37511921,215313504
Brazil,2024-05-13,0,0.0,37511921,215313504
Brazil,2024-05-14,0,0.0,37511921,215313504
Brazil,2024-05-15,0,0.0,37511921,215313504
Brazil,2024-05-16,0,0.0,37511921,215313504
Brazil,2024-05-17,0,0.0,37511921,215313504
Brazil,2024-05-18,0,0.0,37511921,215313504
Brazil,2024-05-19,0,0.0,37511921,215313504
Brazil,2024-05-20,0,0.0,37511921,215313504
Brazil,2024-05-21,0,0.0,37511921,215313504
Brazil,2024-05-22,0,0.0,37511921,215313504
Brazil,2024-05-23,0,0.0,37511921,215313504
Brazil,2024-05-24,0,0.0,37511921,215313504
Brazil,2024-05-25,0,0.0,37511921,215313504
Brazil,2024-05-26,0,0.0,37511921,215313504
Brazil,2024-05-27,0,0.0,37511921,215313504
Brazil,2024-05-28,0,0.0,37511921,215313504
Brazil,2024-05-29,0,0.0,37511921,215313504
Brazil,2024-05-30,0,0.0,37511921,215313504
Brazil,2024-05-31,0,0.0,37511921,215313504
Brazil,2024-06-01,0,0.0,37511921,215313504
Brazil,2024-06-02,0,0.0,37511921,215313504
Brazil,2024-06-03,0,0.0,37511921,215313504
Brazil,2024-06-04,0,0.0,37511921,215313504
Brazil,2024-06-05,0,0.0,37511921,215313504
Brazil,2024-06-06,0,0.0,37511921,215313504
Brazil,2024-06-07,0,0.0,37511921,215313504
Brazil,2024-06-08,0,0.0,37511921,215313504
Brazil,2024-06-09,0,0.0,37511921,215313504
Brazil,2024-06-10,0,0.0,37511921,215313504
Brazil,2024-06-11,0,0.0,37511921,215313504
Brazil,2024-06-12,0,0.0,37511921,215313504
Brazil,2024-06-13,0,0.0,37511921,215313504
Brazil,2024-06-14,0,0.0,37511921,215313504
Brazil,2024-06-15,0,0.0,37511921,215313504
Brazil,2024-06-16,0,0.0,37511921,215313504
Brazil,2024-06-17,0,0.0,37511921,215313504
Brazil,2024-06-18,0,0.0,37511921,215313504
Brazil,2024-06-19,0,0.0,37511921,215313504
Brazil,2024-06-20,0,0.0,37511921,215313504
Brazil,2024-06-21,0,0.0,37511921,215313504
Brazil,2024-06-22,0,0.0,37511921,215313504
Brazil,2024-06-23,0,0.0,37511921,215313504
Brazil,2024-06-24,0,0.0,37511921,215313504
Brazil,2024-06-25,0,0.0,37511921,215313504
Brazil,2024-06-26,0,0.0,37511921,215313504
Brazil,2024-06-27,0,0.0,37511921,215313504
Brazil,2024-06-28,0,0.0,37511921,215313504
Brazil,2024-06-29,0,0.0,37511921,215313504
Brazil,2024-06-30,0,0.0,37511921,215313504
Brazil,2024-07-01,0,0.0,37511921,215313504
Brazil,2024-07-02,0,0.0,37511921,215313504
Brazil,2024-07-03,0,0.0,37511921,215313504
Brazil,2024-07-04,0,0.0,37511921,215313504
Brazil,2024-07-05,0,0.0,37511921,215313504
Brazil,2024-07-06,0,0.0,37511921,215313504
Brazil,2024-07-07,0,0.0,37511921,215313504
Brazil,2024-07-08,0,0.0,37511921,215313504
Brazil,2024-07-09,0,0.0,37511921,215313504
Brazil,2024-07-10,0,0.0,37511921,215313504
Brazil,2024-07-11,0,0.0,37511921,215313504
Brazil,2024-07-12,0,0.0,37511921,215313504
Brazil,2024-07-13,0,0.0,37511921,215313504
Brazil,2024-07-14,0,0.0,37511921,215313504
Brazil,2024-07-15,0,0.0,37511921,215313504
Brazil,2024-07-16,0,0.0,37511921,215313504
Brazil,2024-07-17,0,0.0,37511921,215313504
Brazil,2024-07-18,0,0.0,37511921,215313504
Brazil,2024-07-19,0,0.0,37511921,215313504
Brazil,2024-07-20,0,0.0,37511921,215313504
Brazil,2024-07-21,0,0.0,37511921,215313504
Brazil,2024-07-22,0,0.0,37511921,215313504
Brazil,2024-07-23,0,0.0,37511921,215313504
Brazil,2024-07-24,0,0.0,37511921,215313504
Brazil,2024-07-25,0,0.0,37511921,215313504
Brazil,2024-07-26,0,0.0,37511921,215313504
Brazil,2024-07-27,0,0.0,37511921,215313504
Brazil,2024-07-28,0,0.0,37511921,215313504
Brazil,2024-07-29,0,0.0,37511921,215313504
Brazil,2024-07-30,0,0.0,37511921,215313504
Brazil,2024-07-31,0,0.0,37511921,215313504
Brazil,2024-08-01,0,0.0,37511921,215313504
Brazil,2024-08-02,0,0.0,37511921,215313504
Brazil,2024-08-03,0,0.0,37511921,215313504
Brazil,2024-08-04,0,0.0,37511921,215313504
China,2020-01-05,1,,1,1425887360
China,2020-01-06,0,,1,1425887360
China,2020-01-07,0,,1,1425887360
China,2020-01-08,0,,1,1425887360
China,2020-01-09,0,,1,1425887360
China,2020-01-10,0,0.14,1,1425887360
China,2020-01-11,0,0.14,1,1425887360
China,2020-01-12,44,6.29,45,1425887360
China,2020-01-13,0,6.29,45,1425887360
China,2020-01-14,0,6.29,45,1425887360
China,2020-01-15,0,6.29,45,1425887360
China,2020-01-16,0,6.29,45,1425887360
China,2020-01-17,0,6.29,45,1425887360
China,2020-01-18,0,6.29,45,1425887360
China,2020-01-19,80,11.43,125,1425887360
China,2020-01-20,0,11.43,125,1425887360
China,2020-01-21,0,11.43,125,1425887360
China,2020-01-22,0,11.43,125,1425887360
China,2020-01-23,0,11.43,125,1425887360
China,2020-01-24,0,11.43,125,1425887360
China,2020-01-25,0,11.43,125,1425887360
China,2020-01-26,1860,265.71,1985,1425887360
China,2020-01-27,0,265.71,1985,1425887360
China,2020-01-28,0,265.71,1985,1425887360
China,2020-01-29,0,265.71,1985,1425887360
China,2020-01-30,0,265.71,1985,1425887360
China,2020-01-31,0,265.71,1985,1425887360
China,2020-02-01,0,265.71,1985,1425887360
China,2020-02-02,12426,1775.14,14411,1425887360
China,2020-02-03,0,1775.14,14411,1425887360
China,2020-02-04,0,1775.14,14411,1425887360
China,2020-02-05,0,1775.14,14411,1425887360
China,2020-02-06,0,1775.14,14411,1425887360
China,2020-02-07,0,1775.14,14411,1425887360
China,2020-02-08,0,1775.14,14411,1425887360
China,2020-02-09,22840,3262.86,37251,1425887360
China,2020-02-10,0,3262.86,37251,1425887360
China,2020-02-11,0,3262.86,37251,1425887360
China,2020-02-12,0,3262.86,37251,1425887360
China,2020-02-13,0,3262.86,37251,1425887360
China,2020-02-14,0,3262.86,37251,1425887360
China,2020-02-15,0,3262.86,37251,1425887360
China,2020-02-16,31333,4476.14,68584,1425887360
China,2020-02-17,0,4476.14,68584,1425887360
China,2020-02-18,0,4476.14,68584,1425887360
China,2020-02-19,0,4476.14,68584,1425887360
China,2020-02-20,0,4476.14,68584,1425887360
China,2020-02-21,0,4476.14,68584,1425887360
China,2020-02-22,0,4476.14,68584,1425887360
China,2020-02-23,8458,1208.29,77042,1425887360
China,2020-02-24,0,1208.29,77042,1425887360
China,2020-02-25,0,1208.29,77042,1425887360
China,2020-02-26,0,1208.29,77042,1425887360
China,2020-02-27,0,1208.29,77042,1425887360
China,2020-02-28,0,1208.29,77042,1425887360
China,2020-02-29,0,1208.29,77042,1425887360
China,2020-03-01,2926,418.0,79968,1425887360
China,2020-03-02,0,418.0,79968,1425887360
China,2020-03-03,0,418.0,79968,1425887360
China,2020-03-04,0,418.0,79968,1425887360
China,2020-03-05,0,418.0,79968,1425887360
China,2020-03-06,0,418.0,79968,1425887360
China,2020-03-07,0,418.0,79968,1425887360
China,2020-03-08,891,127.29,80859,1425887360
China,2020-03-09,0,127.29,80859,1425887360
China,2020-03-10,0,127.29,80859,1425887360
China,2020-03-11,0,127.29,80859,1425887360
China,2020-03-12,0,127.29,80859,1425887360
China,2020-03-13,0,127.29,80859,1425887360
China,2020-03-14,0,127.29,80859,1425887360
China,2020-03-15,189,27.0,81048,1425887360
China,2020-03-16,0,27.0,81048,1425887360
China,2020-03-17,0,27.0,81048,1425887360
China,2020-03-18,0,27.0,81048,1425887360
China,2020-03-19,0,27.0,81048,1425887360
China,2020-03-20,0,27.0,81048,1425887360
China,2020-03-21,0,27.0,81048,1425887360
China,2020-03-22,450,64.29,81498,1425887360
China,2020-03-23,0,64.29,81498,1425887360
China,2020-03-24,0,64.29,81498,1425887360
China,2020-03-25,0,64.29,81498,1425887360
China,2020-03-26,0,64.29,81498,1425887360
China,2020-03-27,0,64.29,81498,1425887360
China,2020-03-28,0,64.29,81498,1425887360
China,2020-03-29,843,120.43,82341,1425887360
China,2020-03-30,0,120.43,82341,1425887360
China,2020-03-31,0,120.43,82341,1425887360
China,2020-04-01,0,120.43,82341,1425887360
China,2020-04-02,0,120.43,82341,1425887360
China,2020-04-03,0,120.43,82341,1425887360
China,2020-04-04,0,120.43,82341,1425887360
China,2020-04-05,589,84.14,82930,1425887360
China,2020-04-06,0,84.14,82930,1425887360
China,2020-04-07,0,84.14,82930,1425887360
China,2020-04-08,0,84.14,82930,1425887360
China,2020-04-09,0,84.14,82930,1425887360
China,2020-04-10,0,84.14,82930,1425887360
China,2020-04-11,0,84.14,82930,1425887360
China,2020-04-12,552,78.86,83482,1425887360
China,2020-04-13,0,78.86,83482,1425887360
China,2020-04-14,0,78.86,83482,1425887360
China,2020-04-15,0,78.86,83482,1425887360
China,2020-04-16,0,78.86,83482,1425887360
China,2020-04-17,0,78.86,83482,1425887360
China,2020-04-18,0,78.86,83482,1425887360
China,2020-04-19,719,102.71,84201,1425887360
China,2020-04-20,0,102.71,84201,1425887360
China,2020-04-21,0,102.71,84201,1425887360
China,2020-04-22,0,102.71,84201,1425887360
China,2020-04-23,0,102.71,84201,1425887360
China,2020-04-24,0,102.71,84201,1425887360
China,2020-04-25,0,102.71,84201,1425887360
China,2020-04-26,137,19.57,84338,1425887360
China,2020-04-27,0,19.57,84338,1425887360
China,2020-04-28,0,19.57,84338,1425887360
China,2020-04-29,0,19.57,84338,1425887360
China,2020-04-30,0,19.57,84338,1425887360
China,2020-05-01,0,19.57,84338,1425887360
China,2020-05-02,0,19.57,84338,1425887360
China,2020-05-03,55,7.86,84393,1425887360
China,2020-05-04,0,7.86,84393,1425887360
China,2020-05-05,0,7.86,84393,1425887360
China,2020-05-06,0,7.86,84393,1425887360
China,2020-05-07,0,7.86,84393,1425887360
China,2020-05-08,0,7.86,84393,1425887360
China,2020-05-09,0,7.86,84393,1425887360
China,2020-05-10,37,5.29,84430,1425887360
China,2020-05-11,0,5.29,84430,1425887360
China,2020-05-12,0,5.29,84430,1425887360
China,2020-05-13,0,5.29,84430,1425887360
China,2020-05-14,0,5.29,84430,1425887360
China,2020-05-15,0,5.29,84430,1425887360
China,2020-05-16,0,5.29,84430,1425887360
China,2020-05-17,54,7.71,84484,1425887360
China,2020-05-18,0,7.71,84484,1425887360
China,2020-05-19,0,7.71,84484,1425887360
China,2020-05-20,0,7.71,84484,1425887360
China,2020-05-21,0,7.71,84484,1425887360
China,2020-05-22,0,7.71,84484,1425887360
China,2020-05-23,0,7.71,84484,1425887360
China,2020-05-24,41,5.86,84525,1425887360
China,2020-05-25,0,5.86,84525,1425887360
China,2020-05-26,0,5.86,84525,1425887360
China,2020-05-27,0,5.86,84525,1425887360
China,2020-05-28,0,5.86,84525,1425887360
China,2020-05-29,0,5.86,84525,1425887360
China,2020-05-30,0,5.86,84525,1425887360
China,2020-05-31,45,6.43,84570,1425887360
China,2020-06-01,0,6.43,84570,1425887360
China,2020-06-02,0,6.43,84570,1425887360
China,2020-06-03,0,6.43,84570,1425887360
China,2020-06-04,0,6.43,84570,1425887360
China,2020-06-05,0,6.43,84570,1425887360
China,2020-06-06,0,6.43,84570,1425887360
China,2020-06-07,59,8.43,84629,1425887360
China,2020-06-08,0,8.43,84629,1425887360
China,2020-06-09,0,8.43,84629,1425887360
China,2020-06-10,0,8.43,84629,1425887360
China,2020-06-11,0,8.43,84629,1425887360
China,2020-06-12,0,8.43,84629,1425887360
China,2020-06-13,0,8.43,84629,1425887360
China,2020-06-14,100,14.29,84729,1425887360
China,2020-06-15,0,14.29,84729,1425887360
China,2020-06-16,0,14.29,84729,1425887360
China,2020-06-17,0,14.29,84729,1425887360
China,2020-06-18,0,14.29,84729,1425887360
China,2020-06-19,0,14.29,84729,1425887360
China,2020-06-20,0,14.29,84729,1425887360
China,2020-06-21,268,38.29,84997,1425887360
China,2020-06-22,0,38.29,84997,1425887360
China,2020-06-23,0,38.29,84997,1425887360
China,2020-06-24,0,38.29,84997,1425887360
China,2020-06-25,0,38.29,84997,1425887360
China,2020-06-26,0,38.29,84997,1425887360
China,2020-06-27,0,38.29,84997,1425887360
China,2020-06-28,193,27.57,85190,1425887360
China,2020-06-29,0,27.57,85190,1425887360
China,2020-06-30,0,27.57,85190,1425887360
China,2020-07-01,0,27.57,85190,1425887360
China,2020-07-02,0,27.57,85190,1425887360
China,2020-07-03,0,27.57,85190,1425887360
China,2020-07-04,0,27.57,85190,1425887360
China,2020-07-05,116,16.57,85306,1425887360
China,2020-07-06,0,16.57,85306,1425887360
China,2020-07-07,0,16.57,85306,1425887360
China,2020-07-08,0,16.57,85306,1425887360
China,2020-07-09,0,16.57,85306,1425887360
China,2020-07-10,0,16.57,85306,1425887360
China,2020-07-11,0,16.57,85306,1425887360
China,2020-07-12,216,30.86,85522,1425887360
China,2020-07-13,0,30.86,85522,1425887360
China,2020-07-14,0,30.86,85522,1425887360
China,2020-07-15,0,30.86,85522,1425887360
China,2020-07-16,0,30.86,85522,1425887360
China,2020-07-17,0,30.86,85522,1425887360
China,2020-07-18,0,30.86,85522,1425887360
China,2020-07-19,415,59.29,85937,1425887360
China,2020-07-20,0,59.29,85937,1425887360
China,2020-07-21,0,59.29,85937,1425887360
China,2020-07-22,0,59.29,85937,1425887360
China,2020-07-23,0,59.29,85937,1425887360
China,2020-07-24,0,59.29,85937,1425887360
China,2020-07-25,0,59.29,85937,1425887360
China,2020-07-26,902,128.86,86839,1425887360
China,2020-07-27,0,128.86,86839,1425887360
China,2020-07-28,0,128.86,86839,1425887360
China,2020-07-29,0,128.86,86839,1425887360
China,2020-07-30,0,128.86,86839,1425887360
China,2020-07-31,0,128.86,86839,1425887360
China,2020-08-01,0,128.86,86839,1425887360
China,2020-08-02,1463,209.0,88302,1425887360
China,2020-08-03,0,209.0,88302,1425887360
China,2020-08-04,0,209.0,88302,1425887360
China,2020-08-05,0,209.0,88302,1425887360
China,2020-08-06,0,209.0,88302,1425887360
China,2020-08-07,0,209.0,88302,1425887360
China,2020-08-08,0,209.0,88302,1425887360
China,2020-08-09,847,121.0,89149,1425887360
China,2020-08-10,0,121.0,89149,1425887360
China,2020-08-11,0,121.0,89149,1425887360
China,2020-08-12,0,121.0,89149,1425887360
China,2020-08-13,0,121.0,89149,1425887360
China,2020-08-14,0,121.0,89149,1425887360
China,2020-08-15,0,121.0,89149,1425887360
China,2020-08-16,612,87.43,89761,1425887360
China,2020-08-17,0,87.43,89761,1425887360
China,2020-08-18,0,87.43,89761,1425887360
China,2020-08-19,0,87.43,89761,1425887360
China,2020-08-20,0,87.43,89761,1425887360
China,2020-08-21,0,87.43,89761,1425887360
China,2020-08-22,0,87.43,89761,1425887360
China,2020-08-23,380,54.29,90141,1425887360
China,2020-08-24,0,54.29,90141,1425887360
China,2020-08-25,0,54.29,90141,1425887360
China,2020-08-26,0,54.29,90141,1425887360
China,2020-08-27,0,54.29,90141,1425887360
China,2020-08-28,0,54.29,90141,1425887360
China,2020-08-29,0,54.29,90141,1425887360
China,2020-08-30,210,30.0,90351,1425887360
China,2020-08-31,0,30.0,90351,1425887360
China,2020-09-01,0,30.0,90351,1425887360
China,2020-09-02,0,30.0,90351,1425887360
China,2020-09-03,0,30.0,90351,1425887360
China,2020-09-04,0,30.0,90351,1425887360
China,2020-09-05,0,30.0,90351,1425887360
China,2020-09-06,166,23.71,90517,1425887360
China,2020-09-07,0,23.71,90517,1425887360
China,2020-09-08,0,23.71,90517,1425887360
China,2020-09-09,0,23.71,90517,1425887360
China,2020-09-10,0,23.71,90517,1425887360
China,2020-09-11,0,23.71,90517,1425887360
China,2020-09-12,0,23.71,90517,1425887360
China,2020-09-13,149,21.29,90666,1425887360
China,2020-09-14,0,21.29,90666,1425887360
China,2020-09-15,0,21.29,90666,1425887360
China,2020-09-16,0,21.29,90666,1425887360
China,2020-09-17,0,21.29,90666,1425887360
China,2020-09-18,0,21.29,90666,1425887360
China,2020-09-19,0,21.29,90666,1425887360
China,2020-09-20,174,24.86,90840,1425887360
China,2020-09-21,0,24.86,90840,1425887360
China,2020-09-22,0,24.86,90840,1425887360
China,2020-09-23,0,24.86,90840,1425887360
China,2020-09-24,0,24.86,90840,1425887360
China,2020-09-25,0,24.86,90840,1425887360
China,2020-09-26,0,24.86,90840,1425887360
China,2020-09-27,126,18.0,90966,1425887360
China,2020-09-28,0,18.0,90966,1425887360
China,2020-09-29,0,18.0,90966,1425887360
China,2020-09-30,0,18.0,90966,1425887360
China,2020-10-01,0,18.0,90966,1425887360
China,2020-10-02,0,18.0,90966,1425887360
China,2020-10-03,0,18.0,90966,1425887360
China,2020-10-04,155,22.14,91121,1425887360
China,2020-10-05,0,22.14,91121,1425887360
China,2020-10-06,0,22.14,91121,1425887360
China,2020-10-07,0,22.14,91121,1425887360
China,2020-10-08,0,22.14,91121,1425887360
China,2020-10-09,0,22.14,91121,1425887360
China,2020-10-10,0,22.14,91121,1425887360
China,2020-10-11,184,26.29,91305,1425887360
China,2020-10-12,0,26.29,91305,1425887360
China,2020-10-13,0,26.29,91305,1425887360
China,2020-10-14,0,26.29,91305,1425887360
China,2020-10-15,0,26.29,91305,1425887360
China,2020-10-16,0,26.29,91305,1425887360
China,2020-10-17,0,26.29,91305,1425887360
China,2020-10-18,184,26.29,91489,1425887360
China,2020-10-19,0,26.29,91489,1425887360
China,2020-10-20,0,26.29,91489,1425887360
China,2020-10-21,0,26.29,91489,1425887360
China,2020-10-22,0,26.29,91489,1425887360
China,2020-10-23,0,26.29,91489,1425887360
China,2020-10-24,0,26.29,91489,1425887360
China,2020-10-25,185,26.43,91674,1425887360
China,2020-10-26,0,26.43,91674,1425887360
China,2020-10-27,0,26.43,91674,1425887360
China,2020-10-28,0,26.43,91674,1425887360
China,2020-10-29,0,26.43,91674,1425887360
China,2020-10-30,0,26.43,91674,1425887360
China,2020-10-31,0,26.43,91674,1425887360
China,2020-11-01,247,35.29,91921,1425887360
China,2020-11-02,0,35.29,91921,1425887360
China,2020-11-03,0,35.29,91921,1425887360
China,2020-11-04,0,35.29,91921,1425887360
China,2020-11-05,0,35.29,91921,1425887360
China,2020-11-06,0,35.29,91921,1425887360
China,2020-11-07,0,35.29,91921,1425887360
China,2020-11-08,274,39.14,92195,1425887360
China,2020-11-09,0,39.14,92195,1425887360
China,2020-11-10,0,39.14,92195,1425887360
China,2020-11-11,0,39.14,92195,1425887360
China,2020-11-12,0,39.14,92195,1425887360
China,2020-11-13,0,39.14,92195,1425887360
China,2020-11-14,0,39.14,92195,1425887360
China,2020-11-15,233,33.29,92428,1425887360
China,2020-11-16,0,33.29,92428,1425887360
China,2020-11-17,0,33.29,92428,1425887360
China,2020-11-18,0,33.29,92428,1425887360
China,2020-11-19,0,33.29,92428,1425887360
China,2020-11-20,0,33.29,92428,1425887360
China,2020-11-21,0,33.29,92428,1425887360
China,2020-11-22,220,31.43,92648,1425887360
China,2020-11-23,0,31.43,92648,1425887360
China,2020-11-24,0,31.43,92648,1425887360
China,2020-11-25,0,31.43,92648,1425887360
China,2020-11-26,0,31.43,92648,1425887360
China,2020-11-27,0,31.43,92648,1425887360
China,2020-11-28,0,31.43,92648,1425887360
China,2020-11-29,681,97.29,93329,1425887360
China,2020-11-30,0,97.29,93329,1425887360
China,2020-12-01,0,97.29,93329,1425887360
China,2020-12-02,0,97.29,93329,1425887360
China,2020-12-03,0,97.29,93329,1425887360
China,2020-12-04,0,97.29,93329,1425887360
China,2020-12-05,0,97.29,93329,1425887360
China,2020-12-06,831,118.71,94160,1425887360
China,2020-12-07,0,118.71,94160,1425887360
China,2020-12-08,0,118.71,94160,1425887360
China,2020-12-09,0,118.71,94160,1425887360
China,2020-12-10,0,118.71,94160,1425887360
China,2020-12-11,0,118.71,94160,1425887360
China,2020-12-12,0,118.71,94160,1425887360
China,2020-12-13,790,112.86,94950,1425887360
China,2020-12-14,0,112.86,94950,1425887360
China,2020-12-15,0,112.86,94950,1425887360
China,2020-12-16,0,112.86,94950,1425887360
China,2020-12-17,0,112.86,94950,1425887360
China,2020-12-18,0,112.86,94950,1425887360
China,2020-12-19,0,112.86,94950,1425887360
China,2020-12-20,766,109.43,95716,1425887360
China,2020-12-21,0,109.43,95716,1425887360
China,2020-12-22,0,109.43,95716,1425887360
China,2020-12-23,0,109.43,95716,1425887360
China,2020-12-24,0,109.43,95716,1425887360
China,2020-12-25,0,109.43,95716,1425887360
China,2020-12-26,0,109.43,95716,1425887360
China,2020-12-27,608,86.86,96324,1425887360
China,2020-12-28,0,86.86,96324,1425887360
China,2020-12-29,0,86.86,96324,1425887360
China,2020-12-30,0,86.86,96324,1425887360
China,2020-12-31,0,86.86,96324,1425887360
China,2021-01-01,0,86.86,96324,1425887360
China,2021-01-02,0,86.86,96324,1425887360
China,2021-01-03,648,92.57,96972,1425887360
China,2021-01-04,0,92.57,96972,1425887360
China,2021-01-05,0,92.57,96972,1425887360
China,2021-01-06,0,92.57,96972,1425887360
China,2021-01-07,0,92.57,96972,1425887360
China,2021-01-08,0,92.57,96972,1425887360
China,2021-01-09,0,92.57,96972,1425887360
China,2021-01-10,680,97.14,97652,1425887360
China,2021-01-11,0,97.14,97652,1425887360
China,2021-01-12,0,97.14,97652,1425887360
China,2021-01-13,0,97.14,97652,1425887360
China,2021-01-14,0,97.14,97652,1425887360
China,2021-01-15,0,97.14,97652,1425887360
China,2021-01-16,0,97.14,97652,1425887360
China,2021-01-17,1142,163.14,98794,1425887360
China,2021-01-18,0,163.14,98794,1425887360
China,2021-01-19,0,163.14,98794,1425887360
China,2021-01-20,0,163.14,98794,1425887360
China,2021-01-21,0,163.14,98794,1425887360
China,2021-01-22,0,163.14,98794,1425887360
China,2021-01-23,0,163.14,98794,1425887360
China,2021-01-24,1342,191.71,100136,1425887360
China,2021-01-25,0,191.71,100136,1425887360
China,2021-01-26,0,191.71,100136,1425887360
China,2021-01-27,0,191.71,100136,1425887360
China,2021-01-28,0,191.71,100136,1425887360
China,2021-01-29,0,191.71,100136,1425887360
China,2021-01-30,0,191.71,100136,1425887360
China,2021-01-31,838,119.71,100974,1425887360
China,2021-02-01,0,119.71,100974,1425887360
China,2021-02-02,0,119.71,100974,1425887360
China,2021-02-03,0,119.71,100974,1425887360
China,2021-02-04,0,119.71,100974,1425887360
China,2021-02-05,0,119.71,100974,1425887360
China,2021-02-06,0,119.71,100974,1425887360
China,2021-02-07,342,48.86,101316,1425887360
China,2021-02-08,0,48.86,101316,1425887360
China,2021-02-09,0,48.86,101316,1425887360
China,2021-02-10,0,48.86,101316,1425887360
China,2021-02-11,0,48.86,101316,1425887360
China,2021-02-12,0,48.86,101316,1425887360
China,2021-02-13,0,48.86,101316,1425887360
China,2021-02-14,220,31.43,101536,1425887360
China,2021-02-15,0,31.43,101536,1425887360
China,2021-02-16,0,31.43,101536,1425887360
China,2021-02-17,0,31.43,101536,1425887360
China,2021-02-18,0,31.43,101536,1425887360
China,2021-02-19,0,31.43,101536,1425887360
China,2021-02-20,0,31.43,101536,1425887360
China,2021-02-21,164,23.43,101700,1425887360
China,2021-02-22,0,23.43,101700,1425887360
China,2021-02-23,0,23.43,101700,1425887360
China,2021-02-24,0,23.43,101700,1425887360
China,2021-02-25,0,23.43,101700,1425887360
China,2021-02-26,0,23.43,101700,1425887360
China,2021-02-27,0,23.43,101700,1425887360
China,2021-02-28,220,31.43,101920,1425887360
China,2021-03-01,0,31.43,101920,1425887360
China,2021-03-02,0,31.43,101920,1425887360
China,2021-03-03,0,31.43,101920,1425887360
China,2021-03-04,0,31.43,101920,1425887360
China,2021-03-05,0,31.43,101920,1425887360
China,2021-03-06,0,31.43,101920,1425887360
China,2021-03-07,181,25.86,102101,1425887360
China,2021-03-08,0,25.86,102101,1425887360
China,2021-03-09,0,25.86,102101,1425887360
China,2021-03-10,0,25.86,102101,1425887360
China,2021-03-11,0,25.86,102101,1425887360
China,2021-03-12,0,25.86,102101,1425887360
China,2021-03-13,0,25.86,102101,1425887360
China,2021-03-14,262,37.43,102363,1425887360
China,2021-03-15,0,37.43,102363,1425887360
China,2021-03-16,0,37.43,102363,1425887360
China,2021-03-17,0,37.43,102363,1425887360
China,2021-03-18,0,37.43,102363,1425887360
China,2021-03-19,0,37.43,102363,1425887360
China,2021-03-20,0,37.43,102363,1425887360
China,2021-03-21,176,25.14,102539,1425887360
China,2021-03-22,0,25.14,102539,1425887360
China,2021-03-23,0,25.14,102539,1425887360
China,2021-03-24,0,25.14,102539,1425887360
China,2021-03-25,0,25.14,102539,1425887360
China,2021-03-26,0,25.14,102539,1425887360
China,2021-03-27,0,25.14,102539,1425887360
China,2021-03-28,159,22.71,102698,1425887360
China,2021-03-29,0,22.71,102698,1425887360
China,2021-03-30,0,22.71,102698,1425887360
China,2021-03-31,0,22.71,102698,1425887360
China,2021-04-01,0,22.71,102698,1425887360
China,2021-04-02,0,22.71,102698,1425887360
China,2021-04-03,0,22.71,102698,1425887360
China,2021-04-04,210,30.0,102908,1425887360
China,2021-04-05,0,30.0,102908,1425887360
China,2021-04-06,0,30.0,102908,1425887360
China,2021-04-07,0,30.0,102908,1425887360
China,2021-04-08,0,30.0,102908,1425887360
China,2021-04-09,0,30.0,102908,1425887360
China,2021-04-10,0,30.0,102908,1425887360
China,2021-04-11,205,29.29,103113,1425887360
China,2021-04-12,0,29.29,103113,1425887360
China,2021-04-13,0,29.29,103113,1425887360
China,2021-04-14,0,29.29,103113,1425887360
China,2021-04-15,0,29.29,103113,1425887360
China,2021-04-16,0,29.29,103113,1425887360
China,2021-04-17,0,29.29,103113,1425887360
China,2021-04-18,202,28.86,103315,1425887360
China,2021-04-19,0,28.86,103315,1425887360
China,2021-04-20,0,28.86,103315,1425887360
China,2021-04-21,0,28.86,103315,1425887360
China,2021-04-22,0,28.86,103315,1425887360
China,2021-04-23,0,28.86,103315,1425887360
China,2021-04-24,0,28.86,103315,1425887360
China,2021-04-25,169,24.14,103484,1425887360
China,2021-04-26,0,24.14,103484,1425887360
China,2021-04-27,0,24.14,103484,1425887360
China,2021-04-28,0,24.14,103484,1425887360
China,2021-04-29,0,24.14,103484,1425887360
China,2021-04-30,0,24.14,103484,1425887360
China,2021-05-01,0,24.14,103484,1425887360
China,2021-05-02,183,26.14,103667,1425887360
China,2021-05-03,0,26.14,103667,1425887360
China,2021-05-04,0,26.14,103667,1425887360
China,2021-05-05,0,26.14,103667,1425887360
China,2021-05-06,0,26.14,103667,1425887360
China,2021-05-07,0,26.14,103667,1425887360
China,2021-05-08,0,26.14,103667,1425887360
China,2021-05-09,141,20.14,103808,1425887360
China,2021-05-10,0,20.14,103808,1425887360
China,2021-05-11,0,20.14,103808,1425887360
China,2021-05-12,0,20.14,103808,1425887360
China,2021-05-13,0,20.14,103808,1425887360
China,2021-05-14,0,20.14,103808,1425887360
China,2021-05-15,0,20.14,103808,1425887360
China,2021-05-16,617,88.14,104425,1425887360
China,2021-05-17,0,88.14,104425,1425887360
China,2021-05-18,0,88.14,104425,1425887360
China,2021-05-19,0,88.14,104425,1425887360
China,2021-05-20,0,88.14,104425,1425887360
China,2021-05-21,0,88.14,104425,1425887360
China,2021-05-22,0,88.14,104425,1425887360
China,2021-05-23,2762,394.57,107187,1425887360
China,2021-05-24,0,394.57,107187,1425887360
China,2021-05-25,0,394.57,107187,1425887360
China,2021-05-26,0,394.57,107187,1425887360
China,2021-05-27,0,394.57,107187,1425887360
China,2021-05-28,0,394.57,107187,1425887360
China,2021-05-29,0,394.57,107187,1425887360
China,2021-05-30,3959,565.57,111146,1425887360
China,2021-05-31,0,565.57,111146,1425887360
China,2021-06-01,0,565.57,111146,1425887360
China,2021-06-02,0,565.57,111146,1425887360
China,2021-06-03,0,565.57,111146,1425887360
China,2021-06-04,0,565.57,111146,1425887360
China,2021-06-05,0,565.57,111146,1425887360
China,2021-06-06,3521,503.0,114667,1425887360
China,2021-06-07,0,503.0,114667,1425887360
China,2021-06-08,0,503.0,114667,1425887360
China,2021-06-09,0,503.0,114667,1425887360
China,2021-06-10,0,503.0,114667,1425887360
China,2021-06-11,0,503.0,114667,1425887360
China,2021-06-12,0,503.0,114667,1425887360
China,2021-06-13,1634,233.43,116301,1425887360
China,2021-06-14,0,233.43,116301,1425887360
China,2021-06-15,0,233.43,116301,1425887360
China,2021-06-16,0,233.43,116301,1425887360
China,2021-06-17,0,233.43,116301,1425887360
China,2021-06-18,0,233.43,116301,1425887360
China,2021-06-19,0,233.43,116301,1425887360
China,2021-06-20,1247,178.14,117548,1425887360
China,2021-06-21,0,178.14,117548,1425887360
China,2021-06-22,0,178.14,117548,1425887360
China,2021-06-23,0,178.14,117548,1425887360
China,2021-06-24,0,178.14,117548,1425887360
China,2021-06-25,0,178.14,117548,1425887360
China,2021-06-26,0,178.14,117548,1425887360
China,2021-06-27,810,115.71,118358,1425887360
China,2021-06-28,0,115.71,118358,1425887360
China,2021-06-29,0,115.71,118358,1425887360
China,2021-06-30,0,115.71,118358,1425887360
China,2021-07-01,0,115.71,118358,1425887360
China,2021-07-02,0,115.71,118358,1425887360
China,2021-07-03,0,115.71,118358,1425887360
China,2021-07-04,538,76.86,118896,1425887360
China,2021-07-05,0,76.86,118896,1425887360
China,2021-07-06,0,76.86,118896,1425887360
China,2021-07-07,0,76.86,118896,1425887360
China,2021-07-08,0,76.86,118896,1425887360
China,2021-07-09,0,76.86,118896,1425887360
China,2021-07-10,0,76.86,118896,1425887360
China,2021-07-11,425,60.71,119321,1425887360
China,2021-07-12,0,60.71,119321,1425887360
China,2021-07-13,0,60.71,119321,1425887360
China,2021-07-14,0,60.71,119321,1425887360
China,2021-07-15,0,60.71,119321,1425887360
China,2021-07-16,0,60.71,119321,1425887360
China,2021-07-17,0,60.71,119321,1425887360
China,2021-07-18,377,53.86,119698,1425887360
China,2021-07-19,0,53.86,119698,1425887360
China,2021-07-20,0,53.86,119698,1425887360
China,2021-07-21,0,53.86,119698,1425887360
China,2021-07-22,0,53.86,119698,1425887360
China,2021-07-23,0,53.86,119698,1425887360
China,2021-07-24,0,53.86,119698,1425887360
China,2021-07-25,515,73.57,120213,1425887360
China,2021-07-26,0,73.57,120213,1425887360
China,2021-07-27,0,73.57,120213,1425887360
China,2021-07-28,0,73.57,120213,1425887360
China,2021-07-29,0,73.57,120213,1425887360
China,2021-07-30,0,73.57,120213,1425887360
China,2021-07-31,0,73.57,120213,1425887360
China,2021-08-01,624,89.14,120837,1425887360
China,2021-08-02,0,89.14,120837,1425887360
China,2021-08-03,0,89.14,120837,1425887360
China,2021-08-04,0,89.14,120837,1425887360
China,2021-08-05,0,89.14,120837,1425887360
China,2021-08-06,0,89.14,120837,1425887360
China,2021-08-07,0,89.14,120837,1425887360
China,2021-08-08,847,121.0,121684,1425887360
China,2021-08-09,0,121.0,121684,1425887360
China,2021-08-10,0,121.0,121684,1425887360
China,2021-08-11,0,121.0,121684,1425887360
China,2021-08-12,0,121.0,121684,1425887360
China,2021-08-13,0,121.0,121684,1425887360
China,2021-08-14,0,121.0,121684,1425887360
China,2021-08-15,694,99.14,122378,1425887360
China,2021-08-16,0,99.14,122378,1425887360
China,2021-08-17,0,99.14,122378,1425887360
China,2021-08-18,0,99.14,122378,1425887360
China,2021-08-19,0,99.14,122378,1425887360
China,2021-08-20,0,99.14,122378,1425887360
China,2021-08-21,0,99.14,122378,1425887360
China,2021-08-22,320,45.71,122698,1425887360
China,2021-08-23,0,45.71,122698,1425887360
China,2021-08-24,0,45.71,122698,1425887360
China,2021-08-25,0,45.71,122698,1425887360
China,2021-08-26,0,45.71,122698,1425887360
China,2021-08-27,0,45.71,122698,1425887360
China,2021-08-28,0,45.71,122698,1425887360
China,2021-08-29,297,42.43,122995,1425887360
China,2021-08-30,0,42.43,122995,1425887360
China,2021-08-31,0,42.43,122995,1425887360
China,2021-09-01,0,42.43,122995,1425887360
China,2021-09-02,0,42.43,122995,1425887360
China,2021-09-03,0,42.43,122995,1425887360
China,2021-09-04,0,42.43,122995,1425887360
China,2021-09-05,236,33.71,123231,1425887360
China,2021-09-06,0,33.71,123231,1425887360
China,2021-09-07,0,33.71,123231,1425887360
China,2021-09-08,0,33.71,123231,1425887360
China,2021-09-09,0,33.71,123231,1425887360
China,2021-09-10,0,33.71,123231,1425887360
China,2021-09-11,0,33.71,123231,1425887360
China,2021-09-12,313,44.71,123544,1425887360
China,2021-09-13,0,44.71,123544,1425887360
China,2021-09-14,0,44.71,123544,1425887360
China,2021-09-15,0,44.71,123544,1425887360
China,2021-09-16,0,44.71,123544,1425887360
China,2021-09-17,0,44.71,123544,1425887360
China,2021-09-18,0,44.71,123544,1425887360
China,2021-09-19,558,79.71,124102,1425887360
China,2021-09-20,0,79.71,124102,1425887360
China,2021-09-21,0,79.71,124102,1425887360
China,2021-09-22,0,79.71,124102,1425887360
China,2021-09-23,0,79.71,124102,1425887360
China,2021-09-24,0,79.71,124102,1425887360
China,2021-09-25,0,79.71,124102,1425887360
China,2021-09-26,393,56.14,124495,1425887360
China,2021-09-27,0,56.14,124495,1425887360
China,2021-09-28,0,56.14,124495,1425887360
China,2021-09-29,0,56.14,124495,1425887360
China,2021-09-30,0,56.14,124495,1425887360
China,2021-10-01,0,56.14,124495,1425887360
China,2021-10-02,0,56.14,124495,1425887360
China,2021-10-03,310,44.29,124805,1425887360
China,2021-10-04,0,44.29,124805,1425887360
China,2021-10-05,0,44.29,124805,1425887360
China,2021-10-06,0,44.29,124805,1425887360
China,2021-10-07,0,44.29,124805,1425887360
China,2021-10-08,0,44.29,124805,1425887360
China,2021-10-09,0,44.29,124805,1425887360
China,2021-10-10,250,35.71,125055,1425887360
China,2021-10-11,0,35.71,125055,1425887360
China,2021-10-12,0,35.71,125055,1425887360
China,2021-10-13,0,35.71,125055,1425887360
China,2021-10-14,0,35.71,125055,1425887360
China,2021-10-15,0,35.71,125055,1425887360
China,2021-10-16,0,35.71,125055,1425887360
China,2021-10-17,199,28.43,125254,1425887360
China,2021-10-18,0,28.43,125254,1425887360
China,2021-10-19,0,28.43,125254,1425887360
China,2021-10-20,0,28.43,125254,1425887360
China,2021-10-21,0,28.43,125254,1425887360
China,2021-10-22,0,28.43,125254,1425887360
China,2021-10-23,0,28.43,125254,1425887360
China,2021-10-24,311,44.43,125565,1425887360
China,2021-10-25,0,44.43,125565,1425887360
China,2021-10-26,0,44.43,125565,1425887360
China,2021-10-27,0,44.43,125565,1425887360
China,2021-10-28,0,44.43,125565,1425887360
China,2021-10-29,0,44.43,125565,1425887360
China,2021-10-30,0,44.43,125565,1425887360
China,2021-10-31,513,73.29,126078,1425887360
China,2021-11-01,0,73.29,126078,1425887360
China,2021-11-02,0,73.29,126078,1425887360
China,2021-11-03,0,73.29,126078,1425887360
China,2021-11-04,0,73.29,126078,1425887360
China,2021-11-05,0,73.29,126078,1425887360
China,2021-11-06,0,73.29,126078,1425887360
China,2021-11-07,632,90.29,126710,1425887360
China,2021-11-08,0,90.29,126710,1425887360
China,2021-11-09,0,90.29,126710,1425887360
China,2021-11-10,0,90.29,126710,1425887360
China,2021-11-11,0,90.29,126710,1425887360
China,2021-11-12,0,90.29,126710,1425887360
China,2021-11-13,0,90.29,126710,1425887360
China,2021-11-14,550,78.57,127260,1425887360
China,2021-11-15,0,78.57,127260,1425887360
China,2021-11-16,0,78.57,127260,1425887360
China,2021-11-17,0,78.57,127260,1425887360
China,2021-11-18,0,78.57,127260,1425887360
China,2021-11-19,0,78.57,127260,1425887360
China,2021-11-20,0,78.57,127260,1425887360
China,2021-11-21,252,36.0,127512,1425887360
China,2021-11-22,0,36.0,127512,1425887360
China,2021-11-23,0,36.0,127512,1425887360
China,2021-11-24,0,36.0,127512,1425887360
China,2021-11-25,0,36.0,127512,1425887360
China,2021-11-26,0,36.0,127512,1425887360
China,2021-11-27,0,36.0,127512,1425887360
China,2021-11-28,252,36.0,127764,1425887360
China,2021-11-29,0,36.0,127764,1425887360
China,2021-11-30,0,36.0,127764,1425887360
China,2021-12-01,0,36.0,127764,1425887360
China,2021-12-02,0,36.0,127764,1425887360
China,2021-12-03,0,36.0,127764,1425887360
China,2021-12-04,0,36.0,127764,1425887360
China,2021-12-05,629,89.86,128393,1425887360
China,2021-12-06,0,89.86,128393,1425887360
China,2021-12-07,0,89.86,128393,1425887360
China,2021-12-08,0,89.86,128393,1425887360
China,2021-12-09,0,89.86,128393,1425887360
China,2021-12-10,0,89.86,128393,1425887360
China,2021-12-11,0,89.86,128393,1425887360
China,2021-12-12,689,98.43,129082,1425887360
China,2021-12-13,0,98.43,129082,1425887360
China,2021-12-14,0,98.43,129082,1425887360
China,2021-12-15,0,98.43,129082,1425887360
China,2021-12-16,0,98.43,129082,1425887360
China,2021-12-17,0,98.43,129082,1425887360
China,2021-12-18,0,98.43,129082,1425887360
China,2021-12-19,712,101.71,129794,1425887360
China,2021-12-20,0,101.71,129794,1425887360
China,2021-12-21,0,101.71,129794,1425887360
China,2021-12-22,0,101.71,129794,1425887360
China,2021-12-23,0,101.71,129794,1425887360
China,2021-12-24,0,101.71,129794,1425887360
China,2021-12-25,0,101.71,129794,1425887360
China,2021-12-26,1064,152.0,130858,1425887360
China,2021-12-27,0,152.0,130858,1425887360
China,2021-12-28,0,152.0,130858,1425887360
China,2021-12-29,0,152.0,130858,1425887360
China,2021-12-30,0,152.0,130858,1425887360
China,2021-12-31,0,152.0,130858,1425887360
China,2022-01-01,0,152.0,130858,1425887360
China,2022-01-02,1650,235.71,132508,1425887360
China,2022-01-03,0,235.71,132508,1425887360
China,2022-01-04,0,235.71,132508,1425887360
China,2022-01-05,0,235.71,132508,1425887360
China,2022-01-06,0,235.71,132508,1425887360
China,2022-01-07,0,235.71,132508,1425887360
China,2022-01-08,0,235.71,132508,1425887360
China,2022-01-09,1643,234.71,134151,1425887360
China,2022-01-10,0,234.71,134151,1425887360
China,2022-01-11,0,234.71,134151,1425887360
China,2022-01-12,0,234.71,134151,1425887360
China,2022-01-13,0,234.71,134151,1425887360
China,2022-01-14,0,234.71,134151,1425887360
China,2022-01-15,0,234.71,134151,1425887360
China,2022-01-16,1876,268.0,136027,1425887360
China,2022-01-17,0,268.0,136027,1425887360
China,2022-01-18,0,268.0,136027,1425887360
China,2022-01-19,0,268.0,136027,1425887360
China,2022-01-20,0,268.0,136027,1425887360
China,2022-01-21,0,268.0,136027,1425887360
China,2022-01-22,0,268.0,136027,1425887360
China,2022-01-23,1323,189.0,137350,1425887360
China,2022-01-24,0,189.0,137350,1425887360
China,2022-01-25,0,189.0,137350,1425887360
China,2022-01-26,0,189.0,137350,1425887360
China,2022-01-27,0,189.0,137350,1425887360
China,2022-01-28,0,189.0,137350,1425887360
China,2022-01-29,0,189.0,137350,1425887360
China,2022-01-30,1642,234.57,138992,1425887360
China,2022-01-31,0,234.57,138992,1425887360
China,2022-02-01,0,234.57,138992,1425887360
China,2022-02-02,0,234.57,138992,1425887360
China,2022-02-03,0,234.57,138992,1425887360
China,2022-02-04,0,234.57,138992,1425887360
China,2022-02-05,0,234.57,138992,1425887360
China,2022-02-06,2057,293.86,141049,1425887360
China,2022-02-07,0,293.86,141049,1425887360
China,2022-02-08,0,293.86,141049,1425887360
China,2022-02-09,0,293.86,141049,1425887360
China,2022-02-10,0,293.86,141049,1425887360
China,2022-02-11,0,293.86,141049,1425887360
China,2022-02-12,0,293.86,141049,1425887360
China,2022-02-13,8591,1227.29,149640,1425887360
China,2022-02-14,0,1227.29,149640,1425887360
China,2022-02-15,0,1227.29,149640,1425887360
China,2022-02-16,0,1227.29,149640,1425887360
China,2022-02-17,0,1227.29,149640,1425887360
China,2022-02-18,0,1227.29,149640,1425887360
China,2022-02-19,0,1227.29,149640,1425887360
China,2022-02-20,31127,4446.71,180767,1425887360
China,2022-02-21,0,4446.71,180767,1425887360
China,2022-02-22,0,4446.71,180767,1425887360
China,2022-02-23,0,4446.71,180767,1425887360
China,2022-02-24,0,4446.71,180767,1425887360
China,2022-02-25,0,4446.71,180767,1425887360
China,2022-02-26,0,4446.71,180767,1425887360
China,2022-02-27,120387,17198.14,301154,1425887360
China,2022-02-28,0,17198.14,301154,1425887360
China,2022-03-01,0,17198.14,301154,1425887360
China,2022-03-02,0,17198.14,301154,1425887360
China,2022-03-03,0,17198.14,301154,1425887360
China,2022-03-04,0,17198.14,301154,1425887360
China,2022-03-05,0,17198.14,301154,1425887360
China,2022-03-06,302580,43225.71,603734,1425887360
China,2022-03-07,0,43225.71,603734,1425887360
China,2022-03-08,0,43225.71,603734,1425887360
China,2022-03-09,0,43225.71,603734,1425887360
China,2022-03-10,0,43225.71,603734,1425887360
China,2022-03-11,0,43225.71,603734,1425887360
China,2022-03-12,0,43225.71,603734,1425887360
China,2022-03-13,158173,22596.14,761907,1425887360
China,2022-03-14,0,22596.14,761907,1425887360
China,2022-03-15,0,22596.14,761907,1425887360
China,2022-03-16,0,22596.14,761907,1425887360
China,2022-03-17,0,22596.14,761907,1425887360
China,2022-03-18,0,22596.14,761907,1425887360
China,2022-03-19,0,22596.14,761907,1425887360
China,2022-03-20,84389,12055.57,846296,1425887360
China,2022-03-21,0,12055.57,846296,1425887360
China,2022-03-22,0,12055.57,846296,1425887360
China,2022-03-23,0,12055.57,846296,1425887360
China,2022-03-24,0,12055.57,846296,1425887360
China,2022-03-25,0,12055.57,846296,1425887360
China,2022-03-26,0,12055.57,846296,1425887360
China,2022-03-27,43971,6281.57,890267,1425887360
China,2022-03-28,0,6281.57,890267,1425887360
China,2022-03-29,0,6281.57,890267,1425887360
China,2022-03-30,0,6281.57,890267,1425887360
China,2022-03-31,0,6281.57,890267,1425887360
China,2022-04-01,0,6281.57,890267,1425887360
China,2022-04-02,0,6281.57,890267,1425887360
China,2022-04-03,32276,4610.86,922543,1425887360
China,2022-04-04,0,4610.86,922543,1425887360
China,2022-04-05,0,4610.86,922543,1425887360
China,2022-04-06,0,4610.86,922543,1425887360
China,2022-04-07,0,4610.86,922543,1425887360
China,2022-04-08,0,4610.86,922543,1425887360
China,2022-04-09,0,4610.86,922543,1425887360
China,2022-04-10,21648,3092.57,944191,1425887360
China,2022-04-11,0,3092.57,944191,1425887360
China,2022-04-12,0,3092.57,944191,1425887360
China,2022-04-13,0,3092.57,944191,1425887360
China,2022-04-14,0,3092.57,944191,1425887360
China,2022-04-15,0,3092.57,944191,1425887360
China,2022-04-16,0,3092.57,944191,1425887360
China,2022-04-17,30667,4381.0,974858,1425887360
China,2022-04-18,0,4381.0,974858,1425887360
China,2022-04-19,0,4381.0,974858,1425887360
China,2022-04-20,0,4381.0,974858,1425887360
China,2022-04-21,0,4381.0,974858,1425887360
China,2022-04-22,0,4381.0,974858,1425887360
China,2022-04-23,0,4381.0,974858,1425887360
China,2022-04-24,42303,6043.29,1017161,1425887360
China,2022-04-25,0,6043.29,1017161,1425887360
China,2022-04-26,0,6043.29,1017161,1425887360
China,2022-04-27,0,6043.29,1017161,1425887360
China,2022-04-28,0,6043.29,1017161,1425887360
China,2022-04-29,0,6043.29,1017161,1425887360
China,2022-04-30,0,6043.29,1017161,1425887360
China,2022-05-01,91983,13140.43,1109144,1425887360
China,2022-05-02,0,13140.43,1109144,1425887360
China,2022-05-03,0,13140.43,1109144,1425887360
China,2022-05-04,0,13140.43,1109144,1425887360
China,2022-05-05,0,13140.43,1109144,1425887360
China,2022-05-06,0,13140.43,1109144,1425887360
China,2022-05-07,0,13140.43,1109144,1425887360
China,2022-05-08,227721,32531.57,1336865,1425887360
China,2022-05-09,0,32531.57,1336865,1425887360
China,2022-05-10,0,32531.57,1336865,1425887360
China,2022-05-11,0,32531.57,1336865,1425887360
China,2022-05-12,0,32531.57,1336865,1425887360
China,2022-05-13,0,32531.57,1336865,1425887360
China,2022-05-14,0,32531.57,1336865,1425887360
China,2022-05-15,414077,59153.86,1750942,1425887360
China,2022-05-16,0,59153.86,1750942,1425887360
China,2022-05-17,0,59153.86,1750942,1425887360
China,2022-05-18,0,59153.86,1750942,1425887360
China,2022-05-19,0,59153.86,1750942,1425887360
China,2022-05-20,0,59153.86,1750942,1425887360
China,2022-05-21,0,59153.86,1750942,1425887360
China,2022-05-22,554051,79150.14,2304993,1425887360
China,2022-05-23,0,79150.14,2304993,1425887360
China,2022-05-24,0,79150.14,2304993,1425887360
China,2022-05-25,0,79150.14,2304993,1425887360
China,2022-05-26,0,79150.14,2304993,1425887360
China,2022-05-27,0,79150.14,2304993,1425887360
China,2022-05-28,0,79150.14,2304993,1425887360
China,2022-05-29,573340,81905.71,2878333,1425887360
China,2022-05-30,0,81905.71,2878333,1425887360
China,2022-05-31,0,81905.71,2878333,1425887360
China,2022-06-01,0,81905.71,2878333,1425887360
China,2022-06-02,0,81905.71,2878333,1425887360
China,2022-06-03,0,81905.71,2878333,1425887360
China,2022-06-04,0,81905.71,2878333,1425887360
China,2022-06-05,513969,73424.14,3392302,1425887360
China,2022-06-06,0,73424.14,3392302,1425887360
China,2022-06-07,0,73424.14,3392302,1425887360
China,2022-06-08,0,73424.14,3392302,1425887360
China,2022-06-09,0,73424.14,3392302,1425887360
China,2022-06-10,0,73424.14,3392302,1425887360
China,2022-06-11,0,73424.14,3392302,1425887360
China,2022-06-12,489982,69997.43,3882284,1425887360
China,2022-06-13,0,69997.43,3882284,1425887360
China,2022-06-14,0,69997.43,3882284,1425887360
China,2022-06-15,0,69997.43,3882284,1425887360
China,2022-06-16,0,69997.43,3882284,1425887360
China,2022-06-17,0,69997.43,3882284,1425887360
China,2022-06-18,0,69997.43,3882284,1425887360
China,2022-06-19,406469,58067.0,4288753,1425887360
China,2022-06-20,0,58067.0,4288753,1425887360
China,2022-06-21,0,58067.0,4288753,1425887360
China,2022-06-22,0,58067.0,4288753,1425887360
China,2022-06-23,0,58067.0,4288753,1425887360
China,2022-06-24,0,58067.0,4288753,1425887360
China,2022-06-25,0,58067.0,4288753,1425887360
China,2022-06-26,323183,46169.0,4611936,1425887360
China,2022-06-27,0,46169.0,4611936,1425887360
China,2022-06-28,0,46169.0,4611936,1425887360
China,2022-06-29,0,46169.0,4611936,1425887360
China,2022-06-30,0,46169.0,4611936,1425887360
China,2022-07-01,0,46169.0,4611936,1425887360
China,2022-07-02,0,46169.0,4611936,1425887360
China,2022-07-03,230021,32860.14,4841957,1425887360
China,2022-07-04,0,32860.14,4841957,1425887360
China,2022-07-05,0,32860.14,4841957,1425887360
China,2022-07-06,0,32860.14,4841957,1425887360
China,2022-07-07,0,32860.14,4841957,1425887360
China,2022-07-08,0,32860.14,4841957,1425887360
China,2022-07-09,0,32860.14,4841957,1425887360
China,2022-07-10,223915,31987.86,5065872,1425887360
China,2022-07-11,0,31987.86,5065872,1425887360
China,2022-07-12,0,31987.86,5065872,1425887360
China,2022-07-13,0,31987.86,5065872,1425887360
China,2022-07-14,0,31987.86,5065872,1425887360
China,2022-07-15,0,31987.86,5065872,1425887360
China,2022-07-16,0,31987.86,5065872,1425887360
China,2022-07-17,197555,28222.14,5263427,1425887360
China,2022-07-18,0,28222.14,5263427,1425887360
China,2022-07-19,0,28222.14,5263427,1425887360
China,2022-07-20,0,28222.14,5263427,1425887360
China,2022-07-21,0,28222.14,5263427,1425887360
China,2022-07-22,0,28222.14,5263427,1425887360
China,2022-07-23,0,28222.14,5263427,1425887360
China,2022-07-24,180690,25812.86,5444117,1425887360
China,2022-07-25,0,25812.86,5444117,1425887360
China,2022-07-26,0,25812.86,5444117,1425887360
China,2022-07-27,0,25812.86,5444117,1425887360
China,2022-07-28,0,25812.86,5444117,1425887360
China,2022-07-29,0,25812.86,5444117,1425887360
China,2022-07-30,0,25812.86,5444117,1425887360
China,2022-07-31,172003,24571.86,5616120,1425887360
China,2022-08-01,0,24571.86,5616120,1425887360
China,2022-08-02,0,24571.86,5616120,1425887360
China,2022-08-03,0,24571.86,5616120,1425887360
China,2022-08-04,0,24571.86,5616120,1425887360
China,2022-08-05,0,24571.86,5616120,1425887360
China,2022-08-06,0,24571.86,5616120,1425887360
China,2022-08-07,163340,23334.29,5779460,1425887360
China,2022-08-08,0,23334.29,5779460,1425887360
China,2022-08-09,0,23334.29,5779460,1425887360
China,2022-08-10,0,23334.29,5779460,1425887360
China,2022-08-11,0,23334.29,5779460,1425887360
China,2022-08-12,0,23334.29,5779460,1425887360
China,2022-08-13,0,23334.29,5779460,1425887360
China,2022-08-14,166696,23813.71,5946156,1425887360
China,2022-08-15,0,23813.71,5946156,1425887360
China,2022-08-16,0,23813.71,5946156,1425887360
China,2022-08-17,0,23813.71,5946156,1425887360
China,2022-08-18,0,23813.71,5946156,1425887360
China,2022-08-19,0,23813.71,5946156,1425887360
China,2022-08-20,0,23813.71,5946156,1425887360
China,2022-08-21,172424,24632.0,6118580,1425887360
China,2022-08-22,0,24632.0,6118580,1425887360
China,2022-08-23,0,24632.0,6118580,1425887360
China,2022-08-24,0,24632.0,6118580,1425887360
China,2022-08-25,0,24632.0,6118580,1425887360
China,2022-08-26,0,24632.0,6118580,1425887360
China,2022-08-27,0,24632.0,6118580,1425887360
China,2022-08-28,194464,27780.57,6313044,1425887360
China,2022-08-29,0,27780.57,6313044,1425887360
China,2022-08-30,0,27780.57,6313044,1425887360
China,2022-08-31,0,27780.57,6313044,1425887360
China,2022-09-01,0,27780.57,6313044,1425887360
China,2022-09-02,0,27780.57,6313044,1425887360
China,2022-09-03,0,27780.57,6313044,1425887360
China,2022-09-04,238044,34006.29,6551088,1425887360
China,2022-09-05,0,34006.29,6551088,1425887360
China,2022-09-06,0,34006.29,6551088,1425887360
China,2022-09-07,0,34006.29,6551088,1425887360
China,2022-09-08,0,34006.29,6551088,1425887360
China,2022-09-09,0,34006.29,6551088,1425887360
China,2022-09-10,0,34006.29,6551088,1425887360
China,2022-09-11,263288,37612.57,6814376,1425887360
China,2022-09-12,0,37612.57,6814376,1425887360
China,2022-09-13,0,37612.57,6814376,1425887360
China,2022-09-14,0,37612.57,6814376,1425887360
China,2022-09-15,0,37612.57,6814376,1425887360
China,2022-09-16,0,37612.57,6814376,1425887360
China,2022-09-17,0,37612.57,6814376,1425887360
China,2022-09-18,297693,42527.57,7112069,1425887360
China,2022-09-19,0,42527.57,7112069,1425887360
China,2022-09-20,0,42527.57,7112069,1425887360
China,2022-09-21,0,42527.57,7112069,1425887360
China,2022-09-22,0,42527.57,7112069,1425887360
China,2022-09-23,0,42527.57,7112069,1425887360
China,2022-09-24,0,42527.57,7112069,1425887360
China,2022-09-25,292476,41782.29,7404545,1425887360
China,2022-09-26,0,41782.29,7404545,1425887360
China,2022-09-27,0,41782.29,7404545,1425887360
China,2022-09-28,0,41782.29,7404545,1425887360
China,2022-09-29,0,41782.29,7404545,1425887360
China,2022-09-30,0,41782.29,7404545,1425887360
China,2022-10-01,0,41782.29,7404545,1425887360
China,2022-10-02,303092,43298.86,7707637,1425887360
China,2022-10-03,0,43298.86,7707637,1425887360
China,2022-10-04,0,43298.86,7707637,1425887360
China,2022-10-05,0,43298.86,7707637,1425887360
China,2022-10-06,0,43298.86,7707637,1425887360
China,2022-10-07,0,43298.86,7707637,1425887360
China,2022-10-08,0,43298.86,7707637,1425887360
China,2022-10-09,333830,47690.0,8041467,1425887360
China,2022-10-10,0,47690.0,8041467,1425887360
China,2022-10-11,0,47690.0,8041467,1425887360
China,2022-10-12,0,47690.0,8041467,1425887360
China,2022-10-13,0,47690.0,8041467,1425887360
China,2022-10-14,0,47690.0,8041467,1425887360
China,2022-10-15,0,47690.0,8041467,1425887360
China,2022-10-16,328910,46987.14,8370377,1425887360
China,2022-10-17,0,46987.14,8370377,1425887360
China,2022-10-18,0,46987.14,8370377,1425887360
China,2022-10-19,0,46987.14,8370377,1425887360
China,2022-10-20,0,46987.14,8370377,1425887360
China,2022-10-21,0,46987.14,8370377,1425887360
China,2022-10-22,0,46987.14,8370377,1425887360
China,2022-10-23,285348,40764.0,8655725,1425887360
China,2022-10-24,0,40764.0,8655725,1425887360
China,2022-10-25,0,40764.0,8655725,1425887360
China,2022-10-26,0,40764.0,8655725,1425887360
China,2022-10-27,0,40764.0,8655725,1425887360
China,2022-10-28,0,40764.0,8655725,1425887360
China,2022-10-29,0,40764.0,8655725,1425887360
China,2022-10-30,257994,36856.29,8913719,1425887360
China,2022-10-31,0,36856.29,8913719,1425887360
China,2022-11-01,0,36856.29,8913719,1425887360
China,2022-11-02,0,36856.29,8913719,1425887360
China,2022-11-03,0,36856.29,8913719,1425887360
China,2022-11-04,0,36856.29,8913719,1425887360
China,2022-11-05,0,36856.29,8913719,1425887360
China,2022-11-06,219102,31300.29,9132821,1425887360
China,2022-11-07,0,31300.29,9132821,1425887360
China,2022-11-08,0,31300.29,9132821,1425887360
China,2022-11-09,0,31300.29,9132821,1425887360
China,2022-11-10,0,31300.29,9132821,1425887360
China,2022-11-11,0,31300.29,9132821,1425887360
China,2022-11-12,0,31300.29,9132821,1425887360
China,2022-11-13,171745,24535.0,9304566,1425887360
China,2022-11-14,0,24535.0,9304566,1425887360
China,2022-11-15,0,24535.0,9304566,1425887360
China,2022-11-16,0,24535.0,9304566,1425887360
China,2022-11-17,0,24535.0,9304566,1425887360
China,2022-11-18,0,24535.0,9304566,1425887360
China,2022-11-19,0,24535.0,9304566,1425887360
China,2022-11-20,158813,22687.57,9463379,1425887360
China,2022-11-21,0,22687.57,9463379,1425887360
China,2022-11-22,0,22687.57,9463379,1425887360
China,2022-11-23,0,22687.57,9463379,1425887360
China,2022-11-24,0,22687.57,9463379,1425887360
China,2022-11-25,0,22687.57,9463379,1425887360
China,2022-11-26,0,22687.57,9463379,1425887360
China,2022-11-27,144205,20600.71,9607584,1425887360
China,2022-11-28,0,20600.71,9607584,1425887360
China,2022-11-29,0,20600.71,9607584,1425887360
China,2022-11-30,0,20600.71,9607584,1425887360
China,2022-12-01,0,20600.71,9607584,1425887360
China,2022-12-02,0,20600.71,9607584,1425887360
China,2022-12-03,0,20600.71,9607584,1425887360
China,2022-12-04,146141,20877.29,9753725,1425887360
China,2022-12-05,0,20877.29,9753725,1425887360
China,2022-12-06,0,20877.29,9753725,1425887360
China,2022-12-07,0,20877.29,9753725,1425887360
China,2022-12-08,0,20877.29,9753725,1425887360
China,2022-12-09,0,20877.29,9753725,1425887360
China,2022-12-10,0,20877.29,9753725,1425887360
China,2022-12-11,1117898,159699.71,10871623,1425887360
China,2022-12-12,0,159699.71,10871623,1425887360
China,2022-12-13,0,159699.71,10871623,1425887360
China,2022-12-14,0,159699.71,10871623,1425887360
China,2022-12-15,0,159699.71,10871623,1425887360
China,2022-12-16,0,159699.71,10871623,1425887360
China,2022-12-17,0,159699.71,10871623,1425887360
China,2022-12-18,11098550,1585507.14,21970173,1425887360
China,2022-12-19,0,1585507.14,21970173,1425887360
China,2022-12-20,0,1585507.14,21970173,1425887360
China,2022-12-21,0,1585507.14,21970173,1425887360
China,2022-12-22,0,1585507.14,21970173,1425887360
China,2022-12-23,0,1585507.14,21970173,1425887360
China,2022-12-24,0,1585507.14,21970173,1425887360
China,2022-12-25,40475477,5782211.0,62445650,1425887360
China,2022-12-26,0,5782211.0,62445650,1425887360
China,2022-12-27,0,5782211.0,62445650,1425887360
China,2022-12-28,0,5782211.0,62445650,1425887360
China,2022-12-29,0,5782211.0,62445650,1425887360
China,2022-12-30,0,5782211.0,62445650,1425887360
China,2022-12-31,0,5782211.0,62445650,1425887360
China,2023-01-01,24644876,3520696.57,87090526,1425887360
China,2023-01-02,0,3520696.57,87090526,1425887360
China,2023-01-03,0,3520696.57,87090526,1425887360
China,2023-01-04,0,3520696.57,87090526,1425887360
China,2023-01-05,0,3520696.57,87090526,1425887360
China,2023-01-06,0,3520696.57,87090526,1425887360
China,2023-01-07,0,3520696.57,87090526,1425887360
China,2023-01-08,8061762,1151680.29,95152288,1425887360
China,2023-01-09,0,1151680.29,95152288,1425887360
China,2023-01-10,0,1151680.29,95152288,1425887360
China,2023-01-11,0,1151680.29,95152288,1425887360
China,2023-01-12,0,1151680.29,95152288,1425887360
China,2023-01-13,0,1151680.29,95152288,1425887360
China,2023-01-14,0,1151680.29,95152288,1425887360
China,2023-01-15,2361571,337367.29,97513859,1425887360
China,2023-01-16,0,337367.29,97513859,1425887360
China,2023-01-17,0,337367.29,97513859,1425887360
China,2023-01-18,0,337367.29,97513859,1425887360
China,2023-01-19,0,337367.29,97513859,1425887360
China,2023-01-20,0,337367.29,97513859,1425887360
China,2023-01-21,0,337367.29,97513859,1425887360
China,2023-01-22,755183,107883.29,98269042,1425887360
China,2023-01-23,0,107883.29,98269042,1425887360
China,2023-01-24,0,107883.29,98269042,1425887360
China,2023-01-25,0,107883.29,98269042,1425887360
China,2023-01-26,0,107883.29,98269042,1425887360
China,2023-01-27,0,107883.29,98269042,1425887360
China,2023-01-28,0,107883.29,98269042,1425887360
China,2023-01-29,175542,25077.43,98444584,1425887360
China,2023-01-30,0,25077.43,98444584,1425887360
China,2023-01-31,0,25077.43,98444584,1425887360
China,2023-02-01,0,25077.43,98444584,1425887360
China,2023-02-02,0,25077.43,98444584,1425887360
China,2023-02-03,0,25077.43,98444584,1425887360
China,2023-02-04,0,25077.43,98444584,1425887360
China,2023-02-05,192969,27567.0,98637553,1425887360
China,2023-02-06,0,27567.0,98637553,1425887360
China,2023-02-07,0,27567.0,98637553,1425887360
China,2023-02-08,0,27567.0,98637553,1425887360
China,2023-02-09,0,27567.0,98637553,1425887360
China,2023-02-10,0,27567.0,98637553,1425887360
China,2023-02-11,0,27567.0,98637553,1425887360
China,2023-02-12,148174,21167.71,98785727,1425887360
China,2023-02-13,0,21167.71,98785727,1425887360
China,2023-02-14,0,21167.71,98785727,1425887360
China,2023-02-15,0,21167.71,98785727,1425887360
China,2023-02-16,0,21167.71,98785727,1425887360
China,2023-02-17,0,21167.71,98785727,1425887360
China,2023-02-18,0,21167.71,98785727,1425887360
China,2023-02-19,118748,16964.0,98904475,1425887360
China,2023-02-20,0,16964.0,98904475,1425887360
China,2023-02-21,0,16964.0,98904475,1425887360
China,2023-02-22,0,16964.0,98904475,1425887360
China,2023-02-23,0,16964.0,98904475,1425887360
China,2023-02-24,0,16964.0,98904475,1425887360
China,2023-02-25,0,16964.0,98904475,1425887360
China,2023-02-26,77670,11095.71,98982145,1425887360
China,2023-02-27,0,11095.71,98982145,1425887360
China,2023-02-28,0,11095.71,98982145,1425887360
China,2023-03-01,0,11095.71,98982145,1425887360
China,2023-03-02,0,11095.71,98982145,1425887360
China,2023-03-03,0,11095.71,98982145,1425887360
China,2023-03-04,0,11095.71,98982145,1425887360
China,2023-03-05,84790,12112.86,99066935,1425887360
China,2023-03-06,0,12112.86,99066935,1425887360
China,2023-03-07,0,12112.86,99066935,1425887360
China,2023-03-08,0,12112.86,99066935,1425887360
China,2023-03-09,0,12112.86,99066935,1425887360
China,2023-03-10,0,12112.86,99066935,1425887360
China,2023-03-11,0,12112.86,99066935,1425887360
China,2023-03-12,92268,13181.14,99159203,1425887360
China,2023-03-13,0,13181.14,99159203,1425887360
China,2023-03-14,0,13181.14,99159203,1425887360
China,2023-03-15,0,13181.14,99159203,1425887360
China,2023-03-16,0,13181.14,99159203,1425887360
China,2023-03-17,0,13181.14,99159203,1425887360
China,2023-03-18,0,13181.14,99159203,1425887360
China,2023-03-19,65301,9328.71,99224504,1425887360
China,2023-03-20,0,9328.71,99224504,1425887360
China,2023-03-21,0,9328.71,99224504,1425887360
China,2023-03-22,0,9328.71,99224504,1425887360
China,2023-03-23,0,9328.71,99224504,1425887360
China,2023-03-24,0,9328.71,99224504,1425887360
China,2023-03-25,0,9328.71,99224504,1425887360
China,2023-03-26,13602,1943.14,99238106,1425887360
China,2023-03-27,0,1943.14,99238106,1425887360
China,2023-03-28,0,1943.14,99238106,1425887360
China,2023-03-29,0,1943.14,99238106,1425887360
China,2023-03-30,0,1943.14,99238106,1425887360
China,2023-03-31,0,1943.14,99238106,1425887360
China,2023-04-01,0,1943.14,99238106,1425887360
China,2023-04-02,1060,151.43,99239166,1425887360
China,2023-04-03,0,151.43,99239166,1425887360
China,2023-04-04,0,151.43,99239166,1425887360
China,2023-04-05,0,151.43,99239166,1425887360
China,2023-04-06,0,151.43,99239166,1425887360
China,2023-04-07,0,151.43,99239166,1425887360
China,2023-04-08,0,151.43,99239166,1425887360
China,2023-04-09,1228,175.43,99240394,1425887360
China,2023-04-10,0,175.43,99240394,1425887360
China,2023-04-11,0,175.43,99240394,1425887360
China,2023-04-12,0,175.43,99240394,1425887360
China,2023-04-13,0,175.43,99240394,1425887360
China,2023-04-14,0,175.43,99240394,1425887360
China,2023-04-15,0,175.43,99240394,1425887360
China,2023-04-16,1699,242.71,99242093,1425887360
China,2023-04-17,0,242.71,99242093,1425887360
China,2023-04-18,0,242.71,99242093,1425887360
China,2023-04-19,0,242.71,99242093,1425887360
China,2023-04-20,0,242.71,99242093,1425887360
China,2023-04-21,0,242.71,99242093,1425887360
China,2023-04-22,0,242.71,99242093,1425887360
China,2023-04-23,2206,315.14,99244299,1425887360
China,2023-04-24,0,315.14,99244299,1425887360
China,2023-04-25,0,315.14,99244299,1425887360
China,2023-04-26,0,315.14,99244299,1425887360
China,2023-04-27,0,315.14,99244299,1425887360
China,2023-04-28,0,315.14,99244299,1425887360
China,2023-04-29,0,315.14,99244299,1425887360
China,2023-04-30,3082,440.29,99247381,1425887360
China,2023-05-01,0,440.29,99247381,1425887360
China,2023-05-02,0,440.29,99247381,1425887360
China,2023-05-03,0,440.29,99247381,1425887360
China,2023-05-04,0,440.29,99247381,1425887360
China,2023-05-05,0,440.29,99247381,1425887360
China,2023-05-06,0,440.29,99247381,1425887360
China,2023-05-07,3736,533.71,99251117,1425887360
China,2023-05-08,0,533.71,99251117,1425887360
China,2023-05-09,0,533.71,99251117,1425887360
China,2023-05-10,0,533.71,99251117,1425887360
China,2023-05-11,0,533.71,99251117,1425887360
China,2023-05-12,0,533.71,99251117,1425887360
China,2023-05-13,0,533.71,99251117,1425887360
China,2023-05-14,4440,634.29,99255557,1425887360
China,2023-05-15,0,634.29,99255557,1425887360
China,2023-05-16,0,634.29,99255557,1425887360
China,2023-05-17,0,634.29,99255557,1425887360
China,2023-05-18,0,634.29,99255557,1425887360
China,2023-05-19,0,634.29,99255557,1425887360
China,2023-05-20,0,634.29,99255557,1425887360
China,2023-05-21,4437,633.86,99259994,1425887360
China,2023-05-22,0,633.86,99259994,1425887360
China,2023-05-23,0,633.86,99259994,1425887360
China,2023-05-24,0,633.86,99259994,1425887360
China,2023-05-25,0,633.86,99259994,1425887360
China,2023-05-26,0,633.86,99259994,1425887360
China,2023-05-27,0,633.86,99259994,1425887360
China,2023-05-28,6466,923.71,99266460,1425887360
China,2023-05-29,0,923.71,99266460,1425887360
China,2023-05-30,0,923.71,99266460,1425887360
China,2023-05-31,0,923.71,99266460,1425887360
China,2023-06-01,0,923.71,99266460,1425887360
China,2023-06-02,0,923.71,99266460,1425887360
China,2023-06-03,0,923.71,99266460,1425887360
China,2023-06-04,5030,718.57,99271490,1425887360
China,2023-06-05,0,718.57,99271490,1425887360
China,2023-06-06,0,718.57,99271490,1425887360
China,2023-06-07,0,718.57,99271490,1425887360
China,2023-06-08,0,718.57,99271490,1425887360
China,2023-06-09,0,718.57,99271490,1425887360
China,2023-06-10,0,718.57,99271490,1425887360
China,2023-06-11,6956,993.71,99278446,1425887360
China,2023-06-12,0,993.71,99278446,1425887360
China,2023-06-13,0,993.71,99278446,1425887360
China,2023-06-14,0,993.71,99278446,1425887360
China,2023-06-15,0,993.71,99278446,1425887360
China,2023-06-16,0,993.71,99278446,1425887360
China,2023-06-17,0,993.71,99278446,1425887360
China,2023-06-18,4555,650.71,99283001,1425887360
China,2023-06-19,0,650.71,99283001,1425887360
China,2023-06-20,0,650.71,99283001,1425887360
China,2023-06-21,0,650.71,99283001,1425887360
China,2023-06-22,0,650.71,99283001,1425887360
China,2023-06-23,0,650.71,99283001,1425887360
China,2023-06-24,0,650.71,99283001,1425887360
China,2023-06-25,2437,348.14,99285438,1425887360
China,2023-06-26,0,348.14,99285438,1425887360
China,2023-06-27,0,348.14,99285438,1425887360
China,2023-06-28,0,348.14,99285438,1425887360
China,2023-06-29,0,348.14,99285438,1425887360
China,2023-06-30,0,348.14,99285438,1425887360
China,2023-07-01,0,348.14,99285438,1425887360
China,2023-07-02,3878,554.0,99289316,1425887360
China,2023-07-03,0,554.0,99289316,1425887360
China,2023-07-04,0,554.0,99289316,1425887360
China,2023-07-05,0,554.0,99289316,1425887360
China,2023-07-06,0,554.0,99289316,1425887360
China,2023-07-07,0,554.0,99289316,1425887360
China,2023-07-08,0,554.0,99289316,1425887360
China,2023-07-09,2733,390.43,99292049,1425887360
China,2023-07-10,0,390.43,99292049,1425887360
China,2023-07-11,0,390.43,99292049,1425887360
China,2023-07-12,0,390.43,99292049,1425887360
China,2023-07-13,0,390.43,99292049,1425887360
China,2023-07-14,0,390.43,99292049,1425887360
China,2023-07-15,0,390.43,99292049,1425887360
China,2023-07-16,2666,380.86,99294715,1425887360
China,2023-07-17,0,380.86,99294715,1425887360
China,2023-07-18,0,380.86,99294715,1425887360
China,2023-07-19,0,380.86,99294715,1425887360
China,2023-07-20,0,380.86,99294715,1425887360
China,2023-07-21,0,380.86,99294715,1425887360
China,2023-07-22,0,380.86,99294715,1425887360
China,2023-07-23,2445,349.29,99297160,1425887360
China,2023-07-24,0,349.29,99297160,1425887360
China,2023-07-25,0,349.29,99297160,1425887360
China,2023-07-26,0,349.29,99297160,1425887360
China,2023-07-27,0,349.29,99297160,1425887360
China,2023-07-28,0,349.29,99297160,1425887360
China,2023-07-29,0,349.29,99297160,1425887360
China,2023-07-30,2541,363.0,99299701,1425887360
China,2023-07-31,0,363.0,99299701,1425887360
China,2023-08-01,0,363.0,99299701,1425887360
China,2023-08-02,0,363.0,99299701,1425887360
China,2023-08-03,0,363.0,99299701,1425887360
China,2023-08-04,0,363.0,99299701,1425887360
China,2023-08-05,0,363.0,99299701,1425887360
China,2023-08-06,1954,279.14,99301655,1425887360
China,2023-08-07,0,279.14,99301655,1425887360
China,2023-08-08,0,279.14,99301655,1425887360
China,2023-08-09,0,279.14,99301655,1425887360
China,2023-08-10,0,279.14,99301655,1425887360
China,2023-08-11,0,279.14,99301655,1425887360
China,2023-08-12,0,279.14,99301655,1425887360
China,2023-08-13,964,137.71,99302619,1425887360
China,2023-08-14,0,137.71,99302619,1425887360
China,2023-08-15,0,137.71,99302619,1425887360
China,2023-08-16,0,137.71,99302619,1425887360
China,2023-08-17,0,137.71,99302619,1425887360
China,2023-08-18,0,137.71,99302619,1425887360
China,2023-08-19,0,137.71,99302619,1425887360
China,2023-08-20,1463,209.0,99304082,1425887360
China,2023-08-21,0,209.0,99304082,1425887360
China,2023-08-22,0,209.0,99304082,1425887360
China,2023-08-23,0,209.0,99304082,1425887360
China,2023-08-24,0,209.0,99304082,1425887360
China,2023-08-25,0,209.0,99304082,1425887360
China,2023-08-26,0,209.0,99304082,1425887360
China,2023-08-27,1587,226.71,99305669,1425887360
China,2023-08-28,0,226.71,99305669,1425887360
China,2023-08-29,0,226.71,99305669,1425887360
China,2023-08-30,0,226.71,99305669,1425887360
China,2023-08-31,0,226.71,99305669,1425887360
China,2023-09-01,0,226.71,99305669,1425887360
China,2023-09-02,0,226.71,99305669,1425887360
China,2023-09-03,1647,235.29,99307316,1425887360
China,2023-09-04,0,235.29,99307316,1425887360
China,2023-09-05,0,235.29,99307316,1425887360
China,2023-09-06,0,235.29,99307316,1425887360
China,2023-09-07,0,235.29,99307316,1425887360
China,2023-09-08,0,235.29,99307316,1425887360
China,2023-09-09,0,235.29,99307316,1425887360
China,2023-09-10,1527,218.14,99308843,1425887360
China,2023-09-11,0,218.14,99308843,1425887360
China,2023-09-12,0,218.14,99308843,1425887360
China,2023-09-13,0,218.14,99308843,1425887360
China,2023-09-14,0,218.14,99308843,1425887360
China,2023-09-15,0,218.14,99308843,1425887360
China,2023-09-16,0,218.14,99308843,1425887360
China,2023-09-17,1025,146.43,99309868,1425887360
China,2023-09-18,0,146.43,99309868,1425887360
China,2023-09-19,0,146.43,99309868,1425887360
China,2023-09-20,0,146.43,99309868,1425887360
China,2023-09-21,0,146.43,99309868,1425887360
China,2023-09-22,0,146.43,99309868,1425887360
China,2023-09-23,0,146.43,99309868,1425887360
China,2023-09-24,1152,164.57,99311020,1425887360
China,2023-09-25,0,164.57,99311020,1425887360
China,2023-09-26,0,164.57,99311020,1425887360
China,2023-09-27,0,164.57,99311020,1425887360
China,2023-09-28,0,164.57,99311020,1425887360
China,2023-09-29,0,164.57,99311020,1425887360
China,2023-09-30,0,164.57,99311020,1425887360
China,2023-10-01,2551,364.43,99313571,1425887360
China,2023-10-02,0,364.43,99313571,1425887360
China,2023-10-03,0,364.43,99313571,1425887360
China,2023-10-04,0,364.43,99313571,1425887360
China,2023-10-05,0,364.43,99313571,1425887360
China,2023-10-06,0,364.43,99313571,1425887360
China,2023-10-07,0,364.43,99313571,1425887360
China,2023-10-08,1555,222.14,99315126,1425887360
China,2023-10-09,0,222.14,99315126,1425887360
China,2023-10-10,0,222.14,99315126,1425887360
China,2023-10-11,0,222.14,99315126,1425887360
China,2023-10-12,0,222.14,99315126,1425887360
China,2023-10-13,0,222.14,99315126,1425887360
China,2023-10-14,0,222.14,99315126,1425887360
China,2023-10-15,1372,196.0,99316498,1425887360
China,2023-10-16,0,196.0,99316498,1425887360
China,2023-10-17,0,196.0,99316498,1425887360
China,2023-10-18,0,196.0,99316498,1425887360
China,2023-10-19,0,196.0,99316498,1425887360
China,2023-10-20,0,196.0,99316498,1425887360
China,2023-10-21,0,196.0,99316498,1425887360
China,2023-10-22,1070,152.86,99317568,1425887360
China,2023-10-23,0,152.86,99317568,1425887360
China,2023-10-24,0,152.86,99317568,1425887360
China,2023-10-25,0,152.86,99317568,1425887360
China,2023-10-26,0,152.86,99317568,1425887360
China,2023-10-27,0,152.86,99317568,1425887360
China,2023-10-28,0,152.86,99317568,1425887360
China,2023-10-29,805,115.0,99318373,1425887360
China,2023-10-30,0,115.0,99318373,1425887360
China,2023-10-31,0,115.0,99318373,1425887360
China,2023-11-01,0,115.0,99318373,1425887360
China,2023-11-02,0,115.0,99318373,1425887360
China,2023-11-03,0,115.0,99318373,1425887360
China,2023-11-04,0,115.0,99318373,1425887360
China,2023-11-05,636,90.86,99319009,1425887360
China,2023-11-06,0,90.86,99319009,1425887360
China,2023-11-07,0,90.86,99319009,1425887360
China,2023-11-08,0,90.86,99319009,1425887360
China,2023-11-09,0,90.86,99319009,1425887360
China,2023-11-10,0,90.86,99319009,1425887360
China,2023-11-11,0,90.86,99319009,1425887360
China,2023-11-12,559,79.86,99319568,1425887360
China,2023-11-13,0,79.86,99319568,1425887360
China,2023-11-14,0,79.86,99319568,1425887360
China,2023-11-15,0,79.86,99319568,1425887360
China,2023-11-16,0,79.86,99319568,1425887360
China,2023-11-17,0,79.86,99319568,1425887360
China,2023-11-18,0,79.86,99319568,1425887360
China,2023-11-19,467,66.71,99320035,1425887360
China,2023-11-20,0,66.71,99320035,1425887360
China,2023-11-21,0,66.71,99320035,1425887360
China,2023-11-22,0,66.71,99320035,1425887360
China,2023-11-23,0,66.71,99320035,1425887360
China,2023-11-24,0,66.71,99320035,1425887360
China,2023-11-25,0,66.71,99320035,1425887360
China,2023-11-26,390,55.71,99320425,1425887360
China,2023-11-27,0,55.71,99320425,1425887360
China,2023-11-28,0,55.71,99320425,1425887360
China,2023-11-29,0,55.71,99320425,1425887360
China,2023-11-30,0,55.71,99320425,1425887360
China,2023-12-01,0,55.71,99320425,1425887360
China,2023-12-02,0,55.71,99320425,1425887360
China,2023-12-03,420,60.0,99320845,1425887360
China,2023-12-04,0,60.0,99320845,1425887360
China,2023-12-05,0,60.0,99320845,1425887360
China,2023-12-06,0,60.0,99320845,1425887360
China,2023-12-07,0,60.0,99320845,1425887360
China,2023-12-08,0,60.0,99320845,1425887360
China,2023-12-09,0,60.0,99320845,1425887360
China,2023-12-10,397,56.71,99321242,1425887360
China,2023-12-11,0,56.71,99321242,1425887360
China,2023-12-12,0,56.71,99321242,1425887360
China,2023-12-13,0,56.71,99321242,1425887360
China,2023-12-14,0,56.71,99321242,1425887360
China,2023-12-15,0,56.71,99321242,1425887360
China,2023-12-16,0,56.71,99321242,1425887360
China,2023-12-17,395,56.43,99321637,1425887360
China,2023-12-18,0,56.43,99321637,1425887360
China,2023-12-19,0,56.43,99321637,1425887360
China,2023-12-20,0,56.43,99321637,1425887360
China,2023-12-21,0,56.43,99321637,1425887360
China,2023-12-22,0,56.43,99321637,1425887360
China,2023-12-23,0,56.43,99321637,1425887360
China,2023-12-24,505,72.14,99322142,1425887360
China,2023-12-25,0,72.14,99322142,1425887360
China,2023-12-26,0,72.14,99322142,1425887360
China,2023-12-27,0,72.14,99322142,1425887360
China,2023-12-28,0,72.14,99322142,1425887360
China,2023-12-29,0,72.14,99322142,1425887360
China,2023-12-30,0,72.14,99322142,1425887360
China,2023-12-31,585,83.57,99322727,1425887360
China,2024-01-01,0,83.57,99322727,1425887360
China,2024-01-02,0,83.57,99322727,1425887360
China,2024-01-03,0,83.57,99322727,1425887360
China,2024-01-04,0,83.57,99322727,1425887360
China,2024-01-05,0,83.57,99322727,1425887360
China,2024-01-06,0,83.57,99322727,1425887360
China,2024-01-07,1029,147.0,99323756,1425887360
China,2024-01-08,0,147.0,99323756,1425887360
China,2024-01-09,0,147.0,99323756,1425887360
China,2024-01-10,0,147.0,99323756,1425887360
China,2024-01-11,0,147.0,99323756,1425887360
China,2024-01-12,0,147.0,99323756,1425887360
China,2024-01-13,0,147.0,99323756,1425887360
China,2024-01-14,1352,193.14,99325108,1425887360
China,2024-01-15,0,193.14,99325108,1425887360
China,2024-01-16,0,193.14,99325108,1425887360
China,2024-01-17,0,193.14,99325108,1425887360
China,2024-01-18,0,193.14,99325108,1425887360
China,2024-01-19,0,193.14,99325108,1425887360
China,2024-01-20,0,193.14,99325108,1425887360
China,2024-01-21,1315,187.86,99326423,1425887360
China,2024-01-22,0,187.86,99326423,1425887360
China,2024-01-23,0,187.86,99326423,1425887360
China,2024-01-24,0,187.86,99326423,1425887360
China,2024-01-25,0,187.86,99326423,1425887360
China,2024-01-26,0,187.86,99326423,1425887360
China,2024-01-27,0,187.86,99326423,1425887360
China,2024-01-28,1331,190.14,99327754,1425887360
China,2024-01-29,0,190.14,99327754,1425887360
China,2024-01-30,0,190.14,99327754,1425887360
China,2024-01-31,0,190.14,99327754,1425887360
China,2024-02-01,0,190.14,99327754,1425887360
China,2024-02-02,0,190.14,99327754,1425887360
China,2024-02-03,0,190.14,99327754,1425887360
China,2024-02-04,1495,213.57,99329249,1425887360
China,2024-02-05,0,213.57,99329249,1425887360
China,2024-02-06,0,213.57,99329249,1425887360
China,2024-02-07,0,213.57,99329249,1425887360
China,2024-02-08,0,213.57,99329249,1425887360
China,2024-02-09,0,213.57,99329249,1425887360
China,2024-02-10,0,213.57,99329249,1425887360
China,2024-02-11,1267,181.0,99330516,1425887360
China,2024-02-12,0,181.0,99330516,1425887360
China,2024-02-13,0,181.0,99330516,1425887360
China,2024-02-14,0,181.0,99330516,1425887360
China,2024-02-15,0,181.0,99330516,1425887360
China,2024-02-16,0,181.0,99330516,1425887360
China,2024-02-17,0,181.0,99330516,1425887360
China,2024-02-18,1208,172.57,99331724,1425887360
China,2024-02-19,0,172.57,99331724,1425887360
China,2024-02-20,0,172.57,99331724,1425887360
China,2024-02-21,0,172.57,99331724,1425887360
China,2024-02-22,0,172.57,99331724,1425887360
China,2024-02-23,0,172.57,99331724,1425887360
China,2024-02-24,0,172.57,99331724,1425887360
China,2024-02-25,3028,432.57,99334752,1425887360
China,2024-02-26,0,432.57,99334752,1425887360
China,2024-02-27,0,432.57,99334752,1425887360
China,2024-02-28,0,432.57,99334752,1425887360
China,2024-02-29,0,432.57,99334752,1425887360
China,2024-03-01,0,432.57,99334752,1425887360
China,2024-03-02,0,432.57,99334752,1425887360
China,2024-03-03,1999,285.57,99336751,1425887360
China,2024-03-04,0,285.57,99336751,1425887360
China,2024-03-05,0,285.57,99336751,1425887360
China,2024-03-06,0,285.57,99336751,1425887360
China,2024-03-07,0,285.57,99336751,1425887360
China,2024-03-08,0,285.57,99336751,1425887360
China,2024-03-09,0,285.57,99336751,1425887360
China,2024-03-10,3018,431.14,99339769,1425887360
China,2024-03-11,0,431.14,99339769,1425887360
China,2024-03-12,0,431.14,99339769,1425887360
China,2024-03-13,0,431.14,99339769,1425887360
China,2024-03-14,0,431.14,99339769,1425887360
China,2024-03-15,0,431.14,99339769,1425887360
China,2024-03-16,0,431.14,99339769,1425887360
China,2024-03-17,3426,489.43,99343195,1425887360
China,2024-03-18,0,489.43,99343195,1425887360
China,2024-03-19,0,489.43,99343195,1425887360
China,2024-03-20,0,489.43,99343195,1425887360
China,2024-03-21,0,489.43,99343195,1425887360
China,2024-03-22,0,489.43,99343195,1425887360
China,2024-03-23,0,489.43,99343195,1425887360
China,2024-03-24,2485,355.0,99345680,1425887360
China,2024-03-25,0,355.0,99345680,1425887360
China,2024-03-26,0,355.0,99345680,1425887360
China,2024-03-27,0,355.0,99345680,1425887360
China,2024-03-28,0,355.0,99345680,1425887360
China,2024-03-29,0,355.0,99345680,1425887360
China,2024-03-30,0,355.0,99345680,1425887360
China,2024-03-31,1768,252.57,99347448,1425887360
China,2024-04-01,0,252.57,99347448,1425887360
China,2024-04-02,0,252.57,99347448,1425887360
China,2024-04-03,0,252.57,99347448,1425887360
China,2024-04-04,0,252.57,99347448,1425887360
China,2024-04-05,0,252.57,99347448,1425887360
China,2024-04-06,0,252.57,99347448,1425887360
China,2024-04-07,1368,195.43,99348816,1425887360
China,2024-04-08,0,195.43,99348816,1425887360
China,2024-04-09,0,195.43,99348816,1425887360
China,2024-04-10,0,195.43,99348816,1425887360
China,2024-04-11,0,195.43,99348816,1425887360
China,2024-04-12,0,195.43,99348816,1425887360
China,2024-04-13,0,195.43,99348816,1425887360
China,2024-04-14,1511,215.86,99350327,1425887360
China,2024-04-15,0,215.86,99350327,1425887360
China,2024-04-16,0,215.86,99350327,1425887360
China,2024-04-17,0,215.86,99350327,1425887360
China,2024-04-18,0,215.86,99350327,1425887360
China,2024-04-19,0,215.86,99350327,1425887360
China,2024-04-20,0,215.86,99350327,1425887360
China,2024-04-21,1431,204.43,99351758,1425887360
China,2024-04-22,0,204.43,99351758,1425887360
China,2024-04-23,0,204.43,99351758,1425887360
China,2024-04-24,0,204.43,99351758,1425887360
China,2024-04-25,0,204.43,99351758,1425887360
China,2024-04-26,0,204.43,99351758,1425887360
China,2024-04-27,0,204.43,99351758,1425887360
China,2024-04-28,1403,200.43,99353161,1425887360
China,2024-04-29,0,200.43,99353161,1425887360
China,2024-04-30,0,200.43,99353161,1425887360
China,2024-05-01,0,200.43,99353161,1425887360
China,2024-05-02,0,200.43,99353161,1425887360
China,2024-05-03,0,200.43,99353161,1425887360
China,2024-05-04,0,200.43,99353161,1425887360
China,2024-05-05,1566,223.71,99354727,1425887360
China,2024-05-06,0,223.71,99354727,1425887360
China,2024-05-07,0,223.71,99354727,1425887360
China,2024-05-08,0,223.71,99354727,1425887360
China,2024-05-09,0,223.71,99354727,1425887360
China,2024-05-10,0,223.71,99354727,1425887360
China,2024-05-11,0,223.71,99354727,1425887360
China,2024-05-12,1754,250.57,99356481,1425887360
China,2024-05-13,0,250.57,99356481,1425887360
China,2024-05-14,0,250.57,99356481,1425887360
China,2024-05-15,0,250.57,99356481,1425887360
China,2024-05-16,0,250.57,99356481,1425887360
China,2024-05-17,0,250.57,99356481,1425887360
China,2024-05-18,0,250.57,99356481,1425887360
China,2024-05-19,1414,202.0,99357895,1425887360
China,2024-05-20,0,202.0,99357895,1425887360
China,2024-05-21,0,202.0,99357895,1425887360
China,2024-05-22,0,202.0,99357895,1425887360
China,2024-05-23,0,202.0,99357895,1425887360
China,2024-05-24,0,202.0,99357895,1425887360
China,2024-05-25,0,202.0,99357895,1425887360
China,2024-05-26,1108,158.29,99359003,1425887360
China,2024-05-27,0,158.29,99359003,1425887360
China,2024-05-28,0,158.29,99359003,1425887360
China,2024-05-29,0,158.29,99359003,1425887360
China,2024-05-30,0,158.29,99359003,1425887360
China,2024-05-31,0,158.29,99359003,1425887360
China,2024-06-01,0,158.29,99359003,1425887360
China,2024-06-02,799,114.14,99359802,1425887360
China,2024-06-03,0,114.14,99359802,1425887360
China,2024-06-04,0,114.14,99359802,1425887360
China,2024-06-05,0,114.14,99359802,1425887360
China,2024-06-06,0,114.14,99359802,1425887360
China,2024-06-07,0,114.14,99359802,1425887360
China,2024-06-08,0,114.14,99359802,1425887360
China,2024-06-09,731,104.43,99360533,1425887360
China,2024-06-10,0,104.43,99360533,1425887360
China,2024-06-11,0,104.43,99360533,1425887360
China,2024-06-12,0,104.43,99360533,1425887360
China,2024-06-13,0,104.43,99360533,1425887360
China,2024-06-14,0,104.43,99360533,1425887360
China,2024-06-15,0,104.43,99360533,1425887360
China,2024-06-16,805,115.0,99361338,1425887360
China,2024-06-17,0,115.0,99361338,1425887360
China,2024-06-18,0,115.0,99361338,1425887360
China,2024-06-19,0,115.0,99361338,1425887360
China,2024-06-20,0,115.0,99361338,1425887360
China,2024-06-21,0,115.0,99361338,1425887360
China,2024-06-22,0,115.0,99361338,1425887360
China,2024-06-23,910,130.0,99362248,1425887360
China,2024-06-24,0,130.0,99362248,1425887360
China,2024-06-25,0,130.0,99362248,1425887360
China,2024-06-26,0,130.0,99362248,1425887360
China,2024-06-27,0,130.0,99362248,1425887360
China,2024-06-28,0,130.0,99362248,1425887360
China,2024-06-29,0,130.0,99362248,1425887360
China,2024-06-30,1243,177.57,99363491,1425887360
China,2024-07-01,0,177.57,99363491,1425887360
China,2024-07-02,0,177.57,99363491,1425887360
China,2024-07-03,0,177.57,99363491,1425887360
China,2024-07-04,0,177.57,99363491,1425887360
China,2024-07-05,0,177.57,99363491,1425887360
China,2024-07-06,0,177.57,99363491,1425887360
China,2024-07-07,1671,238.71,99365162,1425887360
China,2024-07-08,0,238.71,99365162,1425887360
China,2024-07-09,0,238.71,99365162,1425887360
China,2024-07-10,0,238.71,99365162,1425887360
China,2024-07-11,0,238.71,99365162,1425887360
China,2024-07-12,0,238.71,99365162,1425887360
China,2024-07-13,0,238.71,99365162,1425887360
China,2024-07-14,1879,268.43,99367041,1425887360
China,2024-07-15,0,268.43,99367041,1425887360
China,2024-07-16,0,268.43,99367041,1425887360
China,2024-07-17,0,268.43,99367041,1425887360
China,2024-07-18,0,268.43,99367041,1425887360
China,2024-07-19,0,268.43,99367041,1425887360
China,2024-07-20,0,268.43,99367041,1425887360
China,2024-07-21,1988,284.0,99369029,1425887360
China,2024-07-22,0,284.0,99369029,1425887360
China,2024-07-23,0,284.0,99369029,1425887360
China,2024-07-24,0,284.0,99369029,1425887360
China,2024-07-25,0,284.0,99369029,1425887360
China,2024-07-26,0,284.0,99369029,1425887360
China,2024-07-27,0,284.0,99369029,1425887360
China,2024-07-28,2103,300.43,99371132,1425887360
China,2024-07-29,0,300.43,99371132,1425887360
China,2024-07-30,0,300.43,99371132,1425887360
China,2024-07-31,0,300.43,99371132,1425887360
China,2024-08-01,0,300.43,99371132,1425887360
China,2024-08-02,0,300.43,99371132,1425887360
China,2024-08-03,0,300.43,99371132,1425887360
China,2024-08-04,2087,298.14,99373219,1425887360
Germany,2020-01-05,1,,1,83369840
Germany,2020-01-06,0,,1,83369840
Germany,2020-01-07,0,,1,83369840
Germany,2020-01-08,0,,1,83369840
Germany,2020-01-09,0,,1,83369840
Germany,2020-01-10,0,0.14,1,83369840
Germany,2020-01-11,0,0.14,1,83369840
Germany,2020-01-12,0,0.0,1,83369840
Germany,2020-01-13,0,0.0,1,83369840
Germany,2020-01-14,0,0.0,1,83369840
Germany,2020-01-15,0,0.0,1,83369840
Germany,2020-01-16,0,0.0,1,83369840
Germany,2020-01-17,0,0.0,1,83369840
Germany,2020-01-18,0,0.0,1,83369840
Germany,2020-01-19,0,0.0,1,83369840
Germany,2020-01-20,0,0.0,1,83369840
Germany,2020-01-21,0,0.0,1,83369840
Germany,2020-01-22,0,0.0,1,83369840
Germany,2020-01-23,0,0.0,1,83369840
Germany,2020-01-24,0,0.0,1,83369840
Germany,2020-01-25,0,0.0,1,83369840
Germany,2020-01-26,1,0.14,2,83369840
Germany,2020-01-27,0,0.14,2,83369840
Germany,2020-01-28,0,0.14,2,83369840
Germany,2020-01-29,0,0.14,2,83369840
Germany,2020-01-30,0,0.14,2,83369840
Germany,2020-01-31,0,0.14,2,83369840
Germany,2020-02-01,0,0.14,2,83369840
Germany,2020-02-02,9,1.29,11,83369840
Germany,2020-02-03,0,1.29,11,83369840
Germany,2020-02-04,0,1.29,11,83369840
Germany,2020-02-05,0,1.29,11,83369840
Germany,2020-02-06,0,1.29,11,83369840
Germany,2020-02-07,0,1.29,11,83369840
Germany,2020-02-08,0,1.29,11,83369840
Germany,2020-02-09,9,1.29,20,83369840
Germany,2020-02-10,0,1.29,20,83369840
Germany,2020-02-11,0,1.29,20,83369840
Germany,2020-02-12,0,1.29,20,83369840
Germany,2020-02-13,0,1.29,20,83369840
Germany,2020-02-14,0,1.29,20,83369840
Germany,2020-02-15,0,1.29,20,83369840
Germany,2020-02-16,5,0.71,25,83369840
Germany,2020-02-17,0,0.71,25,83369840
Germany,2020-02-18,0,0.71,25,83369840
Germany,2020-02-19,0,0.71,25,83369840
Germany,2020-02-20,0,0.71,25,83369840
Germany,2020-02-21,0,0.71,25,83369840
Germany,2020-02-22,0,0.71,25,83369840
Germany,2020-02-23,6,0.86,31,83369840
Germany,2020-02-24,0,0.86,31,83369840
Germany,2020-02-25,0,0.86,31,83369840
Germany,2020-02-26,0,0.86,31,83369840
Germany,2020-02-27,0,0.86,31,83369840
Germany,2020-02-28,0,0.86,31,83369840
Germany,2020-02-29,0,0.86,31,83369840
Germany,2020-03-01,139,19.86,170,83369840
Germany,2020-03-02,0,19.86,170,83369840
Germany,2020-03-03,0,19.86,170,83369840
Germany,2020-03-04,0,19.86,170,83369840
Germany,2020-03-05,0,19.86,170,83369840
Germany,2020-03-06,0,19.86,170,83369840
Germany,2020-03-07,0,19.86,170,83369840
Germany,2020-03-08,905,129.29,1075,83369840
Germany,2020-03-09,0,129.29,1075,83369840
Germany,2020-03-10,0,129.29,1075,83369840
Germany,2020-03-11,0,129.29,1075,83369840
Germany,2020-03-12,0,129.29,1075,83369840
Germany,2020-03-13,0,129.29,1075,83369840
Germany,2020-03-14,0,129.29,1075,83369840
Germany,2020-03-15,6441,920.14,7516,83369840
Germany,2020-03-16,0,920.14,7516,83369840
Germany,2020-03-17,0,920.14,7516,83369840
Germany,2020-03-18,0,920.14,7516,83369840
Germany,2020-03-19,0,920.14,7516,83369840
Germany,2020-03-20,0,920.14,7516,83369840
Germany,2020-03-21,0,920.14,7516,83369840
Germany,2020-03-22,22407,3201.0,29923,83369840
Germany,2020-03-23,0,3201.0,29923,83369840
Germany,2020-03-24,0,3201.0,29923,83369840
Germany,2020-03-25,0,3201.0,29923,83369840
Germany,2020-03-26,0,3201.0,29923,83369840
Germany,2020-03-27,0,3201.0,29923,83369840
Germany,2020-03-28,0,3201.0,29923,83369840
Germany,2020-03-29,33981,4854.43,63904,83369840
Germany,2020-03-30,0,4854.43,63904,83369840
Germany,2020-03-31,0,4854.43,63904,83369840
Germany,2020-04-01,0,4854.43,63904,83369840
Germany,2020-04-02,0,4854.43,63904,83369840
Germany,2020-04-03,0,4854.43,63904,83369840
Germany,2020-04-04,0,4854.43,63904,83369840
Germany,2020-04-05,36067,5152.43,99971,83369840
Germany,2020-04-06,0,5152.43,99971,83369840
Germany,2020-04-07,0,5152.43,99971,83369840
Germany,2020-04-08,0,5152.43,99971,83369840
Germany,2020-04-09,0,5152.43,99971,83369840
Germany,2020-04-10,0,5152.43,99971,83369840
Germany,2020-04-11,0,5152.43,99971,83369840
Germany,2020-04-12,27145,3877.86,127116,83369840
Germany,2020-04-13,0,3877.86,127116,83369840
Germany,2020-04-14,0,3877.86,127116,83369840
Germany,2020-04-15,0,3877.86,127116,83369840
Germany,2020-04-16,0,3877.86,127116,83369840
Germany,2020-04-17,0,3877.86,127116,83369840
Germany,2020-04-18,0,3877.86,127116,83369840
Germany,2020-04-19,17345,2477.86,144461,83369840
Germany,2020-04-20,0,2477.86,144461,83369840
Germany,2020-04-21,0,2477.86,144461,83369840
Germany,2020-04-22,0,2477.86,144461,83369840
Germany,2020-04-23,0,2477.86,144461,83369840
Germany,2020-04-24,0,2477.86,144461,83369840
Germany,2020-04-25,0,2477.86,144461,83369840
Germany,2020-04-26,12351,1764.43,156812,83369840
Germany,2020-04-27,0,1764.43,156812,83369840
Germany,2020-04-28,0,1764.43,156812,83369840
Germany,2020-04-29,0,1764.43,156812,83369840
Germany,2020-04-30,0,1764.43,156812,83369840
Germany,2020-05-01,0,1764.43,156812,83369840
Germany,2020-05-02,0,1764.43,156812,83369840
Germany,2020-05-03,7442,1063.14,164254,83369840
Germany,2020-05-04,0,1063.14,164254,83369840
Germany,2020-05-05,0,1063.14,164254,83369840
Germany,2020-05-06,0,1063.14,164254,83369840
Germany,2020-05-07,0,1063.14,164254,83369840
Germany,2020-05-08,0,1063.14,164254,83369840
Germany,2020-05-09,0,1063.14,164254,83369840
Germany,2020-05-10,6243,891.86,170497,83369840
Germany,2020-05-11,0,891.86,170497,83369840
Germany,2020-05-12,0,891.86,170497,83369840
Germany,2020-05-13,0,891.86,170497,83369840
Germany,2020-05-14,0,891.86,170497,83369840
Germany,2020-05-15,0,891.86,170497,83369840
Germany,2020-05-16,0,891.86,170497,83369840
Germany,2020-05-17,4775,682.14,175272,83369840
Germany,2020-05-18,0,682.14,175272,83369840
Germany,2020-05-19,0,682.14,175272,83369840
Germany,2020-05-20,0,682.14,175272,83369840
Germany,2020-05-21,0,682.14,175272,83369840
Germany,2020-05-22,0,682.14,175272,83369840
Germany,2020-05-23,0,682.14,175272,83369840
Germany,2020-05-24,3604,514.86,178876,83369840
Germany,2020-05-25,0,514.86,178876,83369840
Germany,2020-05-26,0,514.86,178876,83369840
Germany,2020-05-27,0,514.86,178876,83369840
Germany,2020-05-28,0,514.86,178876,83369840
Germany,2020-05-29,0,514.86,178876,83369840
Germany,2020-05-30,0,514.86,178876,83369840
Germany,2020-05-31,3206,458.0,182082,83369840
Germany,2020-06-01,0,458.0,182082,83369840
Germany,2020-06-02,0,458.0,182082,83369840
Germany,2020-06-03,0,458.0,182082,83369840
Germany,2020-06-04,0,458.0,182082,83369840
Germany,2020-06-05,0,458.0,182082,83369840
Germany,2020-06-06,0,458.0,182082,83369840
Germany,2020-06-07,2354,336.29,184436,83369840
Germany,2020-06-08,0,336.29,184436,83369840
Germany,2020-06-09,0,336.29,184436,83369840
Germany,2020-06-10,0,336.29,184436,83369840
Germany,2020-06-11,0,336.29,184436,83369840
Germany,2020-06-12,0,336.29,184436,83369840
Germany,2020-06-13,0,336.29,184436,83369840
Germany,2020-06-14,2348,335.43,186784,83369840
Germany,2020-06-15,0,335.43,186784,83369840
Germany,2020-06-16,0,335.43,186784,83369840
Germany,2020-06-17,0,335.43,186784,83369840
Germany,2020-06-18,0,335.43,186784,83369840
Germany,2020-06-19,0,335.43,186784,83369840
Germany,2020-06-20,0,335.43,186784,83369840
Germany,2020-06-21,4192,598.86,190976,83369840
Germany,2020-06-22,0,598.86,190976,83369840
Germany,2020-06-23,0,598.86,190976,83369840
Germany,2020-06-24,0,598.86,190976,83369840
Germany,2020-06-25,0,598.86,190976,83369840
Germany,2020-06-26,0,598.86,190976,83369840
Germany,2020-06-27,0,598.86,190976,83369840
Germany,2020-06-28,3167,452.43,194143,83369840
Germany,2020-06-29,0,452.43,194143,83369840
Germany,2020-06-30,0,452.43,194143,83369840
Germany,2020-07-01,0,452.43,194143,83369840
Germany,2020-07-02,0,452.43,194143,83369840
Germany,2020-07-03,0,452.43,194143,83369840
Germany,2020-07-04,0,452.43,194143,83369840
Germany,2020-07-05,2691,384.43,196834,83369840
Germany,2020-07-06,0,384.43,196834,83369840
Germany,2020-07-07,0,384.43,196834,83369840
Germany,2020-07-08,0,384.43,196834,83369840
Germany,2020-07-09,0,384.43,196834,83369840
Germany,2020-07-10,0,384.43,196834,83369840
Germany,2020-07-11,0,384.43,196834,83369840
Germany,2020-07-12,2429,347.0,199263,83369840
Germany,2020-07-13,0,347.0,199263,83369840
Germany,2020-07-14,0,347.0,199263,83369840
Germany,2020-07-15,0,347.0,199263,83369840
Germany,2020-07-16,0,347.0,199263,83369840
Germany,2020-07-17,0,347.0,199263,83369840
Germany,2020-07-18,0,347.0,199263,83369840
Germany,2020-07-19,3044,434.86,202307,83369840
Germany,2020-07-20,0,434.86,202307,83369840
Germany,2020-07-21,0,434.86,202307,83369840
Germany,2020-07-22,0,434.86,202307,83369840
Germany,2020-07-23,0,434.86,202307,83369840
Germany,2020-07-24,0,434.86,202307,83369840
Germany,2020-07-25,0,434.86,202307,83369840
Germany,2020-07-26,3936,562.29,206243,83369840
Germany,2020-07-27,0,562.29,206243,83369840
Germany,2020-07-28,0,562.29,206243,83369840
Germany,2020-07-29,0,562.29,206243,83369840
Germany,2020-07-30,0,562.29,206243,83369840
Germany,2020-07-31,0,562.29,206243,83369840
Germany,2020-08-01,0,562.29,206243,83369840
Germany,2020-08-02,4843,691.86,211086,83369840
Germany,2020-08-03,0,691.86,211086,83369840
Germany,2020-08-04,0,691.86,211086,83369840
Germany,2020-08-05,0,691.86,211086,83369840
Germany,2020-08-06,0,691.86,211086,83369840
Germany,2020-08-07,0,691.86,211086,83369840
Germany,2020-08-08,0,691.86,211086,83369840
Germany,2020-08-09,6067,866.71,217153,83369840
Germany,2020-08-10,0,866.71,217153,83369840
Germany,2020-08-11,0,866.71,217153,83369840
Germany,2020-08-12,0,866.71,217153,83369840
Germany,2020-08-13,0,866.71,217153,83369840
Germany,2020-08-14,0,866.71,217153,83369840
Germany,2020-08-15,0,866.71,217153,83369840
Germany,2020-08-16,7971,1138.71,225124,83369840
Germany,2020-08-17,0,1138.71,225124,83369840
Germany,2020-08-18,0,1138.71,225124,83369840
Germany,2020-08-19,0,1138.71,225124,83369840
Germany,2020-08-20,0,1138.71,225124,83369840
Germany,2020-08-21,0,1138.71,225124,83369840
Germany,2020-08-22,0,1138.71,225124,83369840
Germany,2020-08-23,9580,1368.57,234704,83369840
Germany,2020-08-24,0,1368.57,234704,83369840
Germany,2020-08-25,0,1368.57,234704,83369840
Germany,2020-08-26,0,1368.57,234704,83369840
Germany,2020-08-27,0,1368.57,234704,83369840
Germany,2020-08-28,0,1368.57,234704,83369840
Germany,2020-08-29,0,1368.57,234704,83369840
Germany,2020-08-30,8844,1263.43,243548,83369840
Germany,2020-08-31,0,1263.43,243548,83369840
Germany,2020-09-01,0,1263.43,243548,83369840
Germany,2020-09-02,0,1263.43,243548,83369840
Germany,2020-09-03,0,1263.43,243548,83369840
Germany,2020-09-04,0,1263.43,243548,83369840
Germany,2020-09-05,0,1263.43,243548,83369840
Germany,2020-09-06,8609,1229.86,252157,83369840
Germany,2020-09-07,0,1229.86,252157,83369840
Germany,2020-09-08,0,1229.86,252157,83369840
Germany,2020-09-09,0,1229.86,252157,83369840
Germany,2020-09-10,0,1229.86,252157,83369840
Germany,2020-09-11,0,1229.86,252157,83369840
Germany,2020-09-12,0,1229.86,252157,83369840
Germany,2020-09-13,9785,1397.86,261942,83369840
Germany,2020-09-14,0,1397.86,261942,83369840
Germany,2020-09-15,0,1397.86,261942,83369840
Germany,2020-09-16,0,1397.86,261942,83369840
Germany,2020-09-17,0,1397.86,261942,83369840
Germany,2020-09-18,0,1397.86,261942,83369840
Germany,2020-09-19,0,1397.86,261942,83369840
Germany,2020-09-20,12285,1755.0,274227,83369840
Germany,2020-09-21,0,1755.0,274227,83369840
Germany,2020-09-22,0,1755.0,274227,83369840
Germany,2020-09-23,0,1755.0,274227,83369840
Germany,2020-09-24,0,1755.0,274227,83369840
Germany,2020-09-25,0,1755.0,274227,83369840
Germany,2020-09-26,0,1755.0,274227,83369840
Germany,2020-09-27,13064,1866.29,287291,83369840
Germany,2020-09-28,0,1866.29,287291,83369840
Germany,2020-09-29,0,1866.29,287291,83369840
Germany,2020-09-30,0,1866.29,287291,83369840
Germany,2020-10-01,0,1866.29,287291,83369840
Germany,2020-10-02,0,1866.29,287291,83369840
Germany,2020-10-03,0,1866.29,287291,83369840
Germany,2020-10-04,15946,2278.0,303237,83369840
Germany,2020-10-05,0,2278.0,303237,83369840
Germany,2020-10-06,0,2278.0,303237,83369840
Germany,2020-10-07,0,2278.0,303237,83369840
Germany,2020-10-08,0,2278.0,303237,83369840
Germany,2020-10-09,0,2278.0,303237,83369840
Germany,2020-10-10,0,2278.0,303237,83369840
Germany,2020-10-11,26145,3735.0,329382,83369840
Germany,2020-10-12,0,3735.0,329382,83369840
Germany,2020-10-13,0,3735.0,329382,83369840
Germany,2020-10-14,0,3735.0,329382,83369840
Germany,2020-10-15,0,3735.0,329382,83369840
Germany,2020-10-16,0,3735.0,329382,83369840
Germany,2020-10-17,0,3735.0,329382,83369840
Germany,2020-10-18,42031,6004.43,371413,83369840
Germany,2020-10-19,0,6004.43,371413,83369840
Germany,2020-10-20,0,6004.43,371413,83369840
Germany,2020-10-21,0,6004.43,371413,83369840
Germany,2020-10-22,0,6004.43,371413,83369840
Germany,2020-10-23,0,6004.43,371413,83369840
Germany,2020-10-24,0,6004.43,371413,83369840
Germany,2020-10-25,74792,10684.57,446205,83369840
Germany,2020-10-26,0,10684.57,446205,83369840
Germany,2020-10-27,0,10684.57,446205,83369840
Germany,2020-10-28,0,10684.57,446205,83369840
Germany,2020-10-29,0,10684.57,446205,83369840
Germany,2020-10-30,0,10684.57,446205,83369840
Germany,2020-10-31,0,10684.57,446205,83369840
Germany,2020-11-01,111009,15858.43,557214,83369840
Germany,2020-11-02,0,15858.43,557214,83369840
Germany,2020-11-03,0,15858.43,557214,83369840
Germany,2020-11-04,0,15858.43,557214,83369840
Germany,2020-11-05,0,15858.43,557214,83369840
Germany,2020-11-06,0,15858.43,557214,83369840
Germany,2020-11-07,0,15858.43,557214,83369840
Germany,2020-11-08,125692,17956.0,682906,83369840
Germany,2020-11-09,0,17956.0,682906,83369840
Germany,2020-11-10,0,17956.0,682906,83369840
Germany,2020-11-11,0,17956.0,682906,83369840
Germany,2020-11-12,0,17956.0,682906,83369840
Germany,2020-11-13,0,17956.0,682906,83369840
Germany,2020-11-14,0,17956.0,682906,83369840
Germany,2020-11-15,127862,18266.0,810768,83369840
Germany,2020-11-16,0,18266.0,810768,83369840
Germany,2020-11-17,0,18266.0,810768,83369840
Germany,2020-11-18,0,18266.0,810768,83369840
Germany,2020-11-19,0,18266.0,810768,83369840
Germany,2020-11-20,0,18266.0,810768,83369840
Germany,2020-11-21,0,18266.0,810768,83369840
Germany,2020-11-22,128400,18342.86,939168,83369840
Germany,2020-11-23,0,18342.86,939168,83369840
Germany,2020-11-24,0,18342.86,939168,83369840
Germany,2020-11-25,0,18342.86,939168,83369840
Germany,2020-11-26,0,18342.86,939168,83369840
Germany,2020-11-27,0,18342.86,939168,83369840
Germany,2020-11-28,0,18342.86,939168,83369840
Germany,2020-11-29,123122,17588.86,1062290,83369840
Germany,2020-11-30,0,17588.86,1062290,83369840
Germany,2020-12-01,0,17588.86,1062290,83369840
Germany,2020-12-02,0,17588.86,1062290,83369840
Germany,2020-12-03,0,17588.86,1062290,83369840
Germany,2020-12-04,0,17588.86,1062290,83369840
Germany,2020-12-05,0,17588.86,1062290,83369840
Germany,2020-12-06,128258,18322.57,1190548,83369840
Germany,2020-12-07,0,18322.57,1190548,83369840
Germany,2020-12-08,0,18322.57,1190548,83369840
Germany,2020-12-09,0,18322.57,1190548,83369840
Germany,2020-12-10,0,18322.57,1190548,83369840
Germany,2020-12-11,0,18322.57,1190548,83369840
Germany,2020-12-12,0,18322.57,1190548,83369840
Germany,2020-12-13,156213,22316.14,1346761,83369840
Germany,2020-12-14,0,22316.14,1346761,83369840
Germany,2020-12-15,0,22316.14,1346761,83369840
Germany,2020-12-16,0,22316.14,1346761,83369840
Germany,2020-12-17,0,22316.14,1346761,83369840
Germany,2020-12-18,0,22316.14,1346761,83369840
Germany,2020-12-19,0,22316.14,1346761,83369840
Germany,2020-12-20,174589,24941.29,1521350,83369840
Germany,2020-12-21,0,24941.29,1521350,83369840
Germany,2020-12-22,0,24941.29,1521350,83369840
Germany,2020-12-23,0,24941.29,1521350,83369840
Germany,2020-12-24,0,24941.29,1521350,83369840
Germany,2020-12-25,0,24941.29,1521350,83369840
Germany,2020-12-26,0,24941.29,1521350,83369840
Germany,2020-12-27,138828,19832.57,1660178,83369840
Germany,2020-12-28,0,19832.57,1660178,83369840
Germany,2020-12-29,0,19832.57,1660178,83369840
Germany,2020-12-30,0,19832.57,1660178,83369840
Germany,2020-12-31,0,19832.57,1660178,83369840
Germany,2021-01-01,0,19832.57,1660178,83369840
Germany,2021-01-02,0,19832.57,1660178,83369840
Germany,2021-01-03,122953,17564.71,1783131,83369840
Germany,2021-01-04,0,17564.71,1783131,83369840
Germany,2021-01-05,0,17564.71,1783131,83369840
Germany,2021-01-06,0,17564.71,1783131,83369840
Germany,2021-01-07,0,17564.71,1783131,83369840
Germany,2021-01-08,0,17564.71,1783131,83369840
Germany,2021-01-09,0,17564.71,1783131,83369840
Germany,2021-01-10,145505,20786.43,1928636,83369840
Germany,2021-01-11,0,20786.43,1928636,83369840
Germany,2021-01-12,0,20786.43,1928636,83369840
Germany,2021-01-13,0,20786.43,1928636,83369840
Germany,2021-01-14,0,20786.43,1928636,83369840
Germany,2021-01-15,0,20786.43,1928636,83369840
Germany,2021-01-16,0,20786.43,1928636,83369840
Germany,2021-01-17,118929,16989.86,2047565,83369840
Germany,2021-01-18,0,16989.86,2047565,83369840
Germany,2021-01-19,0,16989.86,2047565,83369840
Germany,2021-01-20,0,16989.86,2047565,83369840
Germany,2021-01-21,0,16989.86,2047565,83369840
Germany,2021-01-22,0,16989.86,2047565,83369840
Germany,2021-01-23,0,16989.86,2047565,83369840
Germany,2021-01-24,95553,13650.43,2143118,83369840
Germany,2021-01-25,0,13650.43,2143118,83369840
Germany,2021-01-26,0,13650.43,2143118,83369840
Germany,2021-01-27,0,13650.43,2143118,83369840
Germany,2021-01-28,0,13650.43,2143118,83369840
Germany,2021-01-29,0,13650.43,2143118,83369840
Germany,2021-01-30,0,13650.43,2143118,83369840
Germany,2021-01-31,78172,11167.43,2221290,83369840
Germany,2021-02-01,0,11167.43,2221290,83369840
Germany,2021-02-02,0,11167.43,2221290,83369840
Germany,2021-02-03,0,11167.43,2221290,83369840
Germany,2021-02-04,0,11167.43,2221290,83369840
Germany,2021-02-05,0,11167.43,2221290,83369840
Germany,2021-02-06,0,11167.43,2221290,83369840
Germany,2021-02-07,64596,9228.0,2285886,83369840
Germany,2021-02-08,0,9228.0,2285886,83369840
Germany,2021-02-09,0,9228.0,2285886,83369840
Germany,2021-02-10,0,9228.0,2285886,83369840
Germany,2021-02-11,0,9228.0,2285886,83369840
Germany,2021-02-12,0,9228.0,2285886,83369840
Germany,2021-02-13,0,9228.0,2285886,83369840
Germany,2021-02-14,50827,7261.0,2336713,83369840
Germany,2021-02-15,0,7261.0,2336713,83369840
Germany,2021-02-16,0,7261.0,2336713,83369840
Germany,2021-02-17,0,7261.0,2336713,83369840
Germany,2021-02-18,0,7261.0,2336713,83369840
Germany,2021-02-19,0,7261.0,2336713,83369840
Germany,2021-02-20,0,7261.0,2336713,83369840
Germany,2021-02-21,52329,7475.57,2389042,83369840
Germany,2021-02-22,0,7475.57,2389042,83369840
Germany,2021-02-23,0,7475.57,2389042,83369840
Germany,2021-02-24,0,7475.57,2389042,83369840
Germany,2021-02-25,0,7475.57,2389042,83369840
Germany,2021-02-26,0,7475.57,2389042,83369840
Germany,2021-02-27,0,7475.57,2389042,83369840
Germany,2021-02-28,56356,8050.86,2445398,83369840
Germany,2021-03-01,0,8050.86,2445398,83369840
Germany,2021-03-02,0,8050.86,2445398,83369840
Germany,2021-03-03,0,8050.86,2445398,83369840
Germany,2021-03-04,0,8050.86,2445398,83369840
Germany,2021-03-05,0,8050.86,2445398,83369840
Germany,2021-03-06,0,8050.86,2445398,83369840
Germany,2021-03-07,58425,8346.43,2503823,83369840
Germany,2021-03-08,0,8346.43,2503823,83369840
Germany,2021-03-09,0,8346.43,2503823,83369840
Germany,2021-03-10,0,8346.43,2503823,83369840
Germany,2021-03-11,0,8346.43,2503823,83369840
Germany,2021-03-12,0,8346.43,2503823,83369840
Germany,2021-03-13,0,8346.43,2503823,83369840
Germany,2021-03-14,71391,10198.71,2575214,83369840
Germany,2021-03-15,0,10198.71,2575214,83369840
Germany,2021-03-16,0,10198.71,2575214,83369840
Germany,2021-03-17,0,10198.71,2575214,83369840
Germany,2021-03-18,0,10198.71,2575214,83369840
Germany,2021-03-19,0,10198.71,2575214,83369840
Germany,2021-03-20,0,10198.71,2575214,83369840
Germany,2021-03-21,92610,13230.0,2667824,83369840
Germany,2021-03-22,0,13230.0,2667824,83369840
Germany,2021-03-23,0,13230.0,2667824,83369840
Germany,2021-03-24,0,13230.0,2667824,83369840
Germany,2021-03-25,0,13230.0,2667824,83369840
Germany,2021-03-26,0,13230.0,2667824,83369840
Germany,2021-03-27,0,13230.0,2667824,83369840
Germany,2021-03-28,116309,16615.57,2784133,83369840
Germany,2021-03-29,0,16615.57,2784133,83369840
Germany,2021-03-30,0,16615.57,2784133,83369840
Germany,2021-03-31,0,16615.57,2784133,83369840
Germany,2021-04-01,0,16615.57,2784133,83369840
Germany,2021-04-02,0,16615.57,2784133,83369840
Germany,2021-04-03,0,16615.57,2784133,83369840
Germany,2021-04-04,110007,15715.29,2894140,83369840
Germany,2021-04-05,0,15715.29,2894140,83369840
Germany,2021-04-06,0,15715.29,2894140,83369840
Germany,2021-04-07,0,15715.29,2894140,83369840
Germany,2021-04-08,0,15715.29,2894140,83369840
Germany,2021-04-09,0,15715.29,2894140,83369840
Germany,2021-04-10,0,15715.29,2894140,83369840
Germany,2021-04-11,118188,16884.0,3012328,83369840
Germany,2021-04-12,0,16884.0,3012328,83369840
Germany,2021-04-13,0,16884.0,3012328,83369840
Germany,2021-04-14,0,16884.0,3012328,83369840
Germany,2021-04-15,0,16884.0,3012328,83369840
Germany,2021-04-16,0,16884.0,3012328,83369840
Germany,2021-04-17,0,16884.0,3012328,83369840
Germany,2021-04-18,142021,20288.71,3154349,83369840
Germany,2021-04-19,0,20288.71,3154349,83369840
Germany,2021-04-20,0,20288.71,3154349,83369840
Germany,2021-04-21,0,20288.71,3154349,83369840
Germany,2021-04-22,0,20288.71,3154349,83369840
Germany,2021-04-23,0,20288.71,3154349,83369840
Germany,2021-04-24,0,20288.71,3154349,83369840
Germany,2021-04-25,144678,20668.29,3299027,83369840
Germany,2021-04-26,0,20668.29,3299027,83369840
Germany,2021-04-27,0,20668.29,3299027,83369840
Germany,2021-04-28,0,20668.29,3299027,83369840
Germany,2021-04-29,0,20668.29,3299027,83369840
Germany,2021-04-30,0,20668.29,3299027,83369840
Germany,2021-05-01,0,20668.29,3299027,83369840
Germany,2021-05-02,124684,17812.0,3423711,83369840
Germany,2021-05-03,0,17812.0,3423711,83369840
Germany,2021-05-04,0,17812.0,3423711,83369840
Germany,2021-05-05,0,17812.0,3423711,83369840
Germany,2021-05-06,0,17812.0,3423711,83369840
Germany,2021-05-07,0,17812.0,3423711,83369840
Germany,2021-05-08,0,17812.0,3423711,83369840
Germany,2021-05-09,100847,14406.71,3524558,83369840
Germany,2021-05-10,0,14406.71,3524558,83369840
Germany,2021-05-11,0,14406.71,3524558,83369840
Germany,2021-05-12,0,14406.71,3524558,83369840
Germany,2021-05-13,0,14406.71,3524558,83369840
Germany,2021-05-14,0,14406.71,3524558,83369840
Germany,2021-05-15,0,14406.71,3524558,83369840
Germany,2021-05-16,70746,10106.57,3595304,83369840
Germany,2021-05-17,0,10106.57,3595304,83369840
Germany,2021-05-18,0,10106.57,3595304,83369840
Germany,2021-05-19,0,10106.57,3595304,83369840
Germany,2021-05-20,0,10106.57,3595304,83369840
Germany,2021-05-21,0,10106.57,3595304,83369840
Germany,2021-05-22,0,10106.57,3595304,83369840
Germany,2021-05-23,52670,7524.29,3647974,83369840
Germany,2021-05-24,0,7524.29,3647974,83369840
Germany,2021-05-25,0,7524.29,3647974,83369840
Germany,2021-05-26,0,7524.29,3647974,83369840
Germany,2021-05-27,0,7524.29,3647974,83369840
Germany,2021-05-28,0,7524.29,3647974,83369840
Germany,2021-05-29,0,7524.29,3647974,83369840
Germany,2021-05-30,29867,4266.71,3677841,83369840
Germany,2021-05-31,0,4266.71,3677841,83369840
Germany,2021-06-01,0,4266.71,3677841,83369840
Germany,2021-06-02,0,4266.71,3677841,83369840
Germany,2021-06-03,0,4266.71,3677841,83369840
Germany,2021-06-04,0,4266.71,3677841,83369840
Germany,2021-06-05,0,4266.71,3677841,83369840
Germany,2021-06-06,20680,2954.29,3698521,83369840
Germany,2021-06-07,0,2954.29,3698521,83369840
Germany,2021-06-08,0,2954.29,3698521,83369840
Germany,2021-06-09,0,2954.29,3698521,83369840
Germany,2021-06-10,0,2954.29,3698521,83369840
Germany,2021-06-11,0,2954.29,3698521,83369840
Germany,2021-06-12,0,2954.29,3698521,83369840
Germany,2021-06-13,14062,2008.86,3712583,83369840
Germany,2021-06-14,0,2008.86,3712583,83369840
Germany,2021-06-15,0,2008.86,3712583,83369840
Germany,2021-06-16,0,2008.86,3712583,83369840
Germany,2021-06-17,0,2008.86,3712583,83369840
Germany,2021-06-18,0,2008.86,3712583,83369840
Germany,2021-06-19,0,2008.86,3712583,83369840
Germany,2021-06-20,7285,1040.71,3719868,83369840
Germany,2021-06-21,0,1040.71,3719868,83369840
Germany,2021-06-22,0,1040.71,3719868,83369840
Germany,2021-06-23,0,1040.71,3719868,83369840
Germany,2021-06-24,0,1040.71,3719868,83369840
Germany,2021-06-25,0,1040.71,3719868,83369840
Germany,2021-06-26,0,1040.71,3719868,83369840
Germany,2021-06-27,4859,694.14,3724727,83369840
Germany,2021-06-28,0,694.14,3724727,83369840
Germany,2021-06-29,0,694.14,3724727,83369840
Germany,2021-06-30,0,694.14,3724727,83369840
Germany,2021-07-01,0,694.14,3724727,83369840
Germany,2021-07-02,0,694.14,3724727,83369840
Germany,2021-07-03,0,694.14,3724727,83369840
Germany,2021-07-04,4388,626.86,3729115,83369840
Germany,2021-07-05,0,626.86,3729115,83369840
Germany,2021-07-06,0,626.86,3729115,83369840
Germany,2021-07-07,0,626.86,3729115,83369840
Germany,2021-07-08,0,626.86,3729115,83369840
Germany,2021-07-09,0,626.86,3729115,83369840
Germany,2021-07-10,0,626.86,3729115,83369840
Germany,2021-07-11,5597,799.57,3734712,83369840
Germany,2021-07-12,0,799.57,3734712,83369840
Germany,2021-07-13,0,799.57,3734712,83369840
Germany,2021-07-14,0,799.57,3734712,83369840
Germany,2021-07-15,0,799.57,3734712,83369840
Germany,2021-07-16,0,799.57,3734712,83369840
Germany,2021-07-17,0,799.57,3734712,83369840
Germany,2021-07-18,9113,1301.86,3743825,83369840
Germany,2021-07-19,0,1301.86,3743825,83369840
Germany,2021-07-20,0,1301.86,3743825,83369840
Germany,2021-07-21,0,1301.86,3743825,83369840
Germany,2021-07-22,0,1301.86,3743825,83369840
Germany,2021-07-23,0,1301.86,3743825,83369840
Germany,2021-07-24,0,1301.86,3743825,83369840
Germany,2021-07-25,12646,1806.57,3756471,83369840
Germany,2021-07-26,0,1806.57,3756471,83369840
Germany,2021-07-27,0,1806.57,3756471,83369840
Germany,2021-07-28,0,1806.57,3756471,83369840
Germany,2021-07-29,0,1806.57,3756471,83369840
Germany,2021-07-30,0,1806.57,3756471,83369840
Germany,2021-07-31,0,1806.57,3756471,83369840
Germany,2021-08-01,15522,2217.43,3771993,83369840
Germany,2021-08-02,0,2217.43,3771993,83369840
Germany,2021-08-03,0,2217.43,3771993,83369840
Germany,2021-08-04,0,2217.43,3771993,83369840
Germany,2021-08-05,0,2217.43,3771993,83369840
Germany,2021-08-06,0,2217.43,3771993,83369840
Germany,2021-08-07,0,2217.43,3771993,83369840
Germany,2021-08-08,20423,2917.57,3792416,83369840
Germany,2021-08-09,0,2917.57,3792416,83369840
Germany,2021-08-10,0,2917.57,3792416,83369840
Germany,2021-08-11,0,2917.57,3792416,83369840
Germany,2021-08-12,0,2917.57,3792416,83369840
Germany,2021-08-13,0,2917.57,3792416,83369840
Germany,2021-08-14,0,2917.57,3792416,83369840
Germany,2021-08-15,32077,4582.43,3824493,83369840
Germany,2021-08-16,0,4582.43,3824493,83369840
Germany,2021-08-17,0,4582.43,3824493,83369840
Germany,2021-08-18,0,4582.43,3824493,83369840
Germany,2021-08-19,0,4582.43,3824493,83369840
Germany,2021-08-20,0,4582.43,3824493,83369840
Germany,2021-08-21,0,4582.43,3824493,83369840
Germany,2021-08-22,49652,7093.14,3874145,83369840
Germany,2021-08-23,0,7093.14,3874145,83369840
Germany,2021-08-24,0,7093.14,3874145,83369840
Germany,2021-08-25,0,7093.14,3874145,83369840
Germany,2021-08-26,0,7093.14,3874145,83369840
Germany,2021-08-27,0,7093.14,3874145,83369840
Germany,2021-08-28,0,7093.14,3874145,83369840
Germany,2021-08-29,66371,9481.57,3940516,83369840
Germany,2021-08-30,0,9481.57,3940516,83369840
Germany,2021-08-31,0,9481.57,3940516,83369840
Germany,2021-09-01,0,9481.57,3940516,83369840
Germany,2021-09-02,0,9481.57,3940516,83369840
Germany,2021-09-03,0,9481.57,3940516,83369840
Germany,2021-09-04,0,9481.57,3940516,83369840
Germany,2021-09-05,74737,10676.71,4015253,83369840
Germany,2021-09-06,0,10676.71,4015253,83369840
Germany,2021-09-07,0,10676.71,4015253,83369840
Germany,2021-09-08,0,10676.71,4015253,83369840
Germany,2021-09-09,0,10676.71,4015253,83369840
Germany,2021-09-10,0,10676.71,4015253,83369840
Germany,2021-09-11,0,10676.71,4015253,83369840
Germany,2021-09-12,71656,10236.57,4086909,83369840
Germany,2021-09-13,0,10236.57,4086909,83369840
Germany,2021-09-14,0,10236.57,4086909,83369840
Germany,2021-09-15,0,10236.57,4086909,83369840
Germany,2021-09-16,0,10236.57,4086909,83369840
Germany,2021-09-17,0,10236.57,4086909,83369840
Germany,2021-09-18,0,10236.57,4086909,83369840
Germany,2021-09-19,61471,8781.57,4148380,83369840
Germany,2021-09-20,0,8781.57,4148380,83369840
Germany,2021-09-21,0,8781.57,4148380,83369840
Germany,2021-09-22,0,8781.57,4148380,83369840
Germany,2021-09-23,0,8781.57,4148380,83369840
Germany,2021-09-24,0,8781.57,4148380,83369840
Germany,2021-09-25,0,8781.57,4148380,83369840
Germany,2021-09-26,53623,7660.43,4202003,83369840
Germany,2021-09-27,0,7660.43,4202003,83369840
Germany,2021-09-28,0,7660.43,4202003,83369840
Germany,2021-09-29,0,7660.43,4202003,83369840
Germany,2021-09-30,0,7660.43,4202003,83369840
Germany,2021-10-01,0,7660.43,4202003,83369840
Germany,2021-10-02,0,7660.43,4202003,83369840
Germany,2021-10-03,56481,8068.71,4258484,83369840
Germany,2021-10-04,0,8068.71,4258484,83369840
Germany,2021-10-05,0,8068.71,4258484,83369840
Germany,2021-10-06,0,8068.71,4258484,83369840
Germany,2021-10-07,0,8068.71,4258484,83369840
Germany,2021-10-08,0,8068.71,4258484,83369840
Germany,2021-10-09,0,8068.71,4258484,83369840
Germany,2021-10-10,58025,8289.29,4316509,83369840
Germany,2021-10-11,0,8289.29,4316509,83369840
Germany,2021-10-12,0,8289.29,4316509,83369840
Germany,2021-10-13,0,8289.29,4316509,83369840
Germany,2021-10-14,0,8289.29,4316509,83369840
Germany,2021-10-15,0,8289.29,4316509,83369840
Germany,2021-10-16,0,8289.29,4316509,83369840
Germany,2021-10-17,65359,9337.0,4381868,83369840
Germany,2021-10-18,0,9337.0,4381868,83369840
Germany,2021-10-19,0,9337.0,4381868,83369840
Germany,2021-10-20,0,9337.0,4381868,83369840
Germany,2021-10-21,0,9337.0,4381868,83369840
Germany,2021-10-22,0,9337.0,4381868,83369840
Germany,2021-10-23,0,9337.0,4381868,83369840
Germany,2021-10-24,97723,13960.43,4479591,83369840
Germany,2021-10-25,0,13960.43,4479591,83369840
Germany,2021-10-26,0,13960.43,4479591,83369840
Germany,2021-10-27,0,13960.43,4479591,83369840
Germany,2021-10-28,0,13960.43,4479591,83369840
Germany,2021-10-29,0,13960.43,4479591,83369840
Germany,2021-10-30,0,13960.43,4479591,83369840
Germany,2021-10-31,137011,19573.0,4616602,83369840
Germany,2021-11-01,0,19573.0,4616602,83369840
Germany,2021-11-02,0,19573.0,4616602,83369840
Germany,2021-11-03,0,19573.0,4616602,83369840
Germany,2021-11-04,0,19573.0,4616602,83369840
Germany,2021-11-05,0,19573.0,4616602,83369840
Germany,2021-11-06,0,19573.0,4616602,83369840
Germany,2021-11-07,177868,25409.71,4794470,83369840
Germany,2021-11-08,0,25409.71,4794470,83369840
Germany,2021-11-09,0,25409.71,4794470,83369840
Germany,2021-11-10,0,25409.71,4794470,83369840
Germany,2021-11-11,0,25409.71,4794470,83369840
Germany,2021-11-12,0,25409.71,4794470,83369840
Germany,2021-11-13,0,25409.71,4794470,83369840
Germany,2021-11-14,271174,38739.14,5065644,83369840
Germany,2021-11-15,0,38739.14,5065644,83369840
Germany,2021-11-16,0,38739.14,5065644,83369840
Germany,2021-11-17,0,38739.14,5065644,83369840
Germany,2021-11-18,0,38739.14,5065644,83369840
Germany,2021-11-19,0,38739.14,5065644,83369840
Germany,2021-11-20,0,38739.14,5065644,83369840
Germany,2021-11-21,351654,50236.29,5417298,83369840
Germany,2021-11-22,0,50236.29,5417298,83369840
Germany,2021-11-23,0,50236.29,5417298,83369840
Germany,2021-11-24,0,50236.29,5417298,83369840
Germany,2021-11-25,0,50236.29,5417298,83369840
Germany,2021-11-26,0,50236.29,5417298,83369840
Germany,2021-11-27,0,50236.29,5417298,83369840
Germany,2021-11-28,403348,57621.14,5820646,83369840
Germany,2021-11-29,0,57621.14,5820646,83369840
Germany,2021-11-30,0,57621.14,5820646,83369840
Germany,2021-12-01,0,57621.14,5820646,83369840
Germany,2021-12-02,0,57621.14,5820646,83369840
Germany,2021-12-03,0,57621.14,5820646,83369840
Germany,2021-12-04,0,57621.14,5820646,83369840
Germany,2021-12-05,388054,55436.29,6208700,83369840
Germany,2021-12-06,0,55436.29,6208700,83369840
Germany,2021-12-07,0,55436.29,6208700,83369840
Germany,2021-12-08,0,55436.29,6208700,83369840
Germany,2021-12-09,0,55436.29,6208700,83369840
Germany,2021-12-10,0,55436.29,6208700,83369840
Germany,2021-12-11,0,55436.29,6208700,83369840
Germany,2021-12-12,338008,48286.86,6546708,83369840
Germany,2021-12-13,0,48286.86,6546708,83369840
Germany,2021-12-14,0,48286.86,6546708,83369840
Germany,2021-12-15,0,48286.86,6546708,83369840
Germany,2021-12-16,0,48286.86,6546708,83369840
Germany,2021-12-17,0,48286.86,6546708,83369840
Germany,2021-12-18,0,48286.86,6546708,83369840
Germany,2021-12-19,273503,39071.86,6820211,83369840
Germany,2021-12-20,0,39071.86,6820211,83369840
Germany,2021-12-21,0,39071.86,6820211,83369840
Germany,2021-12-22,0,39071.86,6820211,83369840
Germany,2021-12-23,0,39071.86,6820211,83369840
Germany,2021-12-24,0,39071.86,6820211,83369840
Germany,2021-12-25,0,39071.86,6820211,83369840
Germany,2021-12-26,193832,27690.29,7014043,83369840
Germany,2021-12-27,0,27690.29,7014043,83369840
Germany,2021-12-28,0,27690.29,7014043,83369840
Germany,2021-12-29,0,27690.29,7014043,83369840
Germany,2021-12-30,0,27690.29,7014043,83369840
Germany,2021-12-31,0,27690.29,7014043,83369840
Germany,2022-01-01,0,27690.29,7014043,83369840
Germany,2022-01-02,208696,29813.71,7222739,83369840
Germany,2022-01-03,0,29813.71,7222739,83369840
Germany,2022-01-04,0,29813.71,7222739,83369840
Germany,2022-01-05,0,29813.71,7222739,83369840
Germany,2022-01-06,0,29813.71,7222739,83369840
Germany,2022-01-07,0,29813.71,7222739,83369840
Germany,2022-01-08,0,29813.71,7222739,83369840
Germany,2022-01-09,337882,48268.86,7560621,83369840
Germany,2022-01-10,0,48268.86,7560621,83369840
Germany,2022-01-11,0,48268.86,7560621,83369840
Germany,2022-01-12,0,48268.86,7560621,83369840
Germany,2022-01-13,0,48268.86,7560621,83369840
Germany,2022-01-14,0,48268.86,7560621,83369840
Germany,2022-01-15,0,48268.86,7560621,83369840
Germany,2022-01-16,486124,69446.29,8046745,83369840
Germany,2022-01-17,0,69446.29,8046745,83369840
Germany,2022-01-18,0,69446.29,8046745,83369840
Germany,2022-01-19,0,69446.29,8046745,83369840
Germany,2022-01-20,0,69446.29,8046745,83369840
Germany,2022-01-21,0,69446.29,8046745,83369840
Germany,2022-01-22,0,69446.29,8046745,83369840
Germany,2022-01-23,796815,113830.71,8843560,83369840
Germany,2022-01-24,0,113830.71,8843560,83369840
Germany,2022-01-25,0,113830.71,8843560,83369840
Germany,2022-01-26,0,113830.71,8843560,83369840
Germany,2022-01-27,0,113830.71,8843560,83369840
Germany,2022-01-28,0,113830.71,8843560,83369840
Germany,2022-01-29,0,113830.71,8843560,83369840
Germany,2022-01-30,1114352,159193.14,9957912,83369840
Germany,2022-01-31,0,159193.14,9957912,83369840
Germany,2022-02-01,0,159193.14,9957912,83369840
Germany,2022-02-02,0,159193.14,9957912,83369840
Germany,2022-02-03,0,159193.14,9957912,83369840
Germany,2022-02-04,0,159193.14,9957912,83369840
Germany,2022-02-05,0,159193.14,9957912,83369840
Germany,2022-02-06,1292740,184677.14,11250652,83369840
Germany,2022-02-07,0,184677.14,11250652,83369840
Germany,2022-02-08,0,184677.14,11250652,83369840
Germany,2022-02-09,0,184677.14,11250652,83369840
Germany,2022-02-10,0,184677.14,11250652,83369840
Germany,2022-02-11,0,184677.14,11250652,83369840
Germany,2022-02-12,0,184677.14,11250652,83369840
Germany,2022-02-13,1309845,187120.71,12560497,83369840
Germany,2022-02-14,0,187120.71,12560497,83369840
Germany,2022-02-15,0,187120.71,12560497,83369840
Germany,2022-02-16,0,187120.71,12560497,83369840
Germany,2022-02-17,0,187120.71,12560497,83369840
Germany,2022-02-18,0,187120.71,12560497,83369840
Germany,2022-02-19,0,187120.71,12560497,83369840
Germany,2022-02-20,1193271,170467.29,13753768,83369840
Germany,2022-02-21,0,170467.29,13753768,83369840
Germany,2022-02-22,0,170467.29,13753768,83369840
Germany,2022-02-23,0,170467.29,13753768,83369840
Germany,2022-02-24,0,170467.29,13753768,83369840
Germany,2022-02-25,0,170467.29,13753768,83369840
Germany,2022-02-26,0,170467.29,13753768,83369840
Germany,2022-02-27,1093093,156156.14,14846861,83369840
Germany,2022-02-28,0,156156.14,14846861,83369840
Germany,2022-03-01,0,156156.14,14846861,83369840
Germany,2022-03-02,0,156156.14,14846861,83369840
Germany,2022-03-03,0,156156.14,14846861,83369840
Germany,2022-03-04,0,156156.14,14846861,83369840
Germany,2022-03-05,0,156156.14,14846861,83369840
Germany,2022-03-06,1134009,162001.29,15980870,83369840
Germany,2022-03-07,0,162001.29,15980870,83369840
Germany,2022-03-08,0,162001.29,15980870,83369840
Germany,2022-03-09,0,162001.29,15980870,83369840
Germany,2022-03-10,0,162001.29,15980870,83369840
Germany,2022-03-11,0,162001.29,15980870,83369840
Germany,2022-03-12,0,162001.29,15980870,83369840
Germany,2022-03-13,1413846,201978.0,17394716,83369840
Germany,2022-03-14,0,201978.0,17394716,83369840
Germany,2022-03-15,0,201978.0,17394716,83369840
Germany,2022-03-16,0,201978.0,17394716,83369840
Germany,2022-03-17,0,201978.0,17394716,83369840
Germany,2022-03-18,0,201978.0,17394716,83369840
Germany,2022-03-19,0,201978.0,17394716,83369840
Germany,2022-03-20,1582504,226072.0,18977220,83369840
Germany,2022-03-21,0,226072.0,18977220,83369840
Germany,2022-03-22,0,226072.0,18977220,83369840
Germany,2022-03-23,0,226072.0,18977220,83369840
Germany,2022-03-24,0,226072.0,18977220,83369840
Germany,2022-03-25,0,226072.0,18977220,83369840
Germany,2022-03-26,0,226072.0,18977220,83369840
Germany,2022-03-27,1588891,226984.43,20566111,83369840
Germany,2022-03-28,0,226984.43,20566111,83369840
Germany,2022-03-29,0,226984.43,20566111,83369840
Germany,2022-03-30,0,226984.43,20566111,83369840
Germany,2022-03-31,0,226984.43,20566111,83369840
Germany,2022-04-01,0,226984.43,20566111,83369840
Germany,2022-04-02,0,226984.43,20566111,83369840
Germany,2022-04-03,1295125,185017.86,21861236,83369840
Germany,2022-04-04,0,185017.86,21861236,83369840
Germany,2022-04-05,0,185017.86,21861236,83369840
Germany,2022-04-06,0,185017.86,21861236,83369840
Germany,2022-04-07,0,185017.86,21861236,83369840
Germany,2022-04-08,0,185017.86,21861236,83369840
Germany,2022-04-09,0,185017.86,21861236,83369840
Germany,2022-04-10,984600,140657.14,22845836,83369840
Germany,2022-04-11,0,140657.14,22845836,83369840
Germany,2022-04-12,0,140657.14,22845836,83369840
Germany,2022-04-13,0,140657.14,22845836,83369840
Germany,2022-04-14,0,140657.14,22845836,83369840
Germany,2022-04-15,0,140657.14,22845836,83369840
Germany,2022-04-16,0,140657.14,22845836,83369840
Germany,2022-04-17,778948,111278.29,23624784,83369840
Germany,2022-04-18,0,111278.29,23624784,83369840
Germany,2022-04-19,0,111278.29,23624784,83369840
Germany,2022-04-20,0,111278.29,23624784,83369840
Germany,2022-04-21,0,111278.29,23624784,83369840
Germany,2022-04-22,0,111278.29,23624784,83369840
Germany,2022-04-23,0,111278.29,23624784,83369840
Germany,2022-04-24,731499,104499.86,24356283,83369840
Germany,2022-04-25,0,104499.86,24356283,83369840
Germany,2022-04-26,0,104499.86,24356283,83369840
Germany,2022-04-27,0,104499.86,24356283,83369840
Germany,2022-04-28,0,104499.86,24356283,83369840
Germany,2022-04-29,0,104499.86,24356283,83369840
Germany,2022-04-30,0,104499.86,24356283,83369840
Germany,2022-05-01,596917,85273.86,24953200,83369840
Germany,2022-05-02,0,85273.86,24953200,83369840
Germany,2022-05-03,0,85273.86,24953200,83369840
Germany,2022-05-04,0,85273.86,24953200,83369840
Germany,2022-05-05,0,85273.86,24953200,83369840
Germany,2022-05-06,0,85273.86,24953200,83369840
Germany,2022-05-07,0,85273.86,24953200,83369840
Germany,2022-05-08,471440,67348.57,25424640,83369840
Germany,2022-05-09,0,67348.57,25424640,83369840
Germany,2022-05-10,0,67348.57,25424640,83369840
Germany,2022-05-11,0,67348.57,25424640,83369840
Germany,2022-05-12,0,67348.57,25424640,83369840
Germany,2022-05-13,0,67348.57,25424640,83369840
Germany,2022-05-14,0,67348.57,25424640,83369840
Germany,2022-05-15,408745,58392.14,25833385,83369840
Germany,2022-05-16,0,58392.14,25833385,83369840
Germany,2022-05-17,0,58392.14,25833385,83369840
Germany,2022-05-18,0,58392.14,25833385,83369840
Germany,2022-05-19,0,58392.14,25833385,83369840
Germany,2022-05-20,0,58392.14,25833385,83369840
Germany,2022-05-21,0,58392.14,25833385,83369840
Germany,2022-05-22,292505,41786.43,26125890,83369840
Germany,2022-05-23,0,41786.43,26125890,83369840
Germany,2022-05-24,0,41786.43,26125890,83369840
Germany,2022-05-25,0,41786.43,26125890,83369840
Germany,2022-05-26,0,41786.43,26125890,83369840
Germany,2022-05-27,0,41786.43,26125890,83369840
Germany,2022-05-28,0,41786.43,26125890,83369840
Germany,2022-05-29,187159,26737.0,26313049,83369840
Germany,2022-05-30,0,26737.0,26313049,83369840
Germany,2022-05-31,0,26737.0,26313049,83369840
Germany,2022-06-01,0,26737.0,26313049,83369840
Germany,2022-06-02,0,26737.0,26313049,83369840
Germany,2022-06-03,0,26737.0,26313049,83369840
Germany,2022-06-04,0,26737.0,26313049,83369840
Germany,2022-06-05,245141,35020.14,26558190,83369840
Germany,2022-06-06,0,35020.14,26558190,83369840
Germany,2022-06-07,0,35020.14,26558190,83369840
Germany,2022-06-08,0,35020.14,26558190,83369840
Germany,2022-06-09,0,35020.14,26558190,83369840
Germany,2022-06-10,0,35020.14,26558190,83369840
Germany,2022-06-11,0,35020.14,26558190,83369840
Germany,2022-06-12,331434,47347.71,26889624,83369840
Germany,2022-06-13,0,47347.71,26889624,83369840
Germany,2022-06-14,0,47347.71,26889624,83369840
Germany,2022-06-15,0,47347.71,26889624,83369840
Germany,2022-06-16,0,47347.71,26889624,83369840
Germany,2022-06-17,0,47347.71,26889624,83369840
Germany,2022-06-18,0,47347.71,26889624,83369840
Germany,2022-06-19,413791,59113.0,27303415,83369840
Germany,2022-06-20,0,59113.0,27303415,83369840
Germany,2022-06-21,0,59113.0,27303415,83369840
Germany,2022-06-22,0,59113.0,27303415,83369840
Germany,2022-06-23,0,59113.0,27303415,83369840
Germany,2022-06-24,0,59113.0,27303415,83369840
Germany,2022-06-25,0,59113.0,27303415,83369840
Germany,2022-06-26,574225,82032.14,27877640,83369840
Germany,2022-06-27,0,82032.14,27877640,83369840
Germany,2022-06-28,0,82032.14,27877640,83369840
Germany,2022-06-29,0,82032.14,27877640,83369840
Germany,2022-06-30,0,82032.14,27877640,83369840
Germany,2022-07-01,0,82032.14,27877640,83369840
Germany,2022-07-02,0,82032.14,27877640,83369840
Germany,2022-07-03,622776,88968.0,28500416,83369840
Germany,2022-07-04,0,88968.0,28500416,83369840
Germany,2022-07-05,0,88968.0,28500416,83369840
Germany,2022-07-06,0,88968.0,28500416,83369840
Germany,2022-07-07,0,88968.0,28500416,83369840
Germany,2022-07-08,0,88968.0,28500416,83369840
Germany,2022-07-09,0,88968.0,28500416,83369840
Germany,2022-07-10,629349,89907.0,29129765,83369840
Germany,2022-07-11,0,89907.0,29129765,83369840
Germany,2022-07-12,0,89907.0,29129765,83369840
Germany,2022-07-13,0,89907.0,29129765,83369840
Germany,2022-07-14,0,89907.0,29129765,83369840
Germany,2022-07-15,0,89907.0,29129765,83369840
Germany,2022-07-16,0,89907.0,29129765,83369840
Germany,2022-07-17,675130,96447.14,29804895,83369840
Germany,2022-07-18,0,96447.14,29804895,83369840
Germany,2022-07-19,0,96447.14,29804895,83369840
Germany,2022-07-20,0,96447.14,29804895,83369840
Germany,2022-07-21,0,96447.14,29804895,83369840
Germany,2022-07-22,0,96447.14,29804895,83369840
Germany,2022-07-23,0,96447.14,29804895,83369840
Germany,2022-07-24,627179,89597.0,30432074,83369840
Germany,2022-07-25,0,89597.0,30432074,83369840
Germany,2022-07-26,0,89597.0,30432074,83369840
Germany,2022-07-27,0,89597.0,30432074,83369840
Germany,2022-07-28,0,89597.0,30432074,83369840
Germany,2022-07-29,0,89597.0,30432074,83369840
Germany,2022-07-30,0,89597.0,30432074,83369840
Germany,2022-07-31,495729,70818.43,30927803,83369840
Germany,2022-08-01,0,70818.43,30927803,83369840
Germany,2022-08-02,0,70818.43,30927803,83369840
Germany,2022-08-03,0,70818.43,30927803,83369840
Germany,2022-08-04,0,70818.43,30927803,83369840
Germany,2022-08-05,0,70818.43,30927803,83369840
Germany,2022-08-06,0,70818.43,30927803,83369840
Germany,2022-08-07,362936,51848.0,31290739,83369840
Germany,2022-08-08,0,51848.0,31290739,83369840
Germany,2022-08-09,0,51848.0,31290739,83369840
Germany,2022-08-10,0,51848.0,31290739,83369840
Germany,2022-08-11,0,51848.0,31290739,83369840
Germany,2022-08-12,0,51848.0,31290739,83369840
Germany,2022-08-13,0,51848.0,31290739,83369840
Germany,2022-08-14,298292,42613.14,31589031,83369840
Germany,2022-08-15,0,42613.14,31589031,83369840
Germany,2022-08-16,0,42613.14,31589031,83369840
Germany,2022-08-17,0,42613.14,31589031,83369840
Germany,2022-08-18,0,42613.14,31589031,83369840
Germany,2022-08-19,0,42613.14,31589031,83369840
Germany,2022-08-20,0,42613.14,31589031,83369840
Germany,2022-08-21,263329,37618.43,31852360,83369840
Germany,2022-08-22,0,37618.43,31852360,83369840
Germany,2022-08-23,0,37618.43,31852360,83369840
Germany,2022-08-24,0,37618.43,31852360,83369840
Germany,2022-08-25,0,37618.43,31852360,83369840
Germany,2022-08-26,0,37618.43,31852360,83369840
Germany,2022-08-27,0,37618.43,31852360,83369840
Germany,2022-08-28,227979,32568.43,32080339,83369840
Germany,2022-08-29,0,32568.43,32080339,83369840
Germany,2022-08-30,0,32568.43,32080339,83369840
Germany,2022-08-31,0,32568.43,32080339,83369840
Germany,2022-09-01,0,32568.43,32080339,83369840
Germany,2022-09-02,0,32568.43,32080339,83369840
Germany,2022-09-03,0,32568.43,32080339,83369840
Germany,2022-09-04,201757,28822.43,32282096,83369840
Germany,2022-09-05,0,28822.43,32282096,83369840
Germany,2022-09-06,0,28822.43,32282096,83369840
Germany,2022-09-07,0,28822.43,32282096,83369840
Germany,2022-09-08,0,28822.43,32282096,83369840
Germany,2022-09-09,0,28822.43,32282096,83369840
Germany,2022-09-10,0,28822.43,32282096,83369840
Germany,2022-09-11,204084,29154.86,32486180,83369840
Germany,2022-09-12,0,29154.86,32486180,83369840
Germany,2022-09-13,0,29154.86,32486180,83369840
Germany,2022-09-14,0,29154.86,32486180,83369840
Germany,2022-09-15,0,29154.86,32486180,83369840
Germany,2022-09-16,0,29154.86,32486180,83369840
Germany,2022-09-17,0,29154.86,32486180,83369840
Germany,2022-09-18,228913,32701.86,32715093,83369840
Germany,2022-09-19,0,32701.86,32715093,83369840
Germany,2022-09-20,0,32701.86,32715093,83369840
Germany,2022-09-21,0,32701.86,32715093,83369840
Germany,2022-09-22,0,32701.86,32715093,83369840
Germany,2022-09-23,0,32701.86,32715093,83369840
Germany,2022-09-24,0,32701.86,32715093,83369840
Germany,2022-09-25,286535,40933.57,33001628,83369840
Germany,2022-09-26,0,40933.57,33001628,83369840
Germany,2022-09-27,0,40933.57,33001628,83369840
Germany,2022-09-28,0,40933.57,33001628,83369840
Germany,2022-09-29,0,40933.57,33001628,83369840
Germany,2022-09-30,0,40933.57,33001628,83369840
Germany,2022-10-01,0,40933.57,33001628,83369840
Germany,2022-10-02,458852,65550.29,33460480,83369840
Germany,2022-10-03,0,65550.29,33460480,83369840
Germany,2022-10-04,0,65550.29,33460480,83369840
Germany,2022-10-05,0,65550.29,33460480,83369840
Germany,2022-10-06,0,65550.29,33460480,83369840
Germany,2022-10-07,0,65550.29,33460480,83369840
Germany,2022-10-08,0,65550.29,33460480,83369840
Germany,2022-10-09,594073,84867.57,34054553,83369840
Germany,2022-10-10,0,84867.57,34054553,83369840
Germany,2022-10-11,0,84867.57,34054553,83369840
Germany,2022-10-12,0,84867.57,34054553,83369840
Germany,2022-10-13,0,84867.57,34054553,83369840
Germany,2022-10-14,0,84867.57,34054553,83369840
Germany,2022-10-15,0,84867.57,34054553,83369840
Germany,2022-10-16,644986,92140.86,34699539,83369840
Germany,2022-10-17,0,92140.86,34699539,83369840
Germany,2022-10-18,0,92140.86,34699539,83369840
Germany,2022-10-19,0,92140.86,34699539,83369840
Germany,2022-10-20,0,92140.86,34699539,83369840
Germany,2022-10-21,0,92140.86,34699539,83369840
Germany,2022-10-22,0,92140.86,34699539,83369840
Germany,2022-10-23,544616,77802.29,35244155,83369840
Germany,2022-10-24,0,77802.29,35244155,83369840
Germany,2022-10-25,0,77802.29,35244155,83369840
Germany,2022-10-26,0,77802.29,35244155,83369840
Germany,2022-10-27,0,77802.29,35244155,83369840
Germany,2022-10-28,0,77802.29,35244155,83369840
Germany,2022-10-29,0,77802.29,35244155,83369840
Germany,2022-10-30,373903,53414.71,35618058,83369840
Germany,2022-10-31,0,53414.71,35618058,83369840
Germany,2022-11-01,0,53414.71,35618058,83369840
Germany,2022-11-02,0,53414.71,35618058,83369840
Germany,2022-11-03,0,53414.71,35618058,83369840
Germany,2022-11-04,0,53414.71,35618058,83369840
Germany,2022-11-05,0,53414.71,35618058,83369840
Germany,2022-11-06,243578,34796.86,35861636,83369840
Germany,2022-11-07,0,34796.86,35861636,83369840
Germany,2022-11-08,0,34796.86,35861636,83369840
Germany,2022-11-09,0,34796.86,35861636,83369840
Germany,2022-11-10,0,34796.86,35861636,83369840
Germany,2022-11-11,0,34796.86,35861636,83369840
Germany,2022-11-12,0,34796.86,35861636,83369840
Germany,2022-11-13,202015,28859.29,36063651,83369840
Germany,2022-11-14,0,28859.29,36063651,83369840
Germany,2022-11-15,0,28859.29,36063651,83369840
Germany,2022-11-16,0,28859.29,36063651,83369840
Germany,2022-11-17,0,28859.29,36063651,83369840
Germany,2022-11-18,0,28859.29,36063651,83369840
Germany,2022-11-19,0,28859.29,36063651,83369840
Germany,2022-11-20,169667,24238.14,36233318,83369840
Germany,2022-11-21,0,24238.14,36233318,83369840
Germany,2022-11-22,0,24238.14,36233318,83369840
Germany,2022-11-23,0,24238.14,36233318,83369840
Germany,2022-11-24,0,24238.14,36233318,83369840
Germany,2022-11-25,0,24238.14,36233318,83369840
Germany,2022-11-26,0,24238.14,36233318,83369840
Germany,2022-11-27,170589,24369.86,36403907,83369840
Germany,2022-11-28,0,24369.86,36403907,83369840
Germany,2022-11-29,0,24369.86,36403907,83369840
Germany,2022-11-30,0,24369.86,36403907,83369840
Germany,2022-12-01,0,24369.86,36403907,83369840
Germany,2022-12-02,0,24369.86,36403907,83369840
Germany,2022-12-03,0,24369.86,36403907,83369840
Germany,2022-12-04,184825,26403.57,36588732,83369840
Germany,2022-12-05,0,26403.57,36588732,83369840
Germany,2022-12-06,0,26403.57,36588732,83369840
Germany,2022-12-07,0,26403.57,36588732,83369840
Germany,2022-12-08,0,26403.57,36588732,83369840
Germany,2022-12-09,0,26403.57,36588732,83369840
Germany,2022-12-10,0,26403.57,36588732,83369840
Germany,2022-12-11,199505,28500.71,36788237,83369840
Germany,2022-12-12,0,28500.71,36788237,83369840
Germany,2022-12-13,0,28500.71,36788237,83369840
Germany,2022-12-14,0,28500.71,36788237,83369840
Germany,2022-12-15,0,28500.71,36788237,83369840
Germany,2022-12-16,0,28500.71,36788237,83369840
Germany,2022-12-17,0,28500.71,36788237,83369840
Germany,2022-12-18,222953,31850.43,37011190,83369840
Germany,2022-12-19,0,31850.43,37011190,83369840
Germany,2022-12-20,0,31850.43,37011190,83369840
Germany,2022-12-21,0,31850.43,37011190,83369840
Germany,2022-12-22,0,31850.43,37011190,83369840
Germany,2022-12-23,0,31850.43,37011190,83369840
Germany,2022-12-24,0,31850.43,37011190,83369840
Germany,2022-12-25,230746,32963.71,37241936,83369840
Germany,2022-12-26,0,32963.71,37241936,83369840
Germany,2022-12-27,0,32963.71,37241936,83369840
Germany,2022-12-28,0,32963.71,37241936,83369840
Germany,2022-12-29,0,32963.71,37241936,83369840
Germany,2022-12-30,0,32963.71,37241936,83369840
Germany,2022-12-31,0,32963.71,37241936,83369840
Germany,2023-01-01,151567,21652.43,37393503,83369840
Germany,2023-01-02,0,21652.43,37393503,83369840
Germany,2023-01-03,0,21652.43,37393503,83369840
Germany,2023-01-04,0,21652.43,37393503,83369840
Germany,2023-01-05,0,21652.43,37393503,83369840
Germany,2023-01-06,0,21652.43,37393503,83369840
Germany,2023-01-07,0,21652.43,37393503,83369840
Germany,2023-01-08,130316,18616.57,37523819,83369840
Germany,2023-01-09,0,18616.57,37523819,83369840
Germany,2023-01-10,0,18616.57,37523819,83369840
Germany,2023-01-11,0,18616.57,37523819,83369840
Germany,2023-01-12,0,18616.57,37523819,83369840
Germany,2023-01-13,0,18616.57,37523819,83369840
Germany,2023-01-14,0,18616.57,37523819,83369840
Germany,2023-01-15,89089,12727.0,37612908,83369840
Germany,2023-01-16,0,12727.0,37612908,83369840
Germany,2023-01-17,0,12727.0,37612908,83369840
Germany,2023-01-18,0,12727.0,37612908,83369840
Germany,2023-01-19,0,12727.0,37612908,83369840
Germany,2023-01-20,0,12727.0,37612908,83369840
Germany,2023-01-21,0,12727.0,37612908,83369840
Germany,2023-01-22,62867,8981.0,37675775,83369840
Germany,2023-01-23,0,8981.0,37675775,83369840
Germany,2023-01-24,0,8981.0,37675775,83369840
Germany,2023-01-25,0,8981.0,37675775,83369840
Germany,2023-01-26,0,8981.0,37675775,83369840
Germany,2023-01-27,0,8981.0,37675775,83369840
Germany,2023-01-28,0,8981.0,37675775,83369840
Germany,2023-01-29,73298,10471.14,37749073,83369840
Germany,2023-01-30,0,10471.14,37749073,83369840
Germany,2023-01-31,0,10471.14,37749073,83369840
Germany,2023-02-01,0,10471.14,37749073,83369840
Germany,2023-02-02,0,10471.14,37749073,83369840
Germany,2023-02-03,0,10471.14,37749073,83369840
Germany,2023-02-04,0,10471.14,37749073,83369840
Germany,2023-02-05,84243,12034.71,37833316,83369840
Germany,2023-02-06,0,12034.71,37833316,83369840
Germany,2023-02-07,0,12034.71,37833316,83369840
Germany,2023-02-08,0,12034.71,37833316,83369840
Germany,2023-02-09,0,12034.71,37833316,83369840
Germany,2023-02-10,0,12034.71,37833316,83369840
Germany,2023-02-11,0,12034.71,37833316,83369840
Germany,2023-02-12,86595,12370.71,37919911,83369840
Germany,2023-02-13,0,12370.71,37919911,83369840
Germany,2023-02-14,0,12370.71,37919911,83369840
Germany,2023-02-15,0,12370.71,37919911,83369840
Germany,2023-02-16,0,12370.71,37919911,83369840
Germany,2023-02-17,0,12370.71,37919911,83369840
Germany,2023-02-18,0,12370.71,37919911,83369840
Germany,2023-02-19,97850,13978.57,38017761,83369840
Germany,2023-02-20,0,13978.57,38017761,83369840
Germany,2023-02-21,0,13978.57,38017761,83369840
Germany,2023-02-22,0,13978.57,38017761,83369840
Germany,2023-02-23,0,13978.57,38017761,83369840
Germany,2023-02-24,0,13978.57,38017761,83369840
Germany,2023-02-25,0,13978.57,38017761,83369840
Germany,2023-02-26,113434,16204.86,38131195,83369840
Germany,2023-02-27,0,16204.86,38131195,83369840
Germany,2023-02-28,0,16204.86,38131195,83369840
Germany,2023-03-01,0,16204.86,38131195,83369840
Germany,2023-03-02,0,16204.86,38131195,83369840
Germany,2023-03-03,0,16204.86,38131195,83369840
Germany,2023-03-04,0,16204.86,38131195,83369840
Germany,2023-03-05,86321,12331.57,38217516,83369840
Germany,2023-03-06,0,12331.57,38217516,83369840
Germany,2023-03-07,0,12331.57,38217516,83369840
Germany,2023-03-08,0,12331.57,38217516,83369840
Germany,2023-03-09,0,12331.57,38217516,83369840
Germany,2023-03-10,0,12331.57,38217516,83369840
Germany,2023-03-11,0,12331.57,38217516,83369840
Germany,2023-03-12,43758,6251.14,38261274,83369840
Germany,2023-03-13,0,6251.14,38261274,83369840
Germany,2023-03-14,0,6251.14,38261274,83369840
Germany,2023-03-15,0,6251.14,38261274,83369840
Germany,2023-03-16,0,6251.14,38261274,83369840
Germany,2023-03-17,0,6251.14,38261274,83369840
Germany,2023-03-18,0,6251.14,38261274,83369840
Germany,2023-03-19,40307,5758.14,38301581,83369840
Germany,2023-03-20,0,5758.14,38301581,83369840
Germany,2023-03-21,0,5758.14,38301581,83369840
Germany,2023-03-22,0,5758.14,38301581,83369840
Germany,2023-03-23,0,5758.14,38301581,83369840
Germany,2023-03-24,0,5758.14,38301581,83369840
Germany,2023-03-25,0,5758.14,38301581,83369840
Germany,2023-03-26,32639,4662.71,38334220,83369840
Germany,2023-03-27,0,4662.71,38334220,83369840
Germany,2023-03-28,0,4662.71,38334220,83369840
Germany,2023-03-29,0,4662.71,38334220,83369840
Germany,2023-03-30,0,4662.71,38334220,83369840
Germany,2023-03-31,0,4662.71,38334220,83369840
Germany,2023-04-01,0,4662.71,38334220,83369840
Germany,2023-04-02,22652,3236.0,38356872,83369840
Germany,2023-04-03,0,3236.0,38356872,83369840
Germany,2023-04-04,0,3236.0,38356872,83369840
Germany,2023-04-05,0,3236.0,38356872,83369840
Germany,2023-04-06,0,3236.0,38356872,83369840
Germany,2023-04-07,0,3236.0,38356872,83369840
Germany,2023-04-08,0,3236.0,38356872,83369840
Germany,2023-04-09,14679,2097.0,38371551,83369840
Germany,2023-04-10,0,2097.0,38371551,83369840
Germany,2023-04-11,0,2097.0,38371551,83369840
Germany,2023-04-12,0,2097.0,38371551,83369840
Germany,2023-04-13,0,2097.0,38371551,83369840
Germany,2023-04-14,0,2097.0,38371551,83369840
Germany,2023-04-15,0,2097.0,38371551,83369840
Germany,2023-04-16,13045,1863.57,38384596,83369840
Germany,2023-04-17,0,1863.57,38384596,83369840
Germany,2023-04-18,0,1863.57,38384596,83369840
Germany,2023-04-19,0,1863.57,38384596,83369840
Germany,2023-04-20,0,1863.57,38384596,83369840
Germany,2023-04-21,0,1863.57,38384596,83369840
Germany,2023-04-22,0,1863.57,38384596,83369840
Germany,2023-04-23,11468,1638.29,38396064,83369840
Germany,2023-04-24,0,1638.29,38396064,83369840
Germany,2023-04-25,0,1638.29,38396064,83369840
Germany,2023-04-26,0,1638.29,38396064,83369840
Germany,2023-04-27,0,1638.29,38396064,83369840
Germany,2023-04-28,0,1638.29,38396064,83369840
Germany,2023-04-29,0,1638.29,38396064,83369840
Germany,2023-04-30,9193,1313.29,38405257,83369840
Germany,2023-05-01,0,1313.29,38405257,83369840
Germany,2023-05-02,0,1313.29,38405257,83369840
Germany,2023-05-03,0,1313.29,38405257,83369840
Germany,2023-05-04,0,1313.29,38405257,83369840
Germany,2023-05-05,0,1313.29,38405257,83369840
Germany,2023-05-06,0,1313.29,38405257,83369840
Germany,2023-05-07,7360,1051.43,38412617,83369840
Germany,2023-05-08,0,1051.43,38412617,83369840
Germany,2023-05-09,0,1051.43,38412617,83369840
Germany,2023-05-10,0,1051.43,38412617,83369840
Germany,2023-05-11,0,1051.43,38412617,83369840
Germany,2023-05-12,0,1051.43,38412617,83369840
Germany,2023-05-13,0,1051.43,38412617,83369840
Germany,2023-05-14,6708,958.29,38419325,83369840
Germany,2023-05-15,0,958.29,38419325,83369840
Germany,2023-05-16,0,958.29,38419325,83369840
Germany,2023-05-17,0,958.29,38419325,83369840
Germany,2023-05-18,0,958.29,38419325,83369840
Germany,2023-05-19,0,958.29,38419325,83369840
Germany,2023-05-20,0,958.29,38419325,83369840
Germany,2023-05-21,4359,622.71,38423684,83369840
Germany,2023-05-22,0,622.71,38423684,83369840
Germany,2023-05-23,0,622.71,38423684,83369840
Germany,2023-05-24,0,622.71,38423684,83369840
Germany,2023-05-25,0,622.71,38423684,83369840
Germany,2023-05-26,0,622.71,38423684,83369840
Germany,2023-05-27,0,622.71,38423684,83369840
Germany,2023-05-28,4272,610.29,38427956,83369840
Germany,2023-05-29,0,610.29,38427956,83369840
Germany,2023-05-30,0,610.29,38427956,83369840
Germany,2023-05-31,0,610.29,38427956,83369840
Germany,2023-06-01,0,610.29,38427956,83369840
Germany,2023-06-02,0,610.29,38427956,83369840
Germany,2023-06-03,0,610.29,38427956,83369840
Germany,2023-06-04,2767,395.29,38430723,83369840
Germany,2023-06-05,0,395.29,38430723,83369840
Germany,2023-06-06,0,395.29,38430723,83369840
Germany,2023-06-07,0,395.29,38430723,83369840
Germany,2023-06-08,0,395.29,38430723,83369840
Germany,2023-06-09,0,395.29,38430723,83369840
Germany,2023-06-10,0,395.29,38430723,83369840
Germany,2023-06-11,2392,341.71,38433115,83369840
Germany,2023-06-12,0,341.71,38433115,83369840
Germany,2023-06-13,0,341.71,38433115,83369840
Germany,2023-06-14,0,341.71,38433115,83369840
Germany,2023-06-15,0,341.71,38433115,83369840
Germany,2023-06-16,0,341.71,38433115,83369840
Germany,2023-06-17,0,341.71,38433115,83369840
Germany,2023-06-18,2014,287.71,38435129,83369840
Germany,2023-06-19,0,287.71,38435129,83369840
Germany,2023-06-20,0,287.71,38435129,83369840
Germany,2023-06-21,0,287.71,38435129,83369840
Germany,2023-06-22,0,287.71,38435129,83369840
Germany,2023-06-23,0,287.71,38435129,83369840
Germany,2023-06-24,0,287.71,38435129,83369840
Germany,2023-06-25,1528,218.29,38436657,83369840
Germany,2023-06-26,0,218.29,38436657,83369840
Germany,2023-06-27,0,218.29,38436657,83369840
Germany,2023-06-28,0,218.29,38436657,83369840
Germany,2023-06-29,0,218.29,38436657,83369840
Germany,2023-06-30,0,218.29,38436657,83369840
Germany,2023-07-01,0,218.29,38436657,83369840
Germany,2023-07-02,1099,157.0,38437756,83369840
Germany,2023-07-03,0,157.0,38437756,83369840
Germany,2023-07-04,0,157.0,38437756,83369840
Germany,2023-07-05,0,157.0,38437756,83369840
Germany,2023-07-06,0,157.0,38437756,83369840
Germany,2023-07-07,0,157.0,38437756,83369840
Germany,2023-07-08,0,157.0,38437756,83369840
Germany,2023-07-09,0,0.0,38437756,83369840
Germany,2023-07-10,,,38437756,83369840
Germany,2023-07-11,,,38437756,83369840
Germany,2023-07-12,,,38437756,83369840
Germany,2023-07-13,,,38437756,83369840
Germany,2023-07-14,,,38437756,83369840
Germany,2023-07-15,,,38437756,83369840
Germany,2023-07-16,,,38437756,83369840
Germany,2023-07-17,,,38437756,83369840
Germany,2023-07-18,,,38437756,83369840
Germany,2023-07-19,,,38437756,83369840
Germany,2023-07-20,,,38437756,83369840
Germany,2023-07-21,,,38437756,83369840
Germany,2023-07-22,,,38437756,83369840
Germany,2023-07-23,,,38437756,83369840
Germany,2023-07-24,,,38437756,83369840
Germany,2023-07-25,,,38437756,83369840
Germany,2023-07-26,,,38437756,83369840
Germany,2023-07-27,,,38437756,83369840
Germany,2023-07-28,,,38437756,83369840
Germany,2023-07-29,,,38437756,83369840
Germany,2023-07-30,,,38437756,83369840
Germany,2023-07-31,,,38437756,83369840
Germany,2023-08-01,,,38437756,83369840
Germany,2023-08-02,,,38437756,83369840
Germany,2023-08-03,,,38437756,83369840
Germany,2023-08-04,,,38437756,83369840
Germany,2023-08-05,,,38437756,83369840
Germany,2023-08-06,,,38437756,83369840
Germany,2023-08-07,,,38437756,83369840
Germany,2023-08-08,,,38437756,83369840
Germany,2023-08-09,,,38437756,83369840
Germany,2023-08-10,,,38437756,83369840
Germany,2023-08-11,,,38437756,83369840
Germany,2023-08-12,,,38437756,83369840
Germany,2023-08-13,,,38437756,83369840
Germany,2023-08-14,,,38437756,83369840
Germany,2023-08-15,,,38437756,83369840
Germany,2023-08-16,,,38437756,83369840
Germany,2023-08-17,,,38437756,83369840
Germany,2023-08-18,,,38437756,83369840
Germany,2023-08-19,,,38437756,83369840
Germany,2023-08-20,,,38437756,83369840
Germany,2023-08-21,,,38437756,83369840
Germany,2023-08-22,,,38437756,83369840
Germany,2023-08-23,,,38437756,83369840
Germany,2023-08-24,,,38437756,83369840
Germany,2023-08-25,,,38437756,83369840
Germany,2023-08-26,,,38437756,83369840
Germany,2023-08-27,,,38437756,83369840
Germany,2023-08-28,,,38437756,83369840
Germany,2023-08-29,,,38437756,83369840
Germany,2023-08-30,,,38437756,83369840
Germany,2023-08-31,,,38437756,83369840
Germany,2023-09-01,,,38437756,83369840
Germany,2023-09-02,,,38437756,83369840
Germany,2023-09-03,,,38437756,83369840
Germany,2023-09-04,,,38437756,83369840
Germany,2023-09-05,,,38437756,83369840
Germany,2023-09-06,,,38437756,83369840
Germany,2023-09-07,,,38437756,83369840
Germany,2023-09-08,,,38437756,83369840
Germany,2023-09-09,,,38437756,83369840
Germany,2023-09-10,,,38437756,83369840
Germany,2023-09-11,,,38437756,83369840
Germany,2023-09-12,,,38437756,83369840
Germany,2023-09-13,,,38437756,83369840
Germany,2023-09-14,,,38437756,83369840
Germany,2023-09-15,,,38437756,83369840
Germany,2023-09-16,,,38437756,83369840
Germany,2023-09-17,,,38437756,83369840
Germany,2023-09-18,,,38437756,83369840
Germany,2023-09-19,,,38437756,83369840
Germany,2023-09-20,,,38437756,83369840
Germany,2023-09-21,,,38437756,83369840
Germany,2023-09-22,,,38437756,83369840
Germany,2023-09-23,,,38437756,83369840
Germany,2023-09-24,,,38437756,83369840
Germany,2023-09-25,,,38437756,83369840
Germany,2023-09-26,,,38437756,83369840
Germany,2023-09-27,,,38437756,83369840
Germany,2023-09-28,,,38437756,83369840
Germany,2023-09-29,,,38437756,83369840
Germany,2023-09-30,,,38437756,83369840
Germany,2023-10-01,,,38437756,83369840
Germany,2023-10-02,,,38437756,83369840
Germany,2023-10-03,,,38437756,83369840
Germany,2023-10-04,,,38437756,83369840
Germany,2023-10-05,,,38437756,83369840
Germany,2023-10-06,,,38437756,83369840
Germany,2023-10-07,,,38437756,83369840
Germany,2023-10-08,,,38437756,83369840
Germany,2023-10-09,,,38437756,83369840
Germany,2023-10-10,,,38437756,83369840
Germany,2023-10-11,,,38437756,83369840
Germany,2023-10-12,,,38437756,83369840
Germany,2023-10-13,,,38437756,83369840
Germany,2023-10-14,,,38437756,83369840
Germany,2023-10-15,,,38437756,83369840
Germany,2023-10-16,,,38437756,83369840
Germany,2023-10-17,,,38437756,83369840
Germany,2023-10-18,,,38437756,83369840
Germany,2023-10-19,,,38437756,83369840
Germany,2023-10-20,,,38437756,83369840
Germany,2023-10-21,,,38437756,83369840
Germany,2023-10-22,,,38437756,83369840
Germany,2023-10-23,,,38437756,83369840
Germany,2023-10-24,,,38437756,83369840
Germany,2023-10-25,,,38437756,83369840
Germany,2023-10-26,,,38437756,83369840
Germany,2023-10-27,,,38437756,83369840
Germany,2023-10-28,,,38437756,83369840
Germany,2023-10-29,,,38437756,83369840
Germany,2023-10-30,,,38437756,83369840
Germany,2023-10-31,,,38437756,83369840
Germany,2023-11-01,,,38437756,83369840
Germany,2023-11-02,,,38437756,83369840
Germany,2023-11-03,,,38437756,83369840
Germany,2023-11-04,,,38437756,83369840
Germany,2023-11-05,,,38437756,83369840
Germany,2023-11-06,,,38437756,83369840
Germany,2023-11-07,,,38437756,83369840
Germany,2023-11-08,,,38437756,83369840
Germany,2023-11-09,,,38437756,83369840
Germany,2023-11-10,,,38437756,83369840
Germany,2023-11-11,,,38437756,83369840
Germany,2023-11-12,,,38437756,83369840
Germany,2023-11-13,,,38437756,83369840
Germany,2023-11-14,,,38437756,83369840
Germany,2023-11-15,,,38437756,83369840
Germany,2023-11-16,,,38437756,83369840
Germany,2023-11-17,,,38437756,83369840
Germany,2023-11-18,,,38437756,83369840
Germany,2023-11-19,,,38437756,83369840
Germany,2023-11-20,,,38437756,83369840
Germany,2023-11-21,,,38437756,83369840
Germany,2023-11-22,,,38437756,83369840
Germany,2023-11-23,,,38437756,83369840
Germany,2023-11-24,,,38437756,83369840
Germany,2023-11-25,,,38437756,83369840
Germany,2023-11-26,,,38437756,83369840
Germany,2023-11-27,,,38437756,83369840
Germany,2023-11-28,,,38437756,83369840
Germany,2023-11-29,,,38437756,83369840
Germany,2023-11-30,,,38437756,83369840
Germany,2023-12-01,,,38437756,83369840
Germany,2023-12-02,,,38437756,83369840
Germany,2023-12-03,,,38437756,83369840
Germany,2023-12-04,,,38437756,83369840
Germany,2023-12-05,,,38437756,83369840
Germany,2023-12-06,,,38437756,83369840
Germany,2023-12-07,,,38437756,83369840
Germany,2023-12-08,,,38437756,83369840
Germany,2023-12-09,,,38437756,83369840
Germany,2023-12-10,,,38437756,83369840
Germany,2023-12-11,,,38437756,83369840
Germany,2023-12-12,,,38437756,83369840
Germany,2023-12-13,,,38437756,83369840
Germany,2023-12-14,,,38437756,83369840
Germany,2023-12-15,,,38437756,83369840
Germany,2023-12-16,,,38437756,83369840
Germany,2023-12-17,,,38437756,83369840
Germany,2023-12-18,,,38437756,83369840
Germany,2023-12-19,,,38437756,83369840
Germany,2023-12-20,,,38437756,83369840
Germany,2023-12-21,,,38437756,83369840
Germany,2023-12-22,,,38437756,83369840
Germany,2023-12-23,,,38437756,83369840
Germany,2023-12-24,,,38437756,83369840
Germany,2023-12-25,,,38437756,83369840
Germany,2023-12-26,,,38437756,83369840
Germany,2023-12-27,,,38437756,83369840
Germany,2023-12-28,,,38437756,83369840
Germany,2023-12-29,,,38437756,83369840
Germany,2023-12-30,,,38437756,83369840
Germany,2023-12-31,,,38437756,83369840
Germany,2024-01-01,,,38437756,83369840
Germany,2024-01-02,,,38437756,83369840
Germany,2024-01-03,,,38437756,83369840
Germany,2024-01-04,,,38437756,83369840
Germany,2024-01-05,,,38437756,83369840
Germany,2024-01-06,,,38437756,83369840
Germany,2024-01-07,,,38437756,83369840
Germany,2024-01-08,,,38437756,83369840
Germany,2024-01-09,,,38437756,83369840
Germany,2024-01-10,,,38437756,83369840
Germany,2024-01-11,,,38437756,83369840
Germany,2024-01-12,,,38437756,83369840
Germany,2024-01-13,,,38437756,83369840
Germany,2024-01-14,,,38437756,83369840
Germany,2024-01-15,,,38437756,83369840
Germany,2024-01-16,,,38437756,83369840
Germany,2024-01-17,,,38437756,83369840
Germany,2024-01-18,,,38437756,83369840
Germany,2024-01-19,,,38437756,83369840
Germany,2024-01-20,,,38437756,83369840
Germany,2024-01-21,,,38437756,83369840
Germany,2024-01-22,,,38437756,83369840
Germany,2024-01-23,,,38437756,83369840
Germany,2024-01-24,,,38437756,83369840
Germany,2024-01-25,,,38437756,83369840
Germany,2024-01-26,,,38437756,83369840
Germany,2024-01-27,,,38437756,83369840
Germany,2024-01-28,,,38437756,83369840
Germany,2024-01-29,,,38437756,83369840
Germany,2024-01-30,,,38437756,83369840
Germany,2024-01-31,,,38437756,83369840
Germany,2024-02-01,,,38437756,83369840
Germany,2024-02-02,,,38437756,83369840
Germany,2024-02-03,,,38437756,83369840
Germany,2024-02-04,,,38437756,83369840
Germany,2024-02-05,,,38437756,83369840
Germany,2024-02-06,,,38437756,83369840
Germany,2024-02-07,,,38437756,83369840
Germany,2024-02-08,,,38437756,83369840
Germany,2024-02-09,,,38437756,83369840
Germany,2024-02-10,,,38437756,83369840
Germany,2024-02-11,,,38437756,83369840
Germany,2024-02-12,,,38437756,83369840
Germany,2024-02-13,,,38437756,83369840
Germany,2024-02-14,,,38437756,83369840
Germany,2024-02-15,,,38437756,83369840
Germany,2024-02-16,,,38437756,83369840
Germany,2024-02-17,,,38437756,83369840
Germany,2024-02-18,,,38437756,83369840
Germany,2024-02-19,,,38437756,83369840
Germany,2024-02-20,,,38437756,83369840
Germany,2024-02-21,,,38437756,83369840
Germany,2024-02-22,,,38437756,83369840
Germany,2024-02-23,,,38437756,83369840
Germany,2024-02-24,,,38437756,83369840
Germany,2024-02-25,,,38437756,83369840
Germany,2024-02-26,,,38437756,83369840
Germany,2024-02-27,,,38437756,83369840
Germany,2024-02-28,,,38437756,83369840
Germany,2024-02-29,,,38437756,83369840
Germany,2024-03-01,,,38437756,83369840
Germany,2024-03-02,,,38437756,83369840
Germany,2024-03-03,,,38437756,83369840
Germany,2024-03-04,,,38437756,83369840
Germany,2024-03-05,,,38437756,83369840
Germany,2024-03-06,,,38437756,83369840
Germany,2024-03-07,,,38437756,83369840
Germany,2024-03-08,,,38437756,83369840
Germany,2024-03-09,,,38437756,83369840
Germany,2024-03-10,,,38437756,83369840
Germany,2024-03-11,,,38437756,83369840
Germany,2024-03-12,,,38437756,83369840
Germany,2024-03-13,,,38437756,83369840
Germany,2024-03-14,,,38437756,83369840
Germany,2024-03-15,,,38437756,83369840
Germany,2024-03-16,,,38437756,83369840
Germany,2024-03-17,,,38437756,83369840
Germany,2024-03-18,,,38437756,83369840
Germany,2024-03-19,,,38437756,83369840
Germany,2024-03-20,,,38437756,83369840
Germany,2024-03-21,,,38437756,83369840
Germany,2024-03-22,,,38437756,83369840
Germany,2024-03-23,,,38437756,83369840
Germany,2024-03-24,,,38437756,83369840
Germany,2024-03-25,,,38437756,83369840
Germany,2024-03-26,,,38437756,83369840
Germany,2024-03-27,,,38437756,83369840
Germany,2024-03-28,,,38437756,83369840
Germany,2024-03-29,,,38437756,83369840
Germany,2024-03-30,,,38437756,83369840
Germany,2024-03-31,,,38437756,83369840
Germany,2024-04-01,,,38437756,83369840
Germany,2024-04-02,,,38437756,83369840
Germany,2024-04-03,,,38437756,83369840
Germany,2024-04-04,,,38437756,83369840
Germany,2024-04-05,,,38437756,83369840
Germany,2024-04-06,,,38437756,83369840
Germany,2024-04-07,,,38437756,83369840
Germany,2024-04-08,,,38437756,83369840
Germany,2024-04-09,,,38437756,83369840
Germany,2024-04-10,,,38437756,83369840
Germany,2024-04-11,,,38437756,83369840
Germany,2024-04-12,,,38437756,83369840
Germany,2024-04-13,,,38437756,83369840
Germany,2024-04-14,,,38437756,83369840
Germany,2024-04-15,,,38437756,83369840
Germany,2024-04-16,,,38437756,83369840
Germany,2024-04-17,,,38437756,83369840
Germany,2024-04-18,,,38437756,83369840
Germany,2024-04-19,,,38437756,83369840
Germany,2024-04-20,,,38437756,83369840
Germany,2024-04-21,,,38437756,83369840
Germany,2024-04-22,,,38437756,83369840
Germany,2024-04-23,,,38437756,83369840
Germany,2024-04-24,,,38437756,83369840
Germany,2024-04-25,,,38437756,83369840
Germany,2024-04-26,,,38437756,83369840
Germany,2024-04-27,,,38437756,83369840
Germany,2024-04-28,,,38437756,83369840
Germany,2024-04-29,,,38437756,83369840
Germany,2024-04-30,,,38437756,83369840
Germany,2024-05-01,,,38437756,83369840
Germany,2024-05-02,,,38437756,83369840
Germany,2024-05-03,,,38437756,83369840
Germany,2024-05-04,,,38437756,83369840
Germany,2024-05-05,,,38437756,83369840
Germany,2024-05-06,,,38437756,83369840
Germany,2024-05-07,,,38437756,83369840
Germany,2024-05-08,,,38437756,83369840
Germany,2024-05-09,,,38437756,83369840
Germany,2024-05-10,,,38437756,83369840
Germany,2024-05-11,,,38437756,83369840
Germany,2024-05-12,,,38437756,83369840
Germany,2024-05-13,,,38437756,83369840
Germany,2024-05-14,,,38437756,83369840
Germany,2024-05-15,,,38437756,83369840
Germany,2024-05-16,,,38437756,83369840
Germany,2024-05-17,,,38437756,83369840
Germany,2024-05-18,,,38437756,83369840
Germany,2024-05-19,,,38437756,83369840
Germany,2024-05-20,,,38437756,83369840
Germany,2024-05-21,,,38437756,83369840
Germany,2024-05-22,,,38437756,83369840
Germany,2024-05-23,,,38437756,83369840
Germany,2024-05-24,,,38437756,83369840
Germany,2024-05-25,,,38437756,83369840
Germany,2024-05-26,,,38437756,83369840
Germany,2024-05-27,,,38437756,83369840
Germany,2024-05-28,,,38437756,83369840
Germany,2024-05-29,,,38437756,83369840
Germany,2024-05-30,,,38437756,83369840
Germany,2024-05-31,,,38437756,83369840
Germany,2024-06-01,,,38437756,83369840
Germany,2024-06-02,,,38437756,83369840
Germany,2024-06-03,,,38437756,83369840
Germany,2024-06-04,,,38437756,83369840
Germany,2024-06-05,,,38437756,83369840
Germany,2024-06-06,,,38437756,83369840
Germany,2024-06-07,,,38437756,83369840
Germany,2024-06-08,,,38437756,83369840
Germany,2024-06-09,,,38437756,83369840
Germany,2024-06-10,,,38437756,83369840
Germany,2024-06-11,,,38437756,83369840
Germany,2024-06-12,,,38437756,83369840
Germany,2024-06-13,,,38437756,83369840
Germany,2024-06-14,,,38437756,83369840
Germany,2024-06-15,,,38437756,83369840
Germany,2024-06-16,,,38437756,83369840
Germany,2024-06-17,,,38437756,83369840
Germany,2024-06-18,,,38437756,83369840
Germany,2024-06-19,,,38437756,83369840
Germany,2024-06-20,,,38437756,83369840
Germany,2024-06-21,,,38437756,83369840
Germany,2024-06-22,,,38437756,83369840
Germany,2024-06-23,,,38437756,83369840
Germany,2024-06-24,,,38437756,83369840
Germany,2024-06-25,,,38437756,83369840
Germany,2024-06-26,,,38437756,83369840
Germany,2024-06-27,,,38437756,83369840
Germany,2024-06-28,,,38437756,83369840
Germany,2024-06-29,,,38437756,83369840
Germany,2024-06-30,,,38437756,83369840
Germany,2024-07-01,,,38437756,83369840
Germany,2024-07-02,,,38437756,83369840
Germany,2024-07-03,,,38437756,83369840
Germany,2024-07-04,,,38437756,83369840
Germany,2024-07-05,,,38437756,83369840
Germany,2024-07-06,,,38437756,83369840
Germany,2024-07-07,,,38437756,83369840
Germany,2024-07-08,,,38437756,83369840
Germany,2024-07-09,,,38437756,83369840
Germany,2024-07-10,,,38437756,83369840
Germany,2024-07-11,,,38437756,83369840
Germany,2024-07-12,,,38437756,83369840
Germany,2024-07-13,,,38437756,83369840
Germany,2024-07-14,,,38437756,83369840
Germany,2024-07-15,,,38437756,83369840
Germany,2024-07-16,,,38437756,83369840
Germany,2024-07-17,,,38437756,83369840
Germany,2024-07-18,,,38437756,83369840
Germany,2024-07-19,,,38437756,83369840
Germany,2024-07-20,,,38437756,83369840
Germany,2024-07-21,,,38437756,83369840
Germany,2024-07-22,,,38437756,83369840
Germany,2024-07-23,,,38437756,83369840
Germany,2024-07-24,,,38437756,83369840
Germany,2024-07-25,,,38437756,83369840
Germany,2024-07-26,,,38437756,83369840
Germany,2024-07-27,,,38437756,83369840
Germany,2024-07-28,,,38437756,83369840
Germany,2024-07-29,,,38437756,83369840
Germany,2024-07-30,,,38437756,83369840
Germany,2024-07-31,,,38437756,83369840
Germany,2024-08-01,,,38437756,83369840
Germany,2024-08-02,,,38437756,83369840
Germany,2024-08-03,,,38437756,83369840
Germany,2024-08-04,,,38437756,83369840
India,2020-01-05,0,,0,1417173120
India,2020-01-06,0,,0,1417173120
India,2020-01-07,0,,0,1417173120
India,2020-01-08,0,,0,1417173120
India,2020-01-09,0,,0,1417173120
India,2020-01-10,0,0.0,0,1417173120
India,2020-01-11,0,0.0,0,1417173120
India,2020-01-12,0,0.0,0,1417173120
India,2020-01-13,0,0.0,0,1417173120
India,2020-01-14,0,0.0,0,1417173120
India,2020-01-15,0,0.0,0,1417173120
India,2020-01-16,0,0.0,0,1417173120
India,2020-01-17,0,0.0,0,1417173120
India,2020-01-18,0,0.0,0,1417173120
India,2020-01-19,0,0.0,0,1417173120
India,2020-01-20,0,0.0,0,1417173120
India,2020-01-21,0,0.0,0,1417173120
India,2020-01-22,0,0.0,0,1417173120
India,2020-01-23,0,0.0,0,1417173120
India,2020-01-24,0,0.0,0,1417173120
India,2020-01-25,0,0.0,0,1417173120
India,2020-01-26,0,0.0,0,1417173120
India,2020-01-27,0,0.0,0,1417173120
India,2020-01-28,0,0.0,0,1417173120
India,2020-01-29,0,0.0,0,1417173120
India,2020-01-30,0,0.0,0,1417173120
India,2020-01-31,0,0.0,0,1417173120
India,2020-02-01,0,0.0,0,1417173120
India,2020-02-02,2,0.29,2,1417173120
India,2020-02-03,0,0.29,2,1417173120
India,2020-02-04,0,0.29,2,1417173120
India,2020-02-05,0,0.29,2,1417173120
India,2020-02-06,0,0.29,2,1417173120
India,2020-02-07,0,0.29,2,1417173120
India,2020-02-08,0,0.29,2,1417173120
India,2020-02-09,5,0.71,7,1417173120
India,2020-02-10,0,0.71,7,1417173120
India,2020-02-11,0,0.71,7,1417173120
India,2020-02-12,0,0.71,7,1417173120
India,2020-02-13,0,0.71,7,1417173120
India,2020-02-14,0,0.71,7,1417173120
India,2020-02-15,0,0.71,7,1417173120
India,2020-02-16,0,0.0,7,1417173120
India,2020-02-17,0,0.0,7,1417173120
India,2020-02-18,0,0.0,7,1417173120
India,2020-02-19,0,0.0,7,1417173120
India,2020-02-20,0,0.0,7,1417173120
India,2020-02-21,0,0.0,7,1417173120
India,2020-02-22,0,0.0,7,1417173120
India,2020-02-23,0,0.0,7,1417173120
India,2020-02-24,0,0.0,7,1417173120
India,2020-02-25,0,0.0,7,1417173120
India,2020-02-26,0,0.0,7,1417173120
India,2020-02-27,0,0.0,7,1417173120
India,2020-02-28,0,0.0,7,1417173120
India,2020-02-29,0,0.0,7,1417173120
India,2020-03-01,0,0.0,7,1417173120
India,2020-03-02,0,0.0,7,1417173120
India,2020-03-03,0,0.0,7,1417173120
India,2020-03-04,0,0.0,7,1417173120
India,2020-03-05,0,0.0,7,1417173120
India,2020-03-06,0,0.0,7,1417173120
India,2020-03-07,0,0.0,7,1417173120
India,2020-03-08,32,4.57,39,1417173120
India,2020-03-09,0,4.57,39,1417173120
India,2020-03-10,0,4.57,39,1417173120
India,2020-03-11,0,4.57,39,1417173120
India,2020-03-12,0,4.57,39,1417173120
India,2020-03-13,0,4.57,39,1417173120
India,2020-03-14,0,4.57,39,1417173120
India,2020-03-15,68,9.71,107,1417173120
India,2020-03-16,0,9.71,107,1417173120
India,2020-03-17,0,9.71,107,1417173120
India,2020-03-18,0,9.71,107,1417173120
India,2020-03-19,0,9.71,107,1417173120
India,2020-03-20,0,9.71,107,1417173120
India,2020-03-21,0,9.71,107,1417173120
India,2020-03-22,253,36.14,360,1417173120
India,2020-03-23,0,36.14,360,1417173120
India,2020-03-24,0,36.14,360,1417173120
India,2020-03-25,0,36.14,360,1417173120
India,2020-03-26,0,36.14,360,1417173120
India,2020-03-27,0,36.14,360,1417173120
India,2020-03-28,0,36.14,360,1417173120
India,2020-03-29,619,88.43,979,1417173120
India,2020-03-30,0,88.43,979,1417173120
India,2020-03-31,0,88.43,979,1417173120
India,2020-04-01,0,88.43,979,1417173120
India,2020-04-02,0,88.43,979,1417173120
India,2020-04-03,0,88.43,979,1417173120
India,2020-04-04,0,88.43,979,1417173120
India,2020-04-05,2395,342.14,3374,1417173120
India,2020-04-06,0,342.14,3374,1417173120
India,2020-04-07,0,342.14,3374,1417173120
India,2020-04-08,0,342.14,3374,1417173120
India,2020-04-09,0,342.14,3374,1417173120
India,2020-04-10,0,342.14,3374,1417173120
India,2020-04-11,0,342.14,3374,1417173120
India,2020-04-12,4982,711.71,8356,1417173120
India,2020-04-13,0,711.71,8356,1417173120
India,2020-04-14,0,711.71,8356,1417173120
India,2020-04-15,0,711.71,8356,1417173120
India,2020-04-16,0,711.71,8356,1417173120
India,2020-04-17,0,711.71,8356,1417173120
India,2020-04-18,0,711.71,8356,1417173120
India,2020-04-19,7356,1050.86,15712,1417173120
India,2020-04-20,0,1050.86,15712,1417173120
India,2020-04-21,0,1050.86,15712,1417173120
India,2020-04-22,0,1050.86,15712,1417173120
India,2020-04-23,0,1050.86,15712,1417173120
India,2020-04-24,0,1050.86,15712,1417173120
India,2020-04-25,0,1050.86,15712,1417173120
India,2020-04-26,10784,1540.57,26496,1417173120
India,2020-04-27,0,1540.57,26496,1417173120
India,2020-04-28,0,1540.57,26496,1417173120
India,2020-04-29,0,1540.57,26496,1417173120
India,2020-04-30,0,1540.57,26496,1417173120
India,2020-05-01,0,1540.57,26496,1417173120
India,2020-05-02,0,1540.57,26496,1417173120
India,2020-05-03,13484,1926.29,39980,1417173120
India,2020-05-04,0,1926.29,39980,1417173120
India,2020-05-05,0,1926.29,39980,1417173120
India,2020-05-06,0,1926.29,39980,1417173120
India,2020-05-07,0,1926.29,39980,1417173120
India,2020-05-08,0,1926.29,39980,1417173120
India,2020-05-09,0,1926.29,39980,1417173120
India,2020-05-10,22959,3279.86,62939,1417173120
India,2020-05-11,0,3279.86,62939,1417173120
India,2020-05-12,0,3279.86,62939,1417173120
India,2020-05-13,0,3279.86,62939,1417173120
India,2020-05-14,0,3279.86,62939,1417173120
India,2020-05-15,0,3279.86,62939,1417173120
India,2020-05-16,0,3279.86,62939,1417173120
India,2020-05-17,27988,3998.29,90927,1417173120
India,2020-05-18,0,3998.29,90927,1417173120
India,2020-05-19,0,3998.29,90927,1417173120
India,2020-05-20,0,3998.29,90927,1417173120
India,2020-05-21,0,3998.29,90927,1417173120
India,2020-05-22,0,3998.29,90927,1417173120
India,2020-05-23,0,3998.29,90927,1417173120
India,2020-05-24,40941,5848.71,131868,1417173120
India,2020-05-25,0,5848.71,131868,1417173120
India,2020-05-26,0,5848.71,131868,1417173120
India,2020-05-27,0,5848.71,131868,1417173120
India,2020-05-28,0,5848.71,131868,1417173120
India,2020-05-29,0,5848.71,131868,1417173120
India,2020-05-30,0,5848.71,131868,1417173120
India,2020-05-31,50275,7182.14,182143,1417173120
India,2020-06-01,0,7182.14,182143,1417173120
India,2020-06-02,0,7182.14,182143,1417173120
India,2020-06-03,0,7182.14,182143,1417173120
India,2020-06-04,0,7182.14,182143,1417173120
India,2020-06-05,0,7182.14,182143,1417173120
India,2020-06-06,0,7182.14,182143,1417173120
India,2020-06-07,64485,9212.14,246628,1417173120
India,2020-06-08,0,9212.14,246628,1417173120
India,2020-06-09,0,9212.14,246628,1417173120
India,2020-06-10,0,9212.14,246628,1417173120
India,2020-06-11,0,9212.14,246628,1417173120
India,2020-06-12,0,9212.14,246628,1417173120
India,2020-06-13,0,9212.14,246628,1417173120
India,2020-06-14,74294,10613.43,320922,1417173120
India,2020-06-15,0,10613.43,320922,1417173120
India,2020-06-16,0,10613.43,320922,1417173120
India,2020-06-17,0,10613.43,320922,1417173120
India,2020-06-18,0,10613.43,320922,1417173120
India,2020-06-19,0,10613.43,320922,1417173120
India,2020-06-20,0,10613.43,320922,1417173120
India,2020-06-21,89539,12791.29,410461,1417173120
India,2020-06-22,0,12791.29,410461,1417173120
India,2020-06-23,0,12791.29,410461,1417173120
India,2020-06-24,0,12791.29,410461,1417173120
India,2020-06-25,0,12791.29,410461,1417173120
India,2020-06-26,0,12791.29,410461,1417173120
India,2020-06-27,0,12791.29,410461,1417173120
India,2020-06-28,118398,16914.0,528859,1417173120
India,2020-06-29,0,16914.0,528859,1417173120
India,2020-06-30,0,16914.0,528859,1417173120
India,2020-07-01,0,16914.0,528859,1417173120
India,2020-07-02,0,16914.0,528859,1417173120
India,2020-07-03,0,16914.0,528859,1417173120
India,2020-07-04,0,16914.0,528859,1417173120
India,2020-07-05,144306,20615.14,673165,1417173120
India,2020-07-06,0,20615.14,673165,1417173120
India,2020-07-07,0,20615.14,673165,1417173120
India,2020-07-08,0,20615.14,673165,1417173120
India,2020-07-09,0,20615.14,673165,1417173120
India,2020-07-10,0,20615.14,673165,1417173120
India,2020-07-11,0,20615.14,673165,1417173120
India,2020-07-12,176388,25198.29,849553,1417173120
India,2020-07-13,0,25198.29,849553,1417173120
India,2020-07-14,0,25198.29,849553,1417173120
India,2020-07-15,0,25198.29,849553,1417173120
India,2020-07-16,0,25198.29,849553,1417173120
India,2020-07-17,0,25198.29,849553,1417173120
India,2020-07-18,0,25198.29,849553,1417173120
India,2020-07-19,228065,32580.71,1077618,1417173120
India,2020-07-20,0,32580.71,1077618,1417173120
India,2020-07-21,0,32580.71,1077618,1417173120
India,2020-07-22,0,32580.71,1077618,1417173120
India,2020-07-23,0,32580.71,1077618,1417173120
India,2020-07-24,0,32580.71,1077618,1417173120
India,2020-07-25,0,32580.71,1077618,1417173120
India,2020-07-26,307904,43986.29,1385522,1417173120
India,2020-07-27,0,43986.29,1385522,1417173120
India,2020-07-28,0,43986.29,1385522,1417173120
India,2020-07-29,0,43986.29,1385522,1417173120
India,2020-07-30,0,43986.29,1385522,1417173120
India,2020-07-31,0,43986.29,1385522,1417173120
India,2020-08-01,0,43986.29,1385522,1417173120
India,2020-08-02,365201,52171.57,1750723,1417173120
India,2020-08-03,0,52171.57,1750723,1417173120
India,2020-08-04,0,52171.57,1750723,1417173120
India,2020-08-05,0,52171.57,1750723,1417173120
India,2020-08-06,0,52171.57,1750723,1417173120
India,2020-08-07,0,52171.57,1750723,1417173120
India,2020-08-08,0,52171.57,1750723,1417173120
India,2020-08-09,402287,57469.57,2153010,1417173120
India,2020-08-10,0,57469.57,2153010,1417173120
India,2020-08-11,0,57469.57,2153010,1417173120
India,2020-08-12,0,57469.57,2153010,1417173120
India,2020-08-13,0,57469.57,2153010,1417173120
India,2020-08-14,0,57469.57,2153010,1417173120
India,2020-08-15,0,57469.57,2153010,1417173120
India,2020-08-16,436672,62381.71,2589682,1417173120
India,2020-08-17,0,62381.71,2589682,1417173120
India,2020-08-18,0,62381.71,2589682,1417173120
India,2020-08-19,0,62381.71,2589682,1417173120
India,2020-08-20,0,62381.71,2589682,1417173120
India,2020-08-21,0,62381.71,2589682,1417173120
India,2020-08-22,0,62381.71,2589682,1417173120
India,2020-08-23,455258,65036.86,3044940,1417173120
India,2020-08-24,0,65036.86,3044940,1417173120
India,2020-08-25,0,65036.86,3044940,1417173120
India,2020-08-26,0,65036.86,3044940,1417173120
India,2020-08-27,0,65036.86,3044940,1417173120
India,2020-08-28,0,65036.86,3044940,1417173120
India,2020-08-29,0,65036.86,3044940,1417173120
India,2020-08-30,497793,71113.29,3542733,1417173120
India,2020-08-31,0,71113.29,3542733,1417173120
India,2020-09-01,0,71113.29,3542733,1417173120
India,2020-09-02,0,71113.29,3542733,1417173120
India,2020-09-03,0,71113.29,3542733,1417173120
India,2020-09-04,0,71113.29,3542733,1417173120
India,2020-09-05,0,71113.29,3542733,1417173120
India,2020-09-06,571078,81582.57,4113811,1417173120
India,2020-09-07,0,81582.57,4113811,1417173120
India,2020-09-08,0,81582.57,4113811,1417173120
India,2020-09-09,0,81582.57,4113811,1417173120
India,2020-09-10,0,81582.57,4113811,1417173120
India,2020-09-11,0,81582.57,4113811,1417173120
India,2020-09-12,0,81582.57,4113811,1417173120
India,2020-09-13,640545,91506.43,4754356,1417173120
India,2020-09-14,0,91506.43,4754356,1417173120
India,2020-09-15,0,91506.43,4754356,1417173120
India,2020-09-16,0,91506.43,4754356,1417173120
India,2020-09-17,0,91506.43,4754356,1417173120
India,2020-09-18,0,91506.43,4754356,1417173120
India,2020-09-19,0,91506.43,4754356,1417173120
India,2020-09-20,646263,92323.29,5400619,1417173120
India,2020-09-21,0,92323.29,5400619,1417173120
India,2020-09-22,0,92323.29,5400619,1417173120
India,2020-09-23,0,92323.29,5400619,1417173120
India,2020-09-24,0,92323.29,5400619,1417173120
India,2020-09-25,0,92323.29,5400619,1417173120
India,2020-09-26,0,92323.29,5400619,1417173120
India,2020-09-27,591913,84559.0,5992532,1417173120
India,2020-09-28,0,84559.0,5992532,1417173120
India,2020-09-29,0,84559.0,5992532,1417173120
India,2020-09-30,0,84559.0,5992532,1417173120
India,2020-10-01,0,84559.0,5992532,1417173120
India,2020-10-02,0,84559.0,5992532,1417173120
India,2020-10-03,0,84559.0,5992532,1417173120
India,2020-10-04,556841,79548.71,6549373,1417173120
India,2020-10-05,0,79548.71,6549373,1417173120
India,2020-10-06,0,79548.71,6549373,1417173120
India,2020-10-07,0,79548.71,6549373,1417173120
India,2020-10-08,0,79548.71,6549373,1417173120
India,2020-10-09,0,79548.71,6549373,1417173120
India,2020-10-10,0,79548.71,6549373,1417173120
India,2020-10-11,504433,72061.86,7053806,1417173120
India,2020-10-12,0,72061.86,7053806,1417173120
India,2020-10-13,0,72061.86,7053806,1417173120
India,2020-10-14,0,72061.86,7053806,1417173120
India,2020-10-15,0,72061.86,7053806,1417173120
India,2020-10-16,0,72061.86,7053806,1417173120
India,2020-10-17,0,72061.86,7053806,1417173120
India,2020-10-18,440745,62963.57,7494551,1417173120
India,2020-10-19,0,62963.57,7494551,1417173120
India,2020-10-20,0,62963.57,7494551,1417173120
India,2020-10-21,0,62963.57,7494551,1417173120
India,2020-10-22,0,62963.57,7494551,1417173120
India,2020-10-23,0,62963.57,7494551,1417173120
India,2020-10-24,0,62963.57,7494551,1417173120
India,2020-10-25,370260,52894.29,7864811,1417173120
India,2020-10-26,0,52894.29,7864811,1417173120
India,2020-10-27,0,52894.29,7864811,1417173120
India,2020-10-28,0,52894.29,7864811,1417173120
India,2020-10-29,0,52894.29,7864811,1417173120
India,2020-10-30,0,52894.29,7864811,1417173120
India,2020-10-31,0,52894.29,7864811,1417173120
India,2020-11-01,319271,45610.14,8184082,1417173120
India,2020-11-02,0,45610.14,8184082,1417173120
India,2020-11-03,0,45610.14,8184082,1417173120
India,2020-11-04,0,45610.14,8184082,1417173120
India,2020-11-05,0,45610.14,8184082,1417173120
India,2020-11-06,0,45610.14,8184082,1417173120
India,2020-11-07,0,45610.14,8184082,1417173120
India,2020-11-08,323672,46238.86,8507754,1417173120
India,2020-11-09,0,46238.86,8507754,1417173120
India,2020-11-10,0,46238.86,8507754,1417173120
India,2020-11-11,0,46238.86,8507754,1417173120
India,2020-11-12,0,46238.86,8507754,1417173120
India,2020-11-13,0,46238.86,8507754,1417173120
India,2020-11-14,0,46238.86,8507754,1417173120
India,2020-11-15,306825,43832.14,8814579,1417173120
India,2020-11-16,0,43832.14,8814579,1417173120
India,2020-11-17,0,43832.14,8814579,1417173120
India,2020-11-18,0,43832.14,8814579,1417173120
India,2020-11-19,0,43832.14,8814579,1417173120
India,2020-11-20,0,43832.14,8814579,1417173120
India,2020-11-21,0,43832.14,8814579,1417173120
India,2020-11-22,281227,40175.29,9095806,1417173120
India,2020-11-23,0,40175.29,9095806,1417173120
India,2020-11-24,0,40175.29,9095806,1417173120
India,2020-11-25,0,40175.29,9095806,1417173120
India,2020-11-26,0,40175.29,9095806,1417173120
India,2020-11-27,0,40175.29,9095806,1417173120
India,2020-11-28,0,40175.29,9095806,1417173120
India,2020-11-29,297113,42444.71,9392919,1417173120
India,2020-11-30,0,42444.71,9392919,1417173120
India,2020-12-01,0,42444.71,9392919,1417173120
India,2020-12-02,0,42444.71,9392919,1417173120
India,2020-12-03,0,42444.71,9392919,1417173120
India,2020-12-04,0,42444.71,9392919,1417173120
India,2020-12-05,0,42444.71,9392919,1417173120
India,2020-12-06,251303,35900.43,9644222,1417173120
India,2020-12-07,0,35900.43,9644222,1417173120
India,2020-12-08,0,35900.43,9644222,1417173120
India,2020-12-09,0,35900.43,9644222,1417173120
India,2020-12-10,0,35900.43,9644222,1417173120
India,2020-12-11,0,35900.43,9644222,1417173120
India,2020-12-12,0,35900.43,9644222,1417173120
India,2020-12-13,212807,30401.0,9857029,1417173120
India,2020-12-14,0,30401.0,9857029,1417173120
India,2020-12-15,0,30401.0,9857029,1417173120
India,2020-12-16,0,30401.0,9857029,1417173120
India,2020-12-17,0,30401.0,9857029,1417173120
India,2020-12-18,0,30401.0,9857029,1417173120
India,2020-12-19,0,30401.0,9857029,1417173120
India,2020-12-20,174194,24884.86,10031223,1417173120
India,2020-12-21,0,24884.86,10031223,1417173120
India,2020-12-22,0,24884.86,10031223,1417173120
India,2020-12-23,0,24884.86,10031223,1417173120
India,2020-12-24,0,24884.86,10031223,1417173120
India,2020-12-25,0,24884.86,10031223,1417173120
India,2020-12-26,0,24884.86,10031223,1417173120
India,2020-12-27,156627,22375.29,10187850,1417173120
India,2020-12-28,0,22375.29,10187850,1417173120
India,2020-12-29,0,22375.29,10187850,1417173120
India,2020-12-30,0,22375.29,10187850,1417173120
India,2020-12-31,0,22375.29,10187850,1417173120
India,2021-01-01,0,22375.29,10187850,1417173120
India,2021-01-02,0,22375.29,10187850,1417173120
India,2021-01-03,136115,19445.0,10323965,1417173120
India,2021-01-04,0,19445.0,10323965,1417173120
India,2021-01-05,0,19445.0,10323965,1417173120
India,2021-01-06,0,19445.0,10323965,1417173120
India,2021-01-07,0,19445.0,10323965,1417173120
India,2021-01-08,0,19445.0,10323965,1417173120
India,2021-01-09,0,19445.0,10323965,1417173120
India,2021-01-10,126319,18045.57,10450284,1417173120
India,2021-01-11,0,18045.57,10450284,1417173120
India,2021-01-12,0,18045.57,10450284,1417173120
India,2021-01-13,0,18045.57,10450284,1417173120
India,2021-01-14,0,18045.57,10450284,1417173120
India,2021-01-15,0,18045.57,10450284,1417173120
India,2021-01-16,0,18045.57,10450284,1417173120
India,2021-01-17,107701,15385.86,10557985,1417173120
India,2021-01-18,0,15385.86,10557985,1417173120
India,2021-01-19,0,15385.86,10557985,1417173120
India,2021-01-20,0,15385.86,10557985,1417173120
India,2021-01-21,0,15385.86,10557985,1417173120
India,2021-01-22,0,15385.86,10557985,1417173120
India,2021-01-23,0,15385.86,10557985,1417173120
India,2021-01-24,96548,13792.57,10654533,1417173120
India,2021-01-25,0,13792.57,10654533,1417173120
India,2021-01-26,0,13792.57,10654533,1417173120
India,2021-01-27,0,13792.57,10654533,1417173120
India,2021-01-28,0,13792.57,10654533,1417173120
India,2021-01-29,0,13792.57,10654533,1417173120
India,2021-01-30,0,13792.57,10654533,1417173120
India,2021-01-31,91650,13092.86,10746183,1417173120
India,2021-02-01,0,13092.86,10746183,1417173120
India,2021-02-02,0,13092.86,10746183,1417173120
India,2021-02-03,0,13092.86,10746183,1417173120
India,2021-02-04,0,13092.86,10746183,1417173120
India,2021-02-05,0,13092.86,10746183,1417173120
India,2021-02-06,0,13092.86,10746183,1417173120
India,2021-02-07,80180,11454.29,10826363,1417173120
India,2021-02-08,0,11454.29,10826363,1417173120
India,2021-02-09,0,11454.29,10826363,1417173120
India,2021-02-10,0,11454.29,10826363,1417173120
India,2021-02-11,0,11454.29,10826363,1417173120
India,2021-02-12,0,11454.29,10826363,1417173120
India,2021-02-13,0,11454.29,10826363,1417173120
India,2021-02-14,78577,11225.29,10904940,1417173120
India,2021-02-15,0,11225.29,10904940,1417173120
India,2021-02-16,0,11225.29,10904940,1417173120
India,2021-02-17,0,11225.29,10904940,1417173120
India,2021-02-18,0,11225.29,10904940,1417173120
India,2021-02-19,0,11225.29,10904940,1417173120
India,2021-02-20,0,11225.29,10904940,1417173120
India,2021-02-21,86711,12387.29,10991651,1417173120
India,2021-02-22,0,12387.29,10991651,1417173120
India,2021-02-23,0,12387.29,10991651,1417173120
India,2021-02-24,0,12387.29,10991651,1417173120
India,2021-02-25,0,12387.29,10991651,1417173120
India,2021-02-26,0,12387.29,10991651,1417173120
India,2021-02-27,0,12387.29,10991651,1417173120
India,2021-02-28,105080,15011.43,11096731,1417173120
India,2021-03-01,0,15011.43,11096731,1417173120
India,2021-03-02,0,15011.43,11096731,1417173120
India,2021-03-03,0,15011.43,11096731,1417173120
India,2021-03-04,0,15011.43,11096731,1417173120
India,2021-03-05,0,15011.43,11096731,1417173120
India,2021-03-06,0,15011.43,11096731,1417173120
India,2021-03-07,114068,16295.43,11210799,1417173120
India,2021-03-08,0,16295.43,11210799,1417173120
India,2021-03-09,0,16295.43,11210799,1417173120
India,2021-03-10,0,16295.43,11210799,1417173120
India,2021-03-11,0,16295.43,11210799,1417173120
India,2021-03-12,0,16295.43,11210799,1417173120
India,2021-03-13,0,16295.43,11210799,1417173120
India,2021-03-14,148249,21178.43,11359048,1417173120
India,2021-03-15,0,21178.43,11359048,1417173120
India,2021-03-16,0,21178.43,11359048,1417173120
India,2021-03-17,0,21178.43,11359048,1417173120
India,2021-03-18,0,21178.43,11359048,1417173120
India,2021-03-19,0,21178.43,11359048,1417173120
India,2021-03-20,0,21178.43,11359048,1417173120
India,2021-03-21,240082,34297.43,11599130,1417173120
India,2021-03-22,0,34297.43,11599130,1417173120
India,2021-03-23,0,34297.43,11599130,1417173120
India,2021-03-24,0,34297.43,11599130,1417173120
India,2021-03-25,0,34297.43,11599130,1417173120
India,2021-03-26,0,34297.43,11599130,1417173120
India,2021-03-27,0,34297.43,11599130,1417173120
India,2021-03-28,372494,53213.43,11971624,1417173120
India,2021-03-29,0,53213.43,11971624,1417173120
India,2021-03-30,0,53213.43,11971624,1417173120
India,2021-03-31,0,53213.43,11971624,1417173120
India,2021-04-01,0,53213.43,11971624,1417173120
India,2021-04-02,0,53213.43,11971624,1417173120
India,2021-04-03,0,53213.43,11971624,1417173120
India,2021-04-04,513885,73412.14,12485509,1417173120
India,2021-04-05,0,73412.14,12485509,1417173120
India,2021-04-06,0,73412.14,12485509,1417173120
India,2021-04-07,0,73412.14,12485509,1417173120
India,2021-04-08,0,73412.14,12485509,1417173120
India,2021-04-09,0,73412.14,12485509,1417173120
India,2021-04-10,0,73412.14,12485509,1417173120
India,2021-04-11,873296,124756.57,13358805,1417173120
India,2021-04-12,0,124756.57,13358805,1417173120
India,2021-04-13,0,124756.57,13358805,1417173120
India,2021-04-14,0,124756.57,13358805,1417173120
India,2021-04-15,0,124756.57,13358805,1417173120
India,2021-04-16,0,124756.57,13358805,1417173120
India,2021-04-17,0,124756.57,13358805,1417173120
India,2021-04-18,1429304,204186.29,14788109,1417173120
India,2021-04-19,0,204186.29,14788109,1417173120
India,2021-04-20,0,204186.29,14788109,1417173120
India,2021-04-21,0,204186.29,14788109,1417173120
India,2021-04-22,0,204186.29,14788109,1417173120
India,2021-04-23,0,204186.29,14788109,1417173120
India,2021-04-24,0,204186.29,14788109,1417173120
India,2021-04-25,2172063,310294.71,16960172,1417173120
India,2021-04-26,0,310294.71,16960172,1417173120
India,2021-04-27,0,310294.71,16960172,1417173120
India,2021-04-28,0,310294.71,16960172,1417173120
India,2021-04-29,0,310294.71,16960172,1417173120
India,2021-04-30,0,310294.71,16960172,1417173120
India,2021-05-01,0,310294.71,16960172,1417173120
India,2021-05-02,2597285,371040.71,19557457,1417173120
India,2021-05-03,0,371040.71,19557457,1417173120
India,2021-05-04,0,371040.71,19557457,1417173120
India,2021-05-05,0,371040.71,19557457,1417173120
India,2021-05-06,0,371040.71,19557457,1417173120
India,2021-05-07,0,371040.71,19557457,1417173120
India,2021-05-08,0,371040.71,19557457,1417173120
India,2021-05-09,2738957,391279.57,22296414,1417173120
India,2021-05-10,0,391279.57,22296414,1417173120
India,2021-05-11,0,391279.57,22296414,1417173120
India,2021-05-12,0,391279.57,22296414,1417173120
India,2021-05-13,0,391279.57,22296414,1417173120
India,2021-05-14,0,391279.57,22296414,1417173120
India,2021-05-15,0,391279.57,22296414,1417173120
India,2021-05-16,2387663,341094.71,24684077,1417173120
India,2021-05-17,0,341094.71,24684077,1417173120
India,2021-05-18,0,341094.71,24684077,1417173120
India,2021-05-19,0,341094.71,24684077,1417173120
India,2021-05-20,0,341094.71,24684077,1417173120
India,2021-05-21,0,341094.71,24684077,1417173120
India,2021-05-22,0,341094.71,24684077,1417173120
India,2021-05-23,1846055,263722.14,26530132,1417173120
India,2021-05-24,0,263722.14,26530132,1417173120
India,2021-05-25,0,263722.14,26530132,1417173120
India,2021-05-26,0,263722.14,26530132,1417173120
India,2021-05-27,0,263722.14,26530132,1417173120
India,2021-05-28,0,263722.14,26530132,1417173120
India,2021-05-29,0,263722.14,26530132,1417173120
India,2021-05-30,1364668,194952.57,27894800,1417173120
India,2021-05-31,0,194952.57,27894800,1417173120
India,2021-06-01,0,194952.57,27894800,1417173120
India,2021-06-02,0,194952.57,27894800,1417173120
India,2021-06-03,0,194952.57,27894800,1417173120
India,2021-06-04,0,194952.57,27894800,1417173120
India,2021-06-05,0,194952.57,27894800,1417173120
India,2021-06-06,914539,130648.43,28809339,1417173120
India,2021-06-07,0,130648.43,28809339,1417173120
India,2021-06-08,0,130648.43,28809339,1417173120
India,2021-06-09,0,130648.43,28809339,1417173120
India,2021-06-10,0,130648.43,28809339,1417173120
India,2021-06-11,0,130648.43,28809339,1417173120
India,2021-06-12,0,130648.43,28809339,1417173120
India,2021-06-13,630650,90092.86,29439989,1417173120
India,2021-06-14,0,90092.86,29439989,1417173120
India,2021-06-15,0,90092.86,29439989,1417173120
India,2021-06-16,0,90092.86,29439989,1417173120
India,2021-06-17,0,90092.86,29439989,1417173120
India,2021-06-18,0,90092.86,29439989,1417173120
India,2021-06-19,0,90092.86,29439989,1417173120
India,2021-06-20,441976,63139.43,29881965,1417173120
India,2021-06-21,0,63139.43,29881965,1417173120
India,2021-06-22,0,63139.43,29881965,1417173120
India,2021-06-23,0,63139.43,29881965,1417173120
India,2021-06-24,0,63139.43,29881965,1417173120
India,2021-06-25,0,63139.43,29881965,1417173120
India,2021-06-26,0,63139.43,29881965,1417173120
India,2021-06-27,351218,50174.0,30233183,1417173120
India,2021-06-28,0,50174.0,30233183,1417173120
India,2021-06-29,0,50174.0,30233183,1417173120
India,2021-06-30,0,50174.0,30233183,1417173120
India,2021-07-01,0,50174.0,30233183,1417173120
India,2021-07-02,0,50174.0,30233183,1417173120
India,2021-07-03,0,50174.0,30233183,1417173120
India,2021-07-04,312250,44607.14,30545433,1417173120
India,2021-07-05,0,44607.14,30545433,1417173120
India,2021-07-06,0,44607.14,30545433,1417173120
India,2021-07-07,0,44607.14,30545433,1417173120
India,2021-07-08,0,44607.14,30545433,1417173120
India,2021-07-09,0,44607.14,30545433,1417173120
India,2021-07-10,0,44607.14,30545433,1417173120
India,2021-07-11,291789,41684.14,30837222,1417173120
India,2021-07-12,0,41684.14,30837222,1417173120
India,2021-07-13,0,41684.14,30837222,1417173120
India,2021-07-14,0,41684.14,30837222,1417173120
India,2021-07-15,0,41684.14,30837222,1417173120
India,2021-07-16,0,41684.14,30837222,1417173120
India,2021-07-17,0,41684.14,30837222,1417173120
India,2021-07-18,268843,38406.14,31106065,1417173120
India,2021-07-19,0,38406.14,31106065,1417173120
India,2021-07-20,0,38406.14,31106065,1417173120
India,2021-07-21,0,38406.14,31106065,1417173120
India,2021-07-22,0,38406.14,31106065,1417173120
India,2021-07-23,0,38406.14,31106065,1417173120
India,2021-07-24,0,38406.14,31106065,1417173120
India,2021-07-25,265836,37976.57,31371901,1417173120
India,2021-07-26,0,37976.57,31371901,1417173120
India,2021-07-27,0,37976.57,31371901,1417173120
India,2021-07-28,0,37976.57,31371901,1417173120
India,2021-07-29,0,37976.57,31371901,1417173120
India,2021-07-30,0,37976.57,31371901,1417173120
India,2021-07-31,0,37976.57,31371901,1417173120
India,2021-08-01,283923,40560.43,31655824,1417173120
India,2021-08-02,0,40560.43,31655824,1417173120
India,2021-08-03,0,40560.43,31655824,1417173120
India,2021-08-04,0,40560.43,31655824,1417173120
India,2021-08-05,0,40560.43,31655824,1417173120
India,2021-08-06,0,40560.43,31655824,1417173120
India,2021-08-07,0,40560.43,31655824,1417173120
India,2021-08-08,278631,39804.43,31934455,1417173120
India,2021-08-09,0,39804.43,31934455,1417173120
India,2021-08-10,0,39804.43,31934455,1417173120
India,2021-08-11,0,39804.43,31934455,1417173120
India,2021-08-12,0,39804.43,31934455,1417173120
India,2021-08-13,0,39804.43,31934455,1417173120
India,2021-08-14,0,39804.43,31934455,1417173120
India,2021-08-15,258121,36874.43,32192576,1417173120
India,2021-08-16,0,36874.43,32192576,1417173120
India,2021-08-17,0,36874.43,32192576,1417173120
India,2021-08-18,0,36874.43,32192576,1417173120
India,2021-08-19,0,36874.43,32192576,1417173120
India,2021-08-20,0,36874.43,32192576,1417173120
India,2021-08-21,0,36874.43,32192576,1417173120
India,2021-08-22,231658,33094.0,32424234,1417173120
India,2021-08-23,0,33094.0,32424234,1417173120
India,2021-08-24,0,33094.0,32424234,1417173120
India,2021-08-25,0,33094.0,32424234,1417173120
India,2021-08-26,0,33094.0,32424234,1417173120
India,2021-08-27,0,33094.0,32424234,1417173120
India,2021-08-28,0,33094.0,32424234,1417173120
India,2021-08-29,270796,38685.14,32695030,1417173120
India,2021-08-30,0,38685.14,32695030,1417173120
India,2021-08-31,0,38685.14,32695030,1417173120
India,2021-09-01,0,38685.14,32695030,1417173120
India,2021-09-02,0,38685.14,32695030,1417173120
India,2021-09-03,0,38685.14,32695030,1417173120
India,2021-09-04,0,38685.14,32695030,1417173120
India,2021-09-05,293643,41949.0,32988673,1417173120
India,2021-09-06,0,41949.0,32988673,1417173120
India,2021-09-07,0,41949.0,32988673,1417173120
India,2021-09-08,0,41949.0,32988673,1417173120
India,2021-09-09,0,41949.0,32988673,1417173120
India,2021-09-10,0,41949.0,32988673,1417173120
India,2021-09-11,0,41949.0,32988673,1417173120
India,2021-09-12,248248,35464.0,33236921,1417173120
India,2021-09-13,0,35464.0,33236921,1417173120
India,2021-09-14,0,35464.0,33236921,1417173120
India,2021-09-15,0,35464.0,33236921,1417173120
India,2021-09-16,0,35464.0,33236921,1417173120
India,2021-09-17,0,35464.0,33236921,1417173120
India,2021-09-18,0,35464.0,33236921,1417173120
India,2021-09-19,211242,30177.43,33448163,1417173120
India,2021-09-20,0,30177.43,33448163,1417173120
India,2021-09-21,0,30177.43,33448163,1417173120
India,2021-09-22,0,30177.43,33448163,1417173120
India,2021-09-23,0,30177.43,33448163,1417173120
India,2021-09-24,0,30177.43,33448163,1417173120
India,2021-09-25,0,30177.43,33448163,1417173120
India,2021-09-26,204582,29226.0,33652745,1417173120
India,2021-09-27,0,29226.0,33652745,1417173120
India,2021-09-28,0,29226.0,33652745,1417173120
India,2021-09-29,0,29226.0,33652745,1417173120
India,2021-09-30,0,29226.0,33652745,1417173120
India,2021-10-01,0,29226.0,33652745,1417173120
India,2021-10-02,0,29226.0,33652745,1417173120
India,2021-10-03,161158,23022.57,33813903,1417173120
India,2021-10-04,0,23022.57,33813903,1417173120
India,2021-10-05,0,23022.57,33813903,1417173120
India,2021-10-06,0,23022.57,33813903,1417173120
India,2021-10-07,0,23022.57,33813903,1417173120
India,2021-10-08,0,23022.57,33813903,1417173120
India,2021-10-09,0,23022.57,33813903,1417173120
India,2021-10-10,139572,19938.86,33953475,1417173120
India,2021-10-11,0,19938.86,33953475,1417173120
India,2021-10-12,0,19938.86,33953475,1417173120
India,2021-10-13,0,19938.86,33953475,1417173120
India,2021-10-14,0,19938.86,33953475,1417173120
India,2021-10-15,0,19938.86,33953475,1417173120
India,2021-10-16,0,19938.86,33953475,1417173120
India,2021-10-17,114244,16320.57,34067719,1417173120
India,2021-10-18,0,16320.57,34067719,1417173120
India,2021-10-19,0,16320.57,34067719,1417173120
India,2021-10-20,0,16320.57,34067719,1417173120
India,2021-10-21,0,16320.57,34067719,1417173120
India,2021-10-22,0,16320.57,34067719,1417173120
India,2021-10-23,0,16320.57,34067719,1417173120
India,2021-10-24,107749,15392.71,34175468,1417173120
India,2021-10-25,0,15392.71,34175468,1417173120
India,2021-10-26,0,15392.71,34175468,1417173120
India,2021-10-27,0,15392.71,34175468,1417173120
India,2021-10-28,0,15392.71,34175468,1417173120
India,2021-10-29,0,15392.71,34175468,1417173120
India,2021-10-30,0,15392.71,34175468,1417173120
India,2021-10-31,97832,13976.0,34273300,1417173120
India,2021-11-01,0,13976.0,34273300,1417173120
India,2021-11-02,0,13976.0,34273300,1417173120
India,2021-11-03,0,13976.0,34273300,1417173120
India,2021-11-04,0,13976.0,34273300,1417173120
India,2021-11-05,0,13976.0,34273300,1417173120
India,2021-11-06,0,13976.0,34273300,1417173120
India,2021-11-07,82236,11748.0,34355536,1417173120
India,2021-11-08,0,11748.0,34355536,1417173120
India,2021-11-09,0,11748.0,34355536,1417173120
India,2021-11-10,0,11748.0,34355536,1417173120
India,2021-11-11,0,11748.0,34355536,1417173120
India,2021-11-12,0,11748.0,34355536,1417173120
India,2021-11-13,0,11748.0,34355536,1417173120
India,2021-11-14,81771,11681.57,34437307,1417173120
India,2021-11-15,0,11681.57,34437307,1417173120
India,2021-11-16,0,11681.57,34437307,1417173120
India,2021-11-17,0,11681.57,34437307,1417173120
India,2021-11-18,0,11681.57,34437307,1417173120
India,2021-11-19,0,11681.57,34437307,1417173120
India,2021-11-20,0,11681.57,34437307,1417173120
India,2021-11-21,73106,10443.71,34510413,1417173120
India,2021-11-22,0,10443.71,34510413,1417173120
India,2021-11-23,0,10443.71,34510413,1417173120
India,2021-11-24,0,10443.71,34510413,1417173120
India,2021-11-25,0,10443.71,34510413,1417173120
India,2021-11-26,0,10443.71,34510413,1417173120
India,2021-11-27,0,10443.71,34510413,1417173120
India,2021-11-28,62110,8872.86,34572523,1417173120
India,2021-11-29,0,8872.86,34572523,1417173120
India,2021-11-30,0,8872.86,34572523,1417173120
India,2021-12-01,0,8872.86,34572523,1417173120
India,2021-12-02,0,8872.86,34572523,1417173120
India,2021-12-03,0,8872.86,34572523,1417173120
India,2021-12-04,0,8872.86,34572523,1417173120
India,2021-12-05,60732,8676.0,34633255,1417173120
India,2021-12-06,0,8676.0,34633255,1417173120
India,2021-12-07,0,8676.0,34633255,1417173120
India,2021-12-08,0,8676.0,34633255,1417173120
India,2021-12-09,0,8676.0,34633255,1417173120
India,2021-12-10,0,8676.0,34633255,1417173120
India,2021-12-11,0,8676.0,34633255,1417173120
India,2021-12-12,57255,8179.29,34690510,1417173120
India,2021-12-13,0,8179.29,34690510,1417173120
India,2021-12-14,0,8179.29,34690510,1417173120
India,2021-12-15,0,8179.29,34690510,1417173120
India,2021-12-16,0,8179.29,34690510,1417173120
India,2021-12-17,0,8179.29,34690510,1417173120
India,2021-12-18,0,8179.29,34690510,1417173120
India,2021-12-19,49765,7109.29,34740275,1417173120
India,2021-12-20,0,7109.29,34740275,1417173120
India,2021-12-21,0,7109.29,34740275,1417173120
India,2021-12-22,0,7109.29,34740275,1417173120
India,2021-12-23,0,7109.29,34740275,1417173120
India,2021-12-24,0,7109.29,34740275,1417173120
India,2021-12-25,0,7109.29,34740275,1417173120
India,2021-12-26,46527,6646.71,34786802,1417173120
India,2021-12-27,0,6646.71,34786802,1417173120
India,2021-12-28,0,6646.71,34786802,1417173120
India,2021-12-29,0,6646.71,34786802,1417173120
India,2021-12-30,0,6646.71,34786802,1417173120
India,2021-12-31,0,6646.71,34786802,1417173120
India,2022-01-01,0,6646.71,34786802,1417173120
India,2022-01-02,102330,14618.57,34889132,1417173120
India,2022-01-03,0,14618.57,34889132,1417173120
India,2022-01-04,0,14618.57,34889132,1417173120
India,2022-01-05,0,14618.57,34889132,1417173120
India,2022-01-06,0,14618.57,34889132,1417173120
India,2022-01-07,0,14618.57,34889132,1417173120
India,2022-01-08,0,14618.57,34889132,1417173120
India,2022-01-09,638872,91267.43,35528004,1417173120
India,2022-01-10,0,91267.43,35528004,1417173120
India,2022-01-11,0,91267.43,35528004,1417173120
India,2022-01-12,0,91267.43,35528004,1417173120
India,2022-01-13,0,91267.43,35528004,1417173120
India,2022-01-14,0,91267.43,35528004,1417173120
India,2022-01-15,0,91267.43,35528004,1417173120
India,2022-01-16,1594160,227737.14,37122164,1417173120
India,2022-01-17,0,227737.14,37122164,1417173120
India,2022-01-18,0,227737.14,37122164,1417173120
India,2022-01-19,0,227737.14,37122164,1417173120
India,2022-01-20,0,227737.14,37122164,1417173120
India,2022-01-21,0,227737.14,37122164,1417173120
India,2022-01-22,0,227737.14,37122164,1417173120
India,2022-01-23,2115100,302157.14,39237264,1417173120
India,2022-01-24,0,302157.14,39237264,1417173120
India,2022-01-25,0,302157.14,39237264,1417173120
India,2022-01-26,0,302157.14,39237264,1417173120
India,2022-01-27,0,302157.14,39237264,1417173120
India,2022-01-28,0,302157.14,39237264,1417173120
India,2022-01-29,0,302157.14,39237264,1417173120
India,2022-01-30,1855258,265036.86,41092522,1417173120
India,2022-01-31,0,265036.86,41092522,1417173120
India,2022-02-01,0,265036.86,41092522,1417173120
India,2022-02-02,0,265036.86,41092522,1417173120
India,2022-02-03,0,265036.86,41092522,1417173120
India,2022-02-04,0,265036.86,41092522,1417173120
India,2022-02-05,0,265036.86,41092522,1417173120
India,2022-02-06,1095616,156516.57,42188138,1417173120
India,2022-02-07,0,156516.57,42188138,1417173120
India,2022-02-08,0,156516.57,42188138,1417173120
India,2022-02-09,0,156516.57,42188138,1417173120
India,2022-02-10,0,156516.57,42188138,1417173120
India,2022-02-11,0,156516.57,42188138,1417173120
India,2022-02-12,0,156516.57,42188138,1417173120
India,2022-02-13,443283,63326.14,42631421,1417173120
India,2022-02-14,0,63326.14,42631421,1417173120
India,2022-02-15,0,63326.14,42631421,1417173120
India,2022-02-16,0,63326.14,42631421,1417173120
India,2022-02-17,0,63326.14,42631421,1417173120
India,2022-02-18,0,63326.14,42631421,1417173120
India,2022-02-19,0,63326.14,42631421,1417173120
India,2022-02-20,191052,27293.14,42822473,1417173120
India,2022-02-21,0,27293.14,42822473,1417173120
India,2022-02-22,0,27293.14,42822473,1417173120
India,2022-02-23,0,27293.14,42822473,1417173120
India,2022-02-24,0,27293.14,42822473,1417173120
India,2022-02-25,0,27293.14,42822473,1417173120
India,2022-02-26,0,27293.14,42822473,1417173120
India,2022-02-27,93644,13377.71,42916117,1417173120
India,2022-02-28,0,13377.71,42916117,1417173120
India,2022-03-01,0,13377.71,42916117,1417173120
India,2022-03-02,0,13377.71,42916117,1417173120
India,2022-03-03,0,13377.71,42916117,1417173120
India,2022-03-04,0,13377.71,42916117,1417173120
India,2022-03-05,0,13377.71,42916117,1417173120
India,2022-03-06,46836,6690.86,42962953,1417173120
India,2022-03-07,0,6690.86,42962953,1417173120
India,2022-03-08,0,6690.86,42962953,1417173120
India,2022-03-09,0,6690.86,42962953,1417173120
India,2022-03-10,0,6690.86,42962953,1417173120
India,2022-03-11,0,6690.86,42962953,1417173120
India,2022-03-12,0,6690.86,42962953,1417173120
India,2022-03-13,28038,4005.43,42990991,1417173120
India,2022-03-14,0,4005.43,42990991,1417173120
India,2022-03-15,0,4005.43,42990991,1417173120
India,2022-03-16,0,4005.43,42990991,1417173120
India,2022-03-17,0,4005.43,42990991,1417173120
India,2022-03-18,0,4005.43,42990991,1417173120
India,2022-03-19,0,4005.43,42990991,1417173120
India,2022-03-20,16850,2407.14,43007841,1417173120
India,2022-03-21,0,2407.14,43007841,1417173120
India,2022-03-22,0,2407.14,43007841,1417173120
India,2022-03-23,0,2407.14,43007841,1417173120
India,2022-03-24,0,2407.14,43007841,1417173120
India,2022-03-25,0,2407.14,43007841,1417173120
India,2022-03-26,0,2407.14,43007841,1417173120
India,2022-03-27,11612,1658.86,43019453,1417173120
India,2022-03-28,0,1658.86,43019453,1417173120
India,2022-03-29,0,1658.86,43019453,1417173120
India,2022-03-30,0,1658.86,43019453,1417173120
India,2022-03-31,0,1658.86,43019453,1417173120
India,2022-04-01,0,1658.86,43019453,1417173120
India,2022-04-02,0,1658.86,43019453,1417173120
India,2022-04-03,8678,1239.71,43028131,1417173120
India,2022-04-04,0,1239.71,43028131,1417173120
India,2022-04-05,0,1239.71,43028131,1417173120
India,2022-04-06,0,1239.71,43028131,1417173120
India,2022-04-07,0,1239.71,43028131,1417173120
India,2022-04-08,0,1239.71,43028131,1417173120
India,2022-04-09,0,1239.71,43028131,1417173120
India,2022-04-10,7140,1020.0,43035271,1417173120
India,2022-04-11,0,1020.0,43035271,1417173120
India,2022-04-12,0,1020.0,43035271,1417173120
India,2022-04-13,0,1020.0,43035271,1417173120
India,2022-04-14,0,1020.0,43035271,1417173120
India,2022-04-15,0,1020.0,43035271,1417173120
India,2022-04-16,0,1020.0,43035271,1417173120
India,2022-04-17,6826,975.14,43042097,1417173120
India,2022-04-18,0,975.14,43042097,1417173120
India,2022-04-19,0,975.14,43042097,1417173120
India,2022-04-20,0,975.14,43042097,1417173120
India,2022-04-21,0,975.14,43042097,1417173120
India,2022-04-22,0,975.14,43042097,1417173120
India,2022-04-23,0,975.14,43042097,1417173120
India,2022-04-24,15448,2206.86,43057545,1417173120
India,2022-04-25,0,2206.86,43057545,1417173120
India,2022-04-26,0,2206.86,43057545,1417173120
India,2022-04-27,0,2206.86,43057545,1417173120
India,2022-04-28,0,2206.86,43057545,1417173120
India,2022-04-29,0,2206.86,43057545,1417173120
India,2022-04-30,0,2206.86,43057545,1417173120
India,2022-05-01,21643,3091.86,43079188,1417173120
India,2022-05-02,0,3091.86,43079188,1417173120
India,2022-05-03,0,3091.86,43079188,1417173120
India,2022-05-04,0,3091.86,43079188,1417173120
India,2022-05-05,0,3091.86,43079188,1417173120
India,2022-05-06,0,3091.86,43079188,1417173120
India,2022-05-07,0,3091.86,43079188,1417173120
India,2022-05-08,23006,3286.57,43102194,1417173120
India,2022-05-09,0,3286.57,43102194,1417173120
India,2022-05-10,0,3286.57,43102194,1417173120
India,2022-05-11,0,3286.57,43102194,1417173120
India,2022-05-12,0,3286.57,43102194,1417173120
India,2022-05-13,0,3286.57,43102194,1417173120
India,2022-05-14,0,3286.57,43102194,1417173120
India,2022-05-15,19405,2772.14,43121599,1417173120
India,2022-05-16,0,2772.14,43121599,1417173120
India,2022-05-17,0,2772.14,43121599,1417173120
India,2022-05-18,0,2772.14,43121599,1417173120
India,2022-05-19,0,2772.14,43121599,1417173120
India,2022-05-20,0,2772.14,43121599,1417173120
India,2022-05-21,0,2772.14,43121599,1417173120
India,2022-05-22,14772,2110.29,43136371,1417173120
India,2022-05-23,0,2110.29,43136371,1417173120
India,2022-05-24,0,2110.29,43136371,1417173120
India,2022-05-25,0,2110.29,43136371,1417173120
India,2022-05-26,0,2110.29,43136371,1417173120
India,2022-05-27,0,2110.29,43136371,1417173120
India,2022-05-28,0,2110.29,43136371,1417173120
India,2022-05-29,16672,2381.71,43153043,1417173120
India,2022-05-30,0,2381.71,43153043,1417173120
India,2022-05-31,0,2381.71,43153043,1417173120
India,2022-06-01,0,2381.71,43153043,1417173120
India,2022-06-02,0,2381.71,43153043,1417173120
India,2022-06-03,0,2381.71,43153043,1417173120
India,2022-06-04,0,2381.71,43153043,1417173120
India,2022-06-05,23774,3396.29,43176817,1417173120
India,2022-06-06,0,3396.29,43176817,1417173120
India,2022-06-07,0,3396.29,43176817,1417173120
India,2022-06-08,0,3396.29,43176817,1417173120
India,2022-06-09,0,3396.29,43176817,1417173120
India,2022-06-10,0,3396.29,43176817,1417173120
India,2022-06-11,0,3396.29,43176817,1417173120
India,2022-06-12,45200,6457.14,43222017,1417173120
India,2022-06-13,0,6457.14,43222017,1417173120
India,2022-06-14,0,6457.14,43222017,1417173120
India,2022-06-15,0,6457.14,43222017,1417173120
India,2022-06-16,0,6457.14,43222017,1417173120
India,2022-06-17,0,6457.14,43222017,1417173120
India,2022-06-18,0,6457.14,43222017,1417173120
India,2022-06-19,74675,10667.86,43296692,1417173120
India,2022-06-20,0,10667.86,43296692,1417173120
India,2022-06-21,0,10667.86,43296692,1417173120
India,2022-06-22,0,10667.86,43296692,1417173120
India,2022-06-23,0,10667.86,43296692,1417173120
India,2022-06-24,0,10667.86,43296692,1417173120
India,2022-06-25,0,10667.86,43296692,1417173120
India,2022-06-26,93281,13325.86,43389973,1417173120
India,2022-06-27,0,13325.86,43389973,1417173120
India,2022-06-28,0,13325.86,43389973,1417173120
India,2022-06-29,0,13325.86,43389973,1417173120
India,2022-06-30,0,13325.86,43389973,1417173120
India,2022-07-01,0,13325.86,43389973,1417173120
India,2022-07-02,0,13325.86,43389973,1417173120
India,2022-07-03,112456,16065.14,43502429,1417173120
India,2022-07-04,0,16065.14,43502429,1417173120
India,2022-07-05,0,16065.14,43502429,1417173120
India,2022-07-06,0,16065.14,43502429,1417173120
India,2022-07-07,0,16065.14,43502429,1417173120
India,2022-07-08,0,16065.14,43502429,1417173120
India,2022-07-09,0,16065.14,43502429,1417173120
India,2022-07-10,120222,17174.57,43622651,1417173120
India,2022-07-11,0,17174.57,43622651,1417173120
India,2022-07-12,0,17174.57,43622651,1417173120
India,2022-07-13,0,17174.57,43622651,1417173120
India,2022-07-14,0,17174.57,43622651,1417173120
India,2022-07-15,0,17174.57,43622651,1417173120
India,2022-07-16,0,17174.57,43622651,1417173120
India,2022-07-17,127948,18278.29,43750599,1417173120
India,2022-07-18,0,18278.29,43750599,1417173120
India,2022-07-19,0,18278.29,43750599,1417173120
India,2022-07-20,0,18278.29,43750599,1417173120
India,2022-07-21,0,18278.29,43750599,1417173120
India,2022-07-22,0,18278.29,43750599,1417173120
India,2022-07-23,0,18278.29,43750599,1417173120
India,2022-07-24,138156,19736.57,43888755,1417173120
India,2022-07-25,0,19736.57,43888755,1417173120
India,2022-07-26,0,19736.57,43888755,1417173120
India,2022-07-27,0,19736.57,43888755,1417173120
India,2022-07-28,0,19736.57,43888755,1417173120
India,2022-07-29,0,19736.57,43888755,1417173120
India,2022-07-30,0,19736.57,43888755,1417173120
India,2022-07-31,131056,18722.29,44019811,1417173120
India,2022-08-01,0,18722.29,44019811,1417173120
India,2022-08-02,0,18722.29,44019811,1417173120
India,2022-08-03,0,18722.29,44019811,1417173120
India,2022-08-04,0,18722.29,44019811,1417173120
India,2022-08-05,0,18722.29,44019811,1417173120
India,2022-08-06,0,18722.29,44019811,1417173120
India,2022-08-07,125921,17988.71,44145732,1417173120
India,2022-08-08,0,17988.71,44145732,1417173120
India,2022-08-09,0,17988.71,44145732,1417173120
India,2022-08-10,0,17988.71,44145732,1417173120
India,2022-08-11,0,17988.71,44145732,1417173120
India,2022-08-12,0,17988.71,44145732,1417173120
India,2022-08-13,0,17988.71,44145732,1417173120
India,2022-08-14,107732,15390.29,44253464,1417173120
India,2022-08-15,0,15390.29,44253464,1417173120
India,2022-08-16,0,15390.29,44253464,1417173120
India,2022-08-17,0,15390.29,44253464,1417173120
India,2022-08-18,0,15390.29,44253464,1417173120
India,2022-08-19,0,15390.29,44253464,1417173120
India,2022-08-20,0,15390.29,44253464,1417173120
India,2022-08-21,85965,12280.71,44339429,1417173120
India,2022-08-22,0,12280.71,44339429,1417173120
India,2022-08-23,0,12280.71,44339429,1417173120
India,2022-08-24,0,12280.71,44339429,1417173120
India,2022-08-25,0,12280.71,44339429,1417173120
India,2022-08-26,0,12280.71,44339429,1417173120
India,2022-08-27,0,12280.71,44339429,1417173120
India,2022-08-28,68703,9814.71,44408132,1417173120
India,2022-08-29,0,9814.71,44408132,1417173120
India,2022-08-30,0,9814.71,44408132,1417173120
India,2022-08-31,0,9814.71,44408132,1417173120
India,2022-09-01,0,9814.71,44408132,1417173120
India,2022-09-02,0,9814.71,44408132,1417173120
India,2022-09-03,0,9814.71,44408132,1417173120
India,2022-09-04,48403,6914.71,44456535,1417173120
India,2022-09-05,0,6914.71,44456535,1417173120
India,2022-09-06,0,6914.71,44456535,1417173120
India,2022-09-07,0,6914.71,44456535,1417173120
India,2022-09-08,0,6914.71,44456535,1417173120
India,2022-09-09,0,6914.71,44456535,1417173120
India,2022-09-10,0,6914.71,44456535,1417173120
India,2022-09-11,38824,5546.29,44495359,1417173120
India,2022-09-12,0,5546.29,44495359,1417173120
India,2022-09-13,0,5546.29,44495359,1417173120
India,2022-09-14,0,5546.29,44495359,1417173120
India,2022-09-15,0,5546.29,44495359,1417173120
India,2022-09-16,0,5546.29,44495359,1417173120
India,2022-09-17,0,5546.29,44495359,1417173120
India,2022-09-18,38829,5547.0,44534188,1417173120
India,2022-09-19,0,5547.0,44534188,1417173120
India,2022-09-20,0,5547.0,44534188,1417173120
India,2022-09-21,0,5547.0,44534188,1417173120
India,2022-09-22,0,5547.0,44534188,1417173120
India,2022-09-23,0,5547.0,44534188,1417173120
India,2022-09-24,0,5547.0,44534188,1417173120
India,2022-09-25,33926,4846.57,44568114,1417173120
India,2022-09-26,0,4846.57,44568114,1417173120
India,2022-09-27,0,4846.57,44568114,1417173120
India,2022-09-28,0,4846.57,44568114,1417173120
India,2022-09-29,0,4846.57,44568114,1417173120
India,2022-09-30,0,4846.57,44568114,1417173120
India,2022-10-01,0,4846.57,44568114,1417173120
India,2022-10-02,26373,3767.57,44594487,1417173120
India,2022-10-03,0,3767.57,44594487,1417173120
India,2022-10-04,0,3767.57,44594487,1417173120
India,2022-10-05,0,3767.57,44594487,1417173120
India,2022-10-06,0,3767.57,44594487,1417173120
India,2022-10-07,0,3767.57,44594487,1417173120
India,2022-10-08,0,3767.57,44594487,1417173120
India,2022-10-09,17526,2503.71,44612013,1417173120
India,2022-10-10,0,2503.71,44612013,1417173120
India,2022-10-11,0,2503.71,44612013,1417173120
India,2022-10-12,0,2503.71,44612013,1417173120
India,2022-10-13,0,2503.71,44612013,1417173120
India,2022-10-14,0,2503.71,44612013,1417173120
India,2022-10-15,0,2503.71,44612013,1417173120
India,2022-10-16,16815,2402.14,44628828,1417173120
India,2022-10-17,0,2402.14,44628828,1417173120
India,2022-10-18,0,2402.14,44628828,1417173120
India,2022-10-19,0,2402.14,44628828,1417173120
India,2022-10-20,0,2402.14,44628828,1417173120
India,2022-10-21,0,2402.14,44628828,1417173120
India,2022-10-22,0,2402.14,44628828,1417173120
India,2022-10-23,13914,1987.71,44642742,1417173120
India,2022-10-24,0,1987.71,44642742,1417173120
India,2022-10-25,0,1987.71,44642742,1417173120
India,2022-10-26,0,1987.71,44642742,1417173120
India,2022-10-27,0,1987.71,44642742,1417173120
India,2022-10-28,0,1987.71,44642742,1417173120
India,2022-10-29,0,1987.71,44642742,1417173120
India,2022-10-30,9524,1360.57,44652266,1417173120
India,2022-10-31,0,1360.57,44652266,1417173120
India,2022-11-01,0,1360.57,44652266,1417173120
India,2022-11-02,0,1360.57,44652266,1417173120
India,2022-11-03,0,1360.57,44652266,1417173120
India,2022-11-04,0,1360.57,44652266,1417173120
India,2022-11-05,0,1360.57,44652266,1417173120
India,2022-11-06,8313,1187.57,44660579,1417173120
India,2022-11-07,0,1187.57,44660579,1417173120
India,2022-11-08,0,1187.57,44660579,1417173120
India,2022-11-09,0,1187.57,44660579,1417173120
India,2022-11-10,0,1187.57,44660579,1417173120
India,2022-11-11,0,1187.57,44660579,1417173120
India,2022-11-12,0,1187.57,44660579,1417173120
India,2022-11-13,5798,828.29,44666377,1417173120
India,2022-11-14,0,828.29,44666377,1417173120
India,2022-11-15,0,828.29,44666377,1417173120
India,2022-11-16,0,828.29,44666377,1417173120
India,2022-11-17,0,828.29,44666377,1417173120
India,2022-11-18,0,828.29,44666377,1417173120
India,2022-11-19,0,828.29,44666377,1417173120
India,2022-11-20,2638,376.86,44669015,1417173120
India,2022-11-21,0,376.86,44669015,1417173120
India,2022-11-22,0,376.86,44669015,1417173120
India,2022-11-23,0,376.86,44669015,1417173120
India,2022-11-24,0,376.86,44669015,1417173120
India,2022-11-25,0,376.86,44669015,1417173120
India,2022-11-26,0,376.86,44669015,1417173120
India,2022-11-27,2547,363.86,44671562,1417173120
India,2022-11-28,0,363.86,44671562,1417173120
India,2022-11-29,0,363.86,44671562,1417173120
India,2022-11-30,0,363.86,44671562,1417173120
India,2022-12-01,0,363.86,44671562,1417173120
India,2022-12-02,0,363.86,44671562,1417173120
India,2022-12-03,0,363.86,44671562,1417173120
India,2022-12-04,1830,261.43,44673392,1417173120
India,2022-12-05,0,261.43,44673392,1417173120
India,2022-12-06,0,261.43,44673392,1417173120
India,2022-12-07,0,261.43,44673392,1417173120
India,2022-12-08,0,261.43,44673392,1417173120
India,2022-12-09,0,261.43,44673392,1417173120
India,2022-12-10,0,261.43,44673392,1417173120
India,2022-12-11,1430,204.29,44674822,1417173120
India,2022-12-12,0,204.29,44674822,1417173120
India,2022-12-13,0,204.29,44674822,1417173120
India,2022-12-14,0,204.29,44674822,1417173120
India,2022-12-15,0,204.29,44674822,1417173120
India,2022-12-16,0,204.29,44674822,1417173120
India,2022-12-17,0,204.29,44674822,1417173120
India,2022-12-18,1130,161.43,44675952,1417173120
India,2022-12-19,0,161.43,44675952,1417173120
India,2022-12-20,0,161.43,44675952,1417173120
India,2022-12-21,0,161.43,44675952,1417173120
India,2022-12-22,0,161.43,44675952,1417173120
India,2022-12-23,0,161.43,44675952,1417173120
India,2022-12-24,0,161.43,44675952,1417173120
India,2022-12-25,1154,164.86,44677106,1417173120
India,2022-12-26,0,164.86,44677106,1417173120
India,2022-12-27,0,164.86,44677106,1417173120
India,2022-12-28,0,164.86,44677106,1417173120
India,2022-12-29,0,164.86,44677106,1417173120
India,2022-12-30,0,164.86,44677106,1417173120
India,2022-12-31,0,164.86,44677106,1417173120
India,2023-01-01,1543,220.43,44678649,1417173120
India,2023-01-02,0,220.43,44678649,1417173120
India,2023-01-03,0,220.43,44678649,1417173120
India,2023-01-04,0,220.43,44678649,1417173120
India,2023-01-05,0,220.43,44678649,1417173120
India,2023-01-06,0,220.43,44678649,1417173120
India,2023-01-07,0,220.43,44678649,1417173120
India,2023-01-08,1275,182.14,44679924,1417173120
India,2023-01-09,0,182.14,44679924,1417173120
India,2023-01-10,0,182.14,44679924,1417173120
India,2023-01-11,0,182.14,44679924,1417173120
India,2023-01-12,0,182.14,44679924,1417173120
India,2023-01-13,0,182.14,44679924,1417173120
India,2023-01-14,0,182.14,44679924,1417173120
India,2023-01-15,1116,159.43,44681040,1417173120
India,2023-01-16,0,159.43,44681040,1417173120
India,2023-01-17,0,159.43,44681040,1417173120
India,2023-01-18,0,159.43,44681040,1417173120
India,2023-01-19,0,159.43,44681040,1417173120
India,2023-01-20,0,159.43,44681040,1417173120
India,2023-01-21,0,159.43,44681040,1417173120
India,2023-01-22,881,125.86,44681921,1417173120
India,2023-01-23,0,125.86,44681921,1417173120
India,2023-01-24,0,125.86,44681921,1417173120
India,2023-01-25,0,125.86,44681921,1417173120
India,2023-01-26,0,125.86,44681921,1417173120
India,2023-01-27,0,125.86,44681921,1417173120
India,2023-01-28,0,125.86,44681921,1417173120
India,2023-01-29,718,102.57,44682639,1417173120
India,2023-01-30,0,102.57,44682639,1417173120
India,2023-01-31,0,102.57,44682639,1417173120
India,2023-02-01,0,102.57,44682639,1417173120
India,2023-02-02,0,102.57,44682639,1417173120
India,2023-02-03,0,102.57,44682639,1417173120
India,2023-02-04,0,102.57,44682639,1417173120
India,2023-02-05,724,103.43,44683363,1417173120
India,2023-02-06,0,103.43,44683363,1417173120
India,2023-02-07,0,103.43,44683363,1417173120
India,2023-02-08,0,103.43,44683363,1417173120
India,2023-02-09,0,103.43,44683363,1417173120
India,2023-02-10,0,103.43,44683363,1417173120
India,2023-02-11,0,103.43,44683363,1417173120
India,2023-02-12,755,107.86,44684118,1417173120
India,2023-02-13,0,107.86,44684118,1417173120
India,2023-02-14,0,107.86,44684118,1417173120
India,2023-02-15,0,107.86,44684118,1417173120
India,2023-02-16,0,107.86,44684118,1417173120
India,2023-02-17,0,107.86,44684118,1417173120
India,2023-02-18,0,107.86,44684118,1417173120
India,2023-02-19,799,114.14,44684917,1417173120
India,2023-02-20,0,114.14,44684917,1417173120
India,2023-02-21,0,114.14,44684917,1417173120
India,2023-02-22,0,114.14,44684917,1417173120
India,2023-02-23,0,114.14,44684917,1417173120
India,2023-02-24,0,114.14,44684917,1417173120
India,2023-02-25,0,114.14,44684917,1417173120
India,2023-02-26,1100,157.14,44686017,1417173120
India,2023-02-27,0,157.14,44686017,1417173120
India,2023-02-28,0,157.14,44686017,1417173120
India,2023-03-01,0,157.14,44686017,1417173120
India,2023-03-02,0,157.14,44686017,1417173120
India,2023-03-03,0,157.14,44686017,1417173120
India,2023-03-04,0,157.14,44686017,1417173120
India,2023-03-05,1803,257.57,44687820,1417173120
India,2023-03-06,0,257.57,44687820,1417173120
India,2023-03-07,0,257.57,44687820,1417173120
India,2023-03-08,0,257.57,44687820,1417173120
India,2023-03-09,0,257.57,44687820,1417173120
India,2023-03-10,0,257.57,44687820,1417173120
India,2023-03-11,0,257.57,44687820,1417173120
India,2023-03-12,2672,381.71,44690492,1417173120
India,2023-03-13,0,381.71,44690492,1417173120
India,2023-03-14,0,381.71,44690492,1417173120
India,2023-03-15,0,381.71,44690492,1417173120
India,2023-03-16,0,381.71,44690492,1417173120
India,2023-03-17,0,381.71,44690492,1417173120
India,2023-03-18,0,381.71,44690492,1417173120
India,2023-03-19,4928,704.0,44695420,1417173120
India,2023-03-20,0,704.0,44695420,1417173120
India,2023-03-21,0,704.0,44695420,1417173120
India,2023-03-22,0,704.0,44695420,1417173120
India,2023-03-23,0,704.0,44695420,1417173120
India,2023-03-24,0,704.0,44695420,1417173120
India,2023-03-25,0,704.0,44695420,1417173120
India,2023-03-26,8727,1246.71,44704147,1417173120
India,2023-03-27,0,1246.71,44704147,1417173120
India,2023-03-28,0,1246.71,44704147,1417173120
India,2023-03-29,0,1246.71,44704147,1417173120
India,2023-03-30,0,1246.71,44704147,1417173120
India,2023-03-31,0,1246.71,44704147,1417173120
India,2023-04-01,0,1246.71,44704147,1417173120
India,2023-04-02,18458,2636.86,44722605,1417173120
India,2023-04-03,0,2636.86,44722605,1417173120
India,2023-04-04,0,2636.86,44722605,1417173120
India,2023-04-05,0,2636.86,44722605,1417173120
India,2023-04-06,0,2636.86,44722605,1417173120
India,2023-04-07,0,2636.86,44722605,1417173120
India,2023-04-08,0,2636.86,44722605,1417173120
India,2023-04-09,34011,4858.71,44756616,1417173120
India,2023-04-10,0,4858.71,44756616,1417173120
India,2023-04-11,0,4858.71,44756616,1417173120
India,2023-04-12,0,4858.71,44756616,1417173120
India,2023-04-13,0,4858.71,44756616,1417173120
India,2023-04-14,0,4858.71,44756616,1417173120
India,2023-04-15,0,4858.71,44756616,1417173120
India,2023-04-16,61499,8785.57,44818115,1417173120
India,2023-04-17,0,8785.57,44818115,1417173120
India,2023-04-18,0,8785.57,44818115,1417173120
India,2023-04-19,0,8785.57,44818115,1417173120
India,2023-04-20,0,8785.57,44818115,1417173120
India,2023-04-21,0,8785.57,44818115,1417173120
India,2023-04-22,0,8785.57,44818115,1417173120
India,2023-04-23,73874,10553.43,44891989,1417173120
India,2023-04-24,0,10553.43,44891989,1417173120
India,2023-04-25,0,10553.43,44891989,1417173120
India,2023-04-26,0,10553.43,44891989,1417173120
India,2023-04-27,0,10553.43,44891989,1417173120
India,2023-04-28,0,10553.43,44891989,1417173120
India,2023-04-29,0,10553.43,44891989,1417173120
India,2023-04-30,53400,7628.57,44945389,1417173120
India,2023-05-01,0,7628.57,44945389,1417173120
India,2023-05-02,0,7628.57,44945389,1417173120
India,2023-05-03,0,7628.57,44945389,1417173120
India,2023-05-04,0,7628.57,44945389,1417173120
India,2023-05-05,0,7628.57,44945389,1417173120
India,2023-05-06,0,7628.57,44945389,1417173120
India,2023-05-07,24241,3463.0,44969630,1417173120
India,2023-05-08,0,3463.0,44969630,1417173120
India,2023-05-09,0,3463.0,44969630,1417173120
India,2023-05-10,0,3463.0,44969630,1417173120
India,2023-05-11,0,3463.0,44969630,1417173120
India,2023-05-12,0,3463.0,44969630,1417173120
India,2023-05-13,0,3463.0,44969630,1417173120
India,2023-05-14,11044,1577.71,44980674,1417173120
India,2023-05-15,0,1577.71,44980674,1417173120
India,2023-05-16,0,1577.71,44980674,1417173120
India,2023-05-17,0,1577.71,44980674,1417173120
India,2023-05-18,0,1577.71,44980674,1417173120
India,2023-05-19,0,1577.71,44980674,1417173120
India,2023-05-20,0,1577.71,44980674,1417173120
India,2023-05-21,5787,826.71,44986461,1417173120
India,2023-05-22,0,826.71,44986461,1417173120
India,2023-05-23,0,826.71,44986461,1417173120
India,2023-05-24,0,826.71,44986461,1417173120
India,2023-05-25,0,826.71,44986461,1417173120
India,2023-05-26,0,826.71,44986461,1417173120
India,2023-05-27,0,826.71,44986461,1417173120
India,2023-05-28,3283,469.0,44989744,1417173120
India,2023-05-29,0,469.0,44989744,1417173120
India,2023-05-30,0,469.0,44989744,1417173120
India,2023-05-31,0,469.0,44989744,1417173120
India,2023-06-01,0,469.0,44989744,1417173120
India,2023-06-02,0,469.0,44989744,1417173120
India,2023-06-03,0,469.0,44989744,1417173120
India,2023-06-04,1838,262.57,44991582,1417173120
India,2023-06-05,0,262.57,44991582,1417173120
India,2023-06-06,0,262.57,44991582,1417173120
India,2023-06-07,0,262.57,44991582,1417173120
India,2023-06-08,0,262.57,44991582,1417173120
India,2023-06-09,0,262.57,44991582,1417173120
India,2023-06-10,0,262.57,44991582,1417173120
India,2023-06-11,1206,172.29,44992788,1417173120
India,2023-06-12,0,172.29,44992788,1417173120
India,2023-06-13,0,172.29,44992788,1417173120
India,2023-06-14,0,172.29,44992788,1417173120
India,2023-06-15,0,172.29,44992788,1417173120
India,2023-06-16,0,172.29,44992788,1417173120
India,2023-06-17,0,172.29,44992788,1417173120
India,2023-06-18,692,98.86,44993480,1417173120
India,2023-06-19,0,98.86,44993480,1417173120
India,2023-06-20,0,98.86,44993480,1417173120
India,2023-06-21,0,98.86,44993480,1417173120
India,2023-06-22,0,98.86,44993480,1417173120
India,2023-06-23,0,98.86,44993480,1417173120
India,2023-06-24,0,98.86,44993480,1417173120
India,2023-06-25,472,67.43,44993952,1417173120
India,2023-06-26,0,67.43,44993952,1417173120
India,2023-06-27,0,67.43,44993952,1417173120
India,2023-06-28,0,67.43,44993952,1417173120
India,2023-06-29,0,67.43,44993952,1417173120
India,2023-06-30,0,67.43,44993952,1417173120
India,2023-07-01,0,67.43,44993952,1417173120
India,2023-07-02,329,47.0,44994281,1417173120
India,2023-07-03,0,47.0,44994281,1417173120
India,2023-07-04,0,47.0,44994281,1417173120
India,2023-07-05,0,47.0,44994281,1417173120
India,2023-07-06,0,47.0,44994281,1417173120
India,2023-07-07,0,47.0,44994281,1417173120
India,2023-07-08,0,47.0,44994281,1417173120
India,2023-07-09,294,42.0,44994575,1417173120
India,2023-07-10,0,42.0,44994575,1417173120
India,2023-07-11,0,42.0,44994575,1417173120
India,2023-07-12,0,42.0,44994575,1417173120
India,2023-07-13,0,42.0,44994575,1417173120
India,2023-07-14,0,42.0,44994575,1417173120
India,2023-07-15,0,42.0,44994575,1417173120
India,2023-07-16,303,43.29,44994878,1417173120
India,2023-07-17,0,43.29,44994878,1417173120
India,2023-07-18,0,43.29,44994878,1417173120
India,2023-07-19,0,43.29,44994878,1417173120
India,2023-07-20,0,43.29,44994878,1417173120
India,2023-07-21,0,43.29,44994878,1417173120
India,2023-07-22,0,43.29,44994878,1417173120
India,2023-07-23,386,55.14,44995264,1417173120
India,2023-07-24,0,55.14,44995264,1417173120
India,2023-07-25,0,55.14,44995264,1417173120
India,2023-07-26,0,55.14,44995264,1417173120
India,2023-07-27,0,55.14,44995264,1417173120
India,2023-07-28,0,55.14,44995264,1417173120
India,2023-07-29,0,55.14,44995264,1417173120
India,2023-07-30,324,46.29,44995588,1417173120
India,2023-07-31,0,46.29,44995588,1417173120
India,2023-08-01,0,46.29,44995588,1417173120
India,2023-08-02,0,46.29,44995588,1417173120
India,2023-08-03,0,46.29,44995588,1417173120
India,2023-08-04,0,46.29,44995588,1417173120
India,2023-08-05,0,46.29,44995588,1417173120
India,2023-08-06,392,56.0,44995980,1417173120
India,2023-08-07,0,56.0,44995980,1417173120
India,2023-08-08,0,56.0,44995980,1417173120
India,2023-08-09,0,56.0,44995980,1417173120
India,2023-08-10,0,56.0,44995980,1417173120
India,2023-08-11,0,56.0,44995980,1417173120
India,2023-08-12,0,56.0,44995980,1417173120
India,2023-08-13,294,42.0,44996274,1417173120
India,2023-08-14,0,42.0,44996274,1417173120
India,2023-08-15,0,42.0,44996274,1417173120
India,2023-08-16,0,42.0,44996274,1417173120
India,2023-08-17,0,42.0,44996274,1417173120
India,2023-08-18,0,42.0,44996274,1417173120
India,2023-08-19,0,42.0,44996274,1417173120
India,2023-08-20,325,46.43,44996599,1417173120
India,2023-08-21,0,46.43,44996599,1417173120
India,2023-08-22,0,46.43,44996599,1417173120
India,2023-08-23,0,46.43,44996599,1417173120
India,2023-08-24,0,46.43,44996599,1417173120
India,2023-08-25,0,46.43,44996599,1417173120
India,2023-08-26,0,46.43,44996599,1417173120
India,2023-08-27,364,52.0,44996963,1417173120
India,2023-08-28,0,52.0,44996963,1417173120
India,2023-08-29,0,52.0,44996963,1417173120
India,2023-08-30,0,52.0,44996963,1417173120
India,2023-08-31,0,52.0,44996963,1417173120
India,2023-09-01,0,52.0,44996963,1417173120
India,2023-09-02,0,52.0,44996963,1417173120
India,2023-09-03,363,51.86,44997326,1417173120
India,2023-09-04,0,51.86,44997326,1417173120
India,2023-09-05,0,51.86,44997326,1417173120
India,2023-09-06,0,51.86,44997326,1417173120
India,2023-09-07,0,51.86,44997326,1417173120
India,2023-09-08,0,51.86,44997326,1417173120
India,2023-09-09,0,51.86,44997326,1417173120
India,2023-09-10,384,54.86,44997710,1417173120
India,2023-09-11,0,54.86,44997710,1417173120
India,2023-09-12,0,54.86,44997710,1417173120
India,2023-09-13,0,54.86,44997710,1417173120
India,2023-09-14,0,54.86,44997710,1417173120
India,2023-09-15,0,54.86,44997710,1417173120
India,2023-09-16,0,54.86,44997710,1417173120
India,2023-09-17,452,64.57,44998162,1417173120
India,2023-09-18,0,64.57,44998162,1417173120
India,2023-09-19,0,64.57,44998162,1417173120
India,2023-09-20,0,64.57,44998162,1417173120
India,2023-09-21,0,64.57,44998162,1417173120
India,2023-09-22,0,64.57,44998162,1417173120
India,2023-09-23,0,64.57,44998162,1417173120
India,2023-09-24,363,51.86,44998525,1417173120
India,2023-09-25,0,51.86,44998525,1417173120
India,2023-09-26,0,51.86,44998525,1417173120
India,2023-09-27,0,51.86,44998525,1417173120
India,2023-09-28,0,51.86,44998525,1417173120
India,2023-09-29,0,51.86,44998525,1417173120
India,2023-09-30,0,51.86,44998525,1417173120
India,2023-10-01,313,44.71,44998838,1417173120
India,2023-10-02,0,44.71,44998838,1417173120
India,2023-10-03,0,44.71,44998838,1417173120
India,2023-10-04,0,44.71,44998838,1417173120
India,2023-10-05,0,44.71,44998838,1417173120
India,2023-10-06,0,44.71,44998838,1417173120
India,2023-10-07,0,44.71,44998838,1417173120
India,2023-10-08,490,70.0,44999328,1417173120
India,2023-10-09,0,70.0,44999328,1417173120
India,2023-10-10,0,70.0,44999328,1417173120
India,2023-10-11,0,70.0,44999328,1417173120
India,2023-10-12,0,70.0,44999328,1417173120
India,2023-10-13,0,70.0,44999328,1417173120
India,2023-10-14,0,70.0,44999328,1417173120
India,2023-10-15,260,37.14,44999588,1417173120
India,2023-10-16,0,37.14,44999588,1417173120
India,2023-10-17,0,37.14,44999588,1417173120
India,2023-10-18,0,37.14,44999588,1417173120
India,2023-10-19,0,37.14,44999588,1417173120
India,2023-10-20,0,37.14,44999588,1417173120
India,2023-10-21,0,37.14,44999588,1417173120
India,2023-10-22,1464,209.14,45001052,1417173120
India,2023-10-23,0,209.14,45001052,1417173120
India,2023-10-24,0,209.14,45001052,1417173120
India,2023-10-25,0,209.14,45001052,1417173120
India,2023-10-26,0,209.14,45001052,1417173120
India,2023-10-27,0,209.14,45001052,1417173120
India,2023-10-28,0,209.14,45001052,1417173120
India,2023-10-29,193,27.57,45001245,1417173120
India,2023-10-30,0,27.57,45001245,1417173120
India,2023-10-31,0,27.57,45001245,1417173120
India,2023-11-01,0,27.57,45001245,1417173120
India,2023-11-02,0,27.57,45001245,1417173120
India,2023-11-03,0,27.57,45001245,1417173120
India,2023-11-04,0,27.57,45001245,1417173120
India,2023-11-05,139,19.86,45001384,1417173120
India,2023-11-06,0,19.86,45001384,1417173120
India,2023-11-07,0,19.86,45001384,1417173120
India,2023-11-08,0,19.86,45001384,1417173120
India,2023-11-09,0,19.86,45001384,1417173120
India,2023-11-10,0,19.86,45001384,1417173120
India,2023-11-11,0,19.86,45001384,1417173120
India,2023-11-12,72,10.29,45001456,1417173120
India,2023-11-13,0,10.29,45001456,1417173120
India,2023-11-14,0,10.29,45001456,1417173120
India,2023-11-15,0,10.29,45001456,1417173120
India,2023-11-16,0,10.29,45001456,1417173120
India,2023-11-17,0,10.29,45001456,1417173120
India,2023-11-18,0,10.29,45001456,1417173120
India,2023-11-19,119,17.0,45001575,1417173120
India,2023-11-20,0,17.0,45001575,1417173120
India,2023-11-21,0,17.0,45001575,1417173120
India,2023-11-22,0,17.0,45001575,1417173120
India,2023-11-23,0,17.0,45001575,1417173120
India,2023-11-24,0,17.0,45001575,1417173120
India,2023-11-25,0,17.0,45001575,1417173120
India,2023-11-26,189,27.0,45001764,1417173120
India,2023-11-27,0,27.0,45001764,1417173120
India,2023-11-28,0,27.0,45001764,1417173120
India,2023-11-29,0,27.0,45001764,1417173120
India,2023-11-30,0,27.0,45001764,1417173120
India,2023-12-01,0,27.0,45001764,1417173120
India,2023-12-02,0,27.0,45001764,1417173120
India,2023-12-03,415,59.29,45002179,1417173120
India,2023-12-04,0,59.29,45002179,1417173120
India,2023-12-05,0,59.29,45002179,1417173120
India,2023-12-06,0,59.29,45002179,1417173120
India,2023-12-07,0,59.29,45002179,1417173120
India,2023-12-08,0,59.29,45002179,1417173120
India,2023-12-09,0,59.29,45002179,1417173120
India,2023-12-10,876,125.14,45003055,1417173120
India,2023-12-11,0,125.14,45003055,1417173120
India,2023-12-12,0,125.14,45003055,1417173120
India,2023-12-13,0,125.14,45003055,1417173120
India,2023-12-14,0,125.14,45003055,1417173120
India,2023-12-15,0,125.14,45003055,1417173120
India,2023-12-16,0,125.14,45003055,1417173120
India,2023-12-17,1761,251.57,45004816,1417173120
India,2023-12-18,0,251.57,45004816,1417173120
India,2023-12-19,0,251.57,45004816,1417173120
India,2023-12-20,0,251.57,45004816,1417173120
India,2023-12-21,0,251.57,45004816,1417173120
India,2023-12-22,0,251.57,45004816,1417173120
India,2023-12-23,0,251.57,45004816,1417173120
India,2023-12-24,3804,543.43,45008620,1417173120
India,2023-12-25,0,543.43,45008620,1417173120
India,2023-12-26,0,543.43,45008620,1417173120
India,2023-12-27,0,543.43,45008620,1417173120
India,2023-12-28,0,543.43,45008620,1417173120
India,2023-12-29,0,543.43,45008620,1417173120
India,2023-12-30,0,543.43,45008620,1417173120
India,2023-12-31,4552,650.29,45013172,1417173120
India,2024-01-01,0,650.29,45013172,1417173120
India,2024-01-02,0,650.29,45013172,1417173120
India,2024-01-03,0,650.29,45013172,1417173120
India,2024-01-04,0,650.29,45013172,1417173120
India,2024-01-05,0,650.29,45013172,1417173120
India,2024-01-06,0,650.29,45013172,1417173120
India,2024-01-07,4962,708.86,45018134,1417173120
India,2024-01-08,0,708.86,45018134,1417173120
India,2024-01-09,0,708.86,45018134,1417173120
India,2024-01-10,0,708.86,45018134,1417173120
India,2024-01-11,0,708.86,45018134,1417173120
India,2024-01-12,0,708.86,45018134,1417173120
India,2024-01-13,0,708.86,45018134,1417173120
India,2024-01-14,3624,517.71,45021758,1417173120
India,2024-01-15,0,517.71,45021758,1417173120
India,2024-01-16,0,517.71,45021758,1417173120
India,2024-01-17,0,517.71,45021758,1417173120
India,2024-01-18,0,517.71,45021758,1417173120
India,2024-01-19,0,517.71,45021758,1417173120
India,2024-01-20,0,517.71,45021758,1417173120
India,2024-01-21,1993,284.71,45023751,1417173120
India,2024-01-22,0,284.71,45023751,1417173120
India,2024-01-23,0,284.71,45023751,1417173120
India,2024-01-24,0,284.71,45023751,1417173120
India,2024-01-25,0,284.71,45023751,1417173120
India,2024-01-26,0,284.71,45023751,1417173120
India,2024-01-27,0,284.71,45023751,1417173120
India,2024-01-28,1325,189.29,45025076,1417173120
India,2024-01-29,0,189.29,45025076,1417173120
India,2024-01-30,0,189.29,45025076,1417173120
India,2024-01-31,0,189.29,45025076,1417173120
India,2024-02-01,0,189.29,45025076,1417173120
India,2024-02-02,0,189.29,45025076,1417173120
India,2024-02-03,0,189.29,45025076,1417173120
India,2024-02-04,1063,151.86,45026139,1417173120
India,2024-02-05,0,151.86,45026139,1417173120
India,2024-02-06,0,151.86,45026139,1417173120
India,2024-02-07,0,151.86,45026139,1417173120
India,2024-02-08,0,151.86,45026139,1417173120
India,2024-02-09,0,151.86,45026139,1417173120
India,2024-02-10,0,151.86,45026139,1417173120
India,2024-02-11,1012,144.57,45027151,1417173120
India,2024-02-12,0,144.57,45027151,1417173120
India,2024-02-13,0,144.57,45027151,1417173120
India,2024-02-14,0,144.57,45027151,1417173120
India,2024-02-15,0,144.57,45027151,1417173120
India,2024-02-16,0,144.57,45027151,1417173120
India,2024-02-17,0,144.57,45027151,1417173120
India,2024-02-18,902,128.86,45028053,1417173120
India,2024-02-19,0,128.86,45028053,1417173120
India,2024-02-20,0,128.86,45028053,1417173120
India,2024-02-21,0,128.86,45028053,1417173120
India,2024-02-22,0,128.86,45028053,1417173120
India,2024-02-23,0,128.86,45028053,1417173120
India,2024-02-24,0,128.86,45028053,1417173120
India,2024-02-25,982,140.29,45029035,1417173120
India,2024-02-26,0,140.29,45029035,1417173120
India,2024-02-27,0,140.29,45029035,1417173120
India,2024-02-28,0,140.29,45029035,1417173120
India,2024-02-29,0,140.29,45029035,1417173120
India,2024-03-01,0,140.29,45029035,1417173120
India,2024-03-02,0,140.29,45029035,1417173120
India,2024-03-03,1177,168.14,45030212,1417173120
India,2024-03-04,0,168.14,45030212,1417173120
India,2024-03-05,0,168.14,45030212,1417173120
India,2024-03-06,0,168.14,45030212,1417173120
India,2024-03-07,0,168.14,45030212,1417173120
India,2024-03-08,0,168.14,45030212,1417173120
India,2024-03-09,0,168.14,45030212,1417173120
India,2024-03-10,1202,171.71,45031414,1417173120
India,2024-03-11,0,171.71,45031414,1417173120
India,2024-03-12,0,171.71,45031414,1417173120
India,2024-03-13,0,171.71,45031414,1417173120
India,2024-03-14,0,171.71,45031414,1417173120
India,2024-03-15,0,171.71,45031414,1417173120
India,2024-03-16,0,171.71,45031414,1417173120
India,2024-03-17,1241,177.29,45032655,1417173120
India,2024-03-18,0,177.29,45032655,1417173120
India,2024-03-19,0,177.29,45032655,1417173120
India,2024-03-20,0,177.29,45032655,1417173120
India,2024-03-21,0,177.29,45032655,1417173120
India,2024-03-22,0,177.29,45032655,1417173120
India,2024-03-23,0,177.29,45032655,1417173120
India,2024-03-24,989,141.29,45033644,1417173120
India,2024-03-25,0,141.29,45033644,1417173120
India,2024-03-26,0,141.29,45033644,1417173120
India,2024-03-27,0,141.29,45033644,1417173120
India,2024-03-28,0,141.29,45033644,1417173120
India,2024-03-29,0,141.29,45033644,1417173120
India,2024-03-30,0,141.29,45033644,1417173120
India,2024-03-31,716,102.29,45034360,1417173120
India,2024-04-01,0,102.29,45034360,1417173120
India,2024-04-02,0,102.29,45034360,1417173120
India,2024-04-03,0,102.29,45034360,1417173120
India,2024-04-04,0,102.29,45034360,1417173120
India,2024-04-05,0,102.29,45034360,1417173120
India,2024-04-06,0,102.29,45034360,1417173120
India,2024-04-07,695,99.29,45035055,1417173120
India,2024-04-08,0,99.29,45035055,1417173120
India,2024-04-09,0,99.29,45035055,1417173120
India,2024-04-10,0,99.29,45035055,1417173120
India,2024-04-11,0,99.29,45035055,1417173120
India,2024-04-12,0,99.29,45035055,1417173120
India,2024-04-13,0,99.29,45035055,1417173120
India,2024-04-14,518,74.0,45035573,1417173120
India,2024-04-15,0,74.0,45035573,1417173120
India,2024-04-16,0,74.0,45035573,1417173120
India,2024-04-17,0,74.0,45035573,1417173120
India,2024-04-18,0,74.0,45035573,1417173120
India,2024-04-19,0,74.0,45035573,1417173120
India,2024-04-20,0,74.0,45035573,1417173120
India,2024-04-21,624,89.14,45036197,1417173120
India,2024-04-22,0,89.14,45036197,1417173120
India,2024-04-23,0,89.14,45036197,1417173120
India,2024-04-24,0,89.14,45036197,1417173120
India,2024-04-25,0,89.14,45036197,1417173120
India,2024-04-26,0,89.14,45036197,1417173120
India,2024-04-27,0,89.14,45036197,1417173120
India,2024-04-28,756,108.0,45036953,1417173120
India,2024-04-29,0,108.0,45036953,1417173120
India,2024-04-30,0,108.0,45036953,1417173120
India,2024-05-01,0,108.0,45036953,1417173120
India,2024-05-02,0,108.0,45036953,1417173120
India,2024-05-03,0,108.0,45036953,1417173120
India,2024-05-04,0,108.0,45036953,1417173120
India,2024-05-05,823,117.57,45037776,1417173120
India,2024-05-06,0,117.57,45037776,1417173120
India,2024-05-07,0,117.57,45037776,1417173120
India,2024-05-08,0,117.57,45037776,1417173120
India,2024-05-09,0,117.57,45037776,1417173120
India,2024-05-10,0,117.57,45037776,1417173120
India,2024-05-11,0,117.57,45037776,1417173120
India,2024-05-12,742,106.0,45038518,1417173120
India,2024-05-13,0,106.0,45038518,1417173120
India,2024-05-14,0,106.0,45038518,1417173120
India,2024-05-15,0,106.0,45038518,1417173120
India,2024-05-16,0,106.0,45038518,1417173120
India,2024-05-17,0,106.0,45038518,1417173120
India,2024-05-18,0,106.0,45038518,1417173120
India,2024-05-19,622,88.86,45039140,1417173120
India,2024-05-20,0,88.86,45039140,1417173120
India,2024-05-21,0,88.86,45039140,1417173120
India,2024-05-22,0,88.86,45039140,1417173120
India,2024-05-23,0,88.86,45039140,1417173120
India,2024-05-24,0,88.86,45039140,1417173120
India,2024-05-25,0,88.86,45039140,1417173120
India,2024-05-26,370,52.86,45039510,1417173120
India,2024-05-27,0,52.86,45039510,1417173120
India,2024-05-28,0,52.86,45039510,1417173120
India,2024-05-29,0,52.86,45039510,1417173120
India,2024-05-30,0,52.86,45039510,1417173120
India,2024-05-31,0,52.86,45039510,1417173120
India,2024-06-01,0,52.86,45039510,1417173120
India,2024-06-02,362,51.71,45039872,1417173120
India,2024-06-03,0,51.71,45039872,1417173120
India,2024-06-04,0,51.71,45039872,1417173120
India,2024-06-05,0,51.71,45039872,1417173120
India,2024-06-06,0,51.71,45039872,1417173120
India,2024-06-07,0,51.71,45039872,1417173120
India,2024-06-08,0,51.71,45039872,1417173120
India,2024-06-09,164,23.43,45040036,1417173120
India,2024-06-10,0,23.43,45040036,1417173120
India,2024-06-11,0,23.43,45040036,1417173120
India,2024-06-12,0,23.43,45040036,1417173120
India,2024-06-13,0,23.43,45040036,1417173120
India,2024-06-14,0,23.43,45040036,1417173120
India,2024-06-15,0,23.43,45040036,1417173120
India,2024-06-16,38,5.43,45040074,1417173120
India,2024-06-17,0,5.43,45040074,1417173120
India,2024-06-18,0,5.43,45040074,1417173120
India,2024-06-19,0,5.43,45040074,1417173120
India,2024-06-20,0,5.43,45040074,1417173120
India,2024-06-21,0,5.43,45040074,1417173120
India,2024-06-22,0,5.43,45040074,1417173120
India,2024-06-23,210,30.0,45040284,1417173120
India,2024-06-24,0,30.0,45040284,1417173120
India,2024-06-25,0,30.0,45040284,1417173120
India,2024-06-26,0,30.0,45040284,1417173120
India,2024-06-27,0,30.0,45040284,1417173120
India,2024-06-28,0,30.0,45040284,1417173120
India,2024-06-29,0,30.0,45040284,1417173120
India,2024-06-30,334,47.71,45040618,1417173120
India,2024-07-01,0,47.71,45040618,1417173120
India,2024-07-02,0,47.71,45040618,1417173120
India,2024-07-03,0,47.71,45040618,1417173120
India,2024-07-04,0,47.71,45040618,1417173120
India,2024-07-05,0,47.71,45040618,1417173120
India,2024-07-06,0,47.71,45040618,1417173120
India,2024-07-07,134,19.14,45040752,1417173120
India,2024-07-08,0,19.14,45040752,1417173120
India,2024-07-09,0,19.14,45040752,1417173120
India,2024-07-10,0,19.14,45040752,1417173120
India,2024-07-11,0,19.14,45040752,1417173120
India,2024-07-12,0,19.14,45040752,1417173120
India,2024-07-13,0,19.14,45040752,1417173120
India,2024-07-14,0,0.0,45040752,1417173120
India,2024-07-15,0,0.0,45040752,1417173120
India,2024-07-16,0,0.0,45040752,1417173120
India,2024-07-17,0,0.0,45040752,1417173120
India,2024-07-18,0,0.0,45040752,1417173120
India,2024-07-19,0,0.0,45040752,1417173120
India,2024-07-20,0,0.0,45040752,1417173120
India,2024-07-21,440,62.86,45041192,1417173120
India,2024-07-22,0,62.86,45041192,1417173120
India,2024-07-23,0,62.86,45041192,1417173120
India,2024-07-24,0,62.86,45041192,1417173120
India,2024-07-25,0,62.86,45041192,1417173120
India,2024-07-26,0,62.86,45041192,1417173120
India,2024-07-27,0,62.86,45041192,1417173120
India,2024-07-28,243,34.71,45041435,1417173120
India,2024-07-29,0,34.71,45041435,1417173120
India,2024-07-30,0,34.71,45041435,1417173120
India,2024-07-31,0,34.71,45041435,1417173120
India,2024-08-01,0,34.71,45041435,1417173120
India,2024-08-02,0,34.71,45041435,1417173120
India,2024-08-03,0,34.71,45041435,1417173120
India,2024-08-04,313,44.71,45041748,1417173120
India,2024-08-05,,,,1417173120
India,2024-08-06,,,,1417173120
India,2024-08-07,,,,1417173120
India,2024-08-08,,,,1417173120
India,2024-08-09,,,,1417173120
India,2024-08-10,,,,1417173120
India,2024-08-11,,,,1417173120
India,2024-08-12,,,,1417173120
Japan,2020-01-05,0,,0,123951696
Japan,2020-01-06,0,,0,123951696
Japan,2020-01-07,0,,0,123951696
Japan,2020-01-08,0,,0,123951696
Japan,2020-01-09,0,,0,123951696
Japan,2020-01-10,0,0.0,0,123951696
Japan,2020-01-11,0,0.0,0,123951696
Japan,2020-01-12,0,0.0,0,123951696
Japan,2020-01-13,0,0.0,0,123951696
Japan,2020-01-14,0,0.0,0,123951696
Japan,2020-01-15,0,0.0,0,123951696
Japan,2020-01-16,0,0.0,0,123951696
Japan,2020-01-17,0,0.0,0,123951696
Japan,2020-01-18,0,0.0,0,123951696
Japan,2020-01-19,1,0.14,1,123951696
Japan,2020-01-20,0,0.14,1,123951696
Japan,2020-01-21,0,0.14,1,123951696
Japan,2020-01-22,0,0.14,1,123951696
Japan,2020-01-23,0,0.14,1,123951696
Japan,2020-01-24,0,0.14,1,123951696
Japan,2020-01-25,0,0.14,1,123951696
Japan,2020-01-26,2,0.29,3,123951696
Japan,2020-01-27,0,0.29,3,123951696
Japan,2020-01-28,0,0.29,3,123951696
Japan,2020-01-29,0,0.29,3,123951696
Japan,2020-01-30,0,0.29,3,123951696
Japan,2020-01-31,0,0.29,3,123951696
Japan,2020-02-01,0,0.29,3,123951696
Japan,2020-02-02,12,1.71,15,123951696
Japan,2020-02-03,0,1.71,15,123951696
Japan,2020-02-04,0,1.71,15,123951696
Japan,2020-02-05,0,1.71,15,123951696
Japan,2020-02-06,0,1.71,15,123951696
Japan,2020-02-07,0,1.71,15,123951696
Japan,2020-02-08,0,1.71,15,123951696
Japan,2020-02-09,10,1.43,25,123951696
Japan,2020-02-10,0,1.43,25,123951696
Japan,2020-02-11,0,1.43,25,123951696
Japan,2020-02-12,0,1.43,25,123951696
Japan,2020-02-13,0,1.43,25,123951696
Japan,2020-02-14,0,1.43,25,123951696
Japan,2020-02-15,0,1.43,25,123951696
Japan,2020-02-16,27,3.86,52,123951696
Japan,2020-02-17,0,3.86,52,123951696
Japan,2020-02-18,0,3.86,52,123951696
Japan,2020-02-19,0,3.86,52,123951696
Japan,2020-02-20,0,3.86,52,123951696
Japan,2020-02-21,0,3.86,52,123951696
Japan,2020-02-22,0,3.86,52,123951696
Japan,2020-02-23,80,11.43,132,123951696
Japan,2020-02-24,0,11.43,132,123951696
Japan,2020-02-25,0,11.43,132,123951696
Japan,2020-02-26,0,11.43,132,123951696
Japan,2020-02-27,0,11.43,132,123951696
Japan,2020-02-28,0,11.43,132,123951696
Japan,2020-02-29,0,11.43,132,123951696
Japan,2020-03-01,107,15.29,239,123951696
Japan,2020-03-02,0,15.29,239,123951696
Japan,2020-03-03,0,15.29,239,123951696
Japan,2020-03-04,0,15.29,239,123951696
Japan,2020-03-05,0,15.29,239,123951696
Japan,2020-03-06,0,15.29,239,123951696
Japan,2020-03-07,0,15.29,239,123951696
Japan,2020-03-08,216,30.86,455,123951696
Japan,2020-03-09,0,30.86,455,123951696
Japan,2020-03-10,0,30.86,455,123951696
Japan,2020-03-11,0,30.86,455,123951696
Japan,2020-03-12,0,30.86,455,123951696
Japan,2020-03-13,0,30.86,455,123951696
Japan,2020-03-14,0,30.86,455,123951696
Japan,2020-03-15,325,46.43,780,123951696
Japan,2020-03-16,0,46.43,780,123951696
Japan,2020-03-17,0,46.43,780,123951696
Japan,2020-03-18,0,46.43,780,123951696
Japan,2020-03-19,0,46.43,780,123951696
Japan,2020-03-20,0,46.43,780,123951696
Japan,2020-03-21,0,46.43,780,123951696
Japan,2020-03-22,266,38.0,1046,123951696
Japan,2020-03-23,0,38.0,1046,123951696
Japan,2020-03-24,0,38.0,1046,123951696
Japan,2020-03-25,0,38.0,1046,123951696
Japan,2020-03-26,0,38.0,1046,123951696
Japan,2020-03-27,0,38.0,1046,123951696
Japan,2020-03-28,0,38.0,1046,123951696
Japan,2020-03-29,647,92.43,1693,123951696
Japan,2020-03-30,0,92.43,1693,123951696
Japan,2020-03-31,0,92.43,1693,123951696
Japan,2020-04-01,0,92.43,1693,123951696
Japan,2020-04-02,0,92.43,1693,123951696
Japan,2020-04-03,0,92.43,1693,123951696
Japan,2020-04-04,0,92.43,1693,123951696
Japan,2020-04-05,1578,225.43,3271,123951696
Japan,2020-04-06,0,225.43,3271,123951696
Japan,2020-04-07,0,225.43,3271,123951696
Japan,2020-04-08,0,225.43,3271,123951696
Japan,2020-04-09,0,225.43,3271,123951696
Japan,2020-04-10,0,225.43,3271,123951696
Japan,2020-04-11,0,225.43,3271,123951696
Japan,2020-04-12,3477,496.71,6748,123951696
Japan,2020-04-13,0,496.71,6748,123951696
Japan,2020-04-14,0,496.71,6748,123951696
Japan,2020-04-15,0,496.71,6748,123951696
Japan,2020-04-16,0,496.71,6748,123951696
Japan,2020-04-17,0,496.71,6748,123951696
Japan,2020-04-18,0,496.71,6748,123951696
Japan,2020-04-19,3613,516.14,10361,123951696
Japan,2020-04-20,0,516.14,10361,123951696
Japan,2020-04-21,0,516.14,10361,123951696
Japan,2020-04-22,0,516.14,10361,123951696
Japan,2020-04-23,0,516.14,10361,123951696
Japan,2020-04-24,0,516.14,10361,123951696
Japan,2020-04-25,0,516.14,10361,123951696
Japan,2020-04-26,2821,403.0,13182,123951696
Japan,2020-04-27,0,403.0,13182,123951696
Japan,2020-04-28,0,403.0,13182,123951696
Japan,2020-04-29,0,403.0,13182,123951696
Japan,2020-04-30,0,403.0,13182,123951696
Japan,2020-05-01,0,403.0,13182,123951696
Japan,2020-05-02,0,403.0,13182,123951696
Japan,2020-05-03,1657,236.71,14839,123951696
Japan,2020-05-04,0,236.71,14839,123951696
Japan,2020-05-05,0,236.71,14839,123951696
Japan,2020-05-06,0,236.71,14839,123951696
Japan,2020-05-07,0,236.71,14839,123951696
Japan,2020-05-08,0,236.71,14839,123951696
Japan,2020-05-09,0,236.71,14839,123951696
Japan,2020-05-10,908,129.71,15747,123951696
Japan,2020-05-11,0,129.71,15747,123951696
Japan,2020-05-12,0,129.71,15747,123951696
Japan,2020-05-13,0,129.71,15747,123951696
Japan,2020-05-14,0,129.71,15747,123951696
Japan,2020-05-15,0,129.71,15747,123951696
Japan,2020-05-16,0,129.71,15747,123951696
Japan,2020-05-17,538,76.86,16285,123951696
Japan,2020-05-18,0,76.86,16285,123951696
Japan,2020-05-19,0,76.86,16285,123951696
Japan,2020-05-20,0,76.86,16285,123951696
Japan,2020-05-21,0,76.86,16285,123951696
Japan,2020-05-22,0,76.86,16285,123951696
Japan,2020-05-23,0,76.86,16285,123951696
Japan,2020-05-24,265,37.86,16550,123951696
Japan,2020-05-25,0,37.86,16550,123951696
Japan,2020-05-26,0,37.86,16550,123951696
Japan,2020-05-27,0,37.86,16550,123951696
Japan,2020-05-28,0,37.86,16550,123951696
Japan,2020-05-29,0,37.86,16550,123951696
Japan,2020-05-30,0,37.86,16550,123951696
Japan,2020-05-31,301,43.0,16851,123951696
Japan,2020-06-01,0,43.0,16851,123951696
Japan,2020-06-02,0,43.0,16851,123951696
Japan,2020-06-03,0,43.0,16851,123951696
Japan,2020-06-04,0,43.0,16851,123951696
Japan,2020-06-05,0,43.0,16851,123951696
Japan,2020-06-06,0,43.0,16851,123951696
Japan,2020-06-07,290,41.43,17141,123951696
Japan,2020-06-08,0,41.43,17141,123951696
Japan,2020-06-09,0,41.43,17141,123951696
Japan,2020-06-10,0,41.43,17141,123951696
Japan,2020-06-11,0,41.43,17141,123951696
Japan,2020-06-12,0,41.43,17141,123951696
Japan,2020-06-13,0,41.43,17141,123951696
Japan,2020-06-14,288,41.14,17429,123951696
Japan,2020-06-15,0,41.14,17429,123951696
Japan,2020-06-16,0,41.14,17429,123951696
Japan,2020-06-17,0,41.14,17429,123951696
Japan,2020-06-18,0,41.14,17429,123951696
Japan,2020-06-19,0,41.14,17429,123951696
Japan,2020-06-20,0,41.14,17429,123951696
Japan,2020-06-21,435,62.14,17864,123951696
Japan,2020-06-22,0,62.14,17864,123951696
Japan,2020-06-23,0,62.14,17864,123951696
Japan,2020-06-24,0,62.14,17864,123951696
Japan,2020-06-25,0,62.14,17864,123951696
Japan,2020-06-26,0,62.14,17864,123951696
Japan,2020-06-27,0,62.14,17864,123951696
Japan,2020-06-28,526,75.14,18390,123951696
Japan,2020-06-29,0,75.14,18390,123951696
Japan,2020-06-30,0,75.14,18390,123951696
Japan,2020-07-01,0,75.14,18390,123951696
Japan,2020-07-02,0,75.14,18390,123951696
Japan,2020-07-03,0,75.14,18390,123951696
Japan,2020-07-04,0,75.14,18390,123951696
Japan,2020-07-05,1132,161.71,19522,123951696
Japan,2020-07-06,0,161.71,19522,123951696
Japan,2020-07-07,0,161.71,19522,123951696
Japan,2020-07-08,0,161.71,19522,123951696
Japan,2020-07-09,0,161.71,19522,123951696
Japan,2020-07-10,0,161.71,19522,123951696
Japan,2020-07-11,0,161.71,19522,123951696
Japan,2020-07-12,1980,282.86,21502,123951696
Japan,2020-07-13,0,282.86,21502,123951696
Japan,2020-07-14,0,282.86,21502,123951696
Japan,2020-07-15,0,282.86,21502,123951696
Japan,2020-07-16,0,282.86,21502,123951696
Japan,2020-07-17,0,282.86,21502,123951696
Japan,2020-07-18,0,282.86,21502,123951696
Japan,2020-07-19,3140,448.57,24642,123951696
Japan,2020-07-20,0,448.57,24642,123951696
Japan,2020-07-21,0,448.57,24642,123951696
Japan,2020-07-22,0,448.57,24642,123951696
Japan,2020-07-23,0,448.57,24642,123951696
Japan,2020-07-24,0,448.57,24642,123951696
Japan,2020-07-25,0,448.57,24642,123951696
Japan,2020-07-26,4740,677.14,29382,123951696
Japan,2020-07-27,0,677.14,29382,123951696
Japan,2020-07-28,0,677.14,29382,123951696
Japan,2020-07-29,0,677.14,29382,123951696
Japan,2020-07-30,0,677.14,29382,123951696
Japan,2020-07-31,0,677.14,29382,123951696
Japan,2020-08-01,0,677.14,29382,123951696
Japan,2020-08-02,7307,1043.86,36689,123951696
Japan,2020-08-03,0,1043.86,36689,123951696
Japan,2020-08-04,0,1043.86,36689,123951696
Japan,2020-08-05,0,1043.86,36689,123951696
Japan,2020-08-06,0,1043.86,36689,123951696
Japan,2020-08-07,0,1043.86,36689,123951696
Japan,2020-08-08,0,1043.86,36689,123951696
Japan,2020-08-09,10094,1442.0,46783,123951696
Japan,2020-08-10,0,1442.0,46783,123951696
Japan,2020-08-11,0,1442.0,46783,123951696
Japan,2020-08-12,0,1442.0,46783,123951696
Japan,2020-08-13,0,1442.0,46783,123951696
Japan,2020-08-14,0,1442.0,46783,123951696
Japan,2020-08-15,0,1442.0,46783,123951696
Japan,2020-08-16,7931,1133.0,54714,123951696
Japan,2020-08-17,0,1133.0,54714,123951696
Japan,2020-08-18,0,1133.0,54714,123951696
Japan,2020-08-19,0,1133.0,54714,123951696
Japan,2020-08-20,0,1133.0,54714,123951696
Japan,2020-08-21,0,1133.0,54714,123951696
Japan,2020-08-22,0,1133.0,54714,123951696
Japan,2020-08-23,7033,1004.71,61747,123951696
Japan,2020-08-24,0,1004.71,61747,123951696
Japan,2020-08-25,0,1004.71,61747,123951696
Japan,2020-08-26,0,1004.71,61747,123951696
Japan,2020-08-27,0,1004.71,61747,123951696
Japan,2020-08-28,0,1004.71,61747,123951696
Japan,2020-08-29,0,1004.71,61747,123951696
Japan,2020-08-30,5517,788.14,67264,123951696
Japan,2020-08-31,0,788.14,67264,123951696
Japan,2020-09-01,0,788.14,67264,123951696
Japan,2020-09-02,0,788.14,67264,123951696
Japan,2020-09-03,0,788.14,67264,123951696
Japan,2020-09-04,0,788.14,67264,123951696
Japan,2020-09-05,0,788.14,67264,123951696
Japan,2020-09-06,4155,593.57,71419,123951696
Japan,2020-09-07,0,593.57,71419,123951696
Japan,2020-09-08,0,593.57,71419,123951696
Japan,2020-09-09,0,593.57,71419,123951696
Japan,2020-09-10,0,593.57,71419,123951696
Japan,2020-09-11,0,593.57,71419,123951696
Japan,2020-09-12,0,593.57,71419,123951696
Japan,2020-09-13,3799,542.71,75218,123951696
Japan,2020-09-14,0,542.71,75218,123951696
Japan,2020-09-15,0,542.71,75218,123951696
Japan,2020-09-16,0,542.71,75218,123951696
Japan,2020-09-17,0,542.71,75218,123951696
Japan,2020-09-18,0,542.71,75218,123951696
Japan,2020-09-19,0,542.71,75218,123951696
Japan,2020-09-20,3439,491.29,78657,123951696
Japan,2020-09-21,0,491.29,78657,123951696
Japan,2020-09-22,0,491.29,78657,123951696
Japan,2020-09-23,0,491.29,78657,123951696
Japan,2020-09-24,0,491.29,78657,123951696
Japan,2020-09-25,0,491.29,78657,123951696
Japan,2020-09-26,0,491.29,78657,123951696
Japan,2020-09-27,3033,433.29,81690,123951696
Japan,2020-09-28,0,433.29,81690,123951696
Japan,2020-09-29,0,433.29,81690,123951696
Japan,2020-09-30,0,433.29,81690,123951696
Japan,2020-10-01,0,433.29,81690,123951696
Japan,2020-10-02,0,433.29,81690,123951696
Japan,2020-10-03,0,433.29,81690,123951696
Japan,2020-10-04,3649,521.29,85339,123951696
Japan,2020-10-05,0,521.29,85339,123951696
Japan,2020-10-06,0,521.29,85339,123951696
Japan,2020-10-07,0,521.29,85339,123951696
Japan,2020-10-08,0,521.29,85339,123951696
Japan,2020-10-09,0,521.29,85339,123951696
Japan,2020-10-10,0,521.29,85339,123951696
Japan,2020-10-11,3573,510.43,88912,123951696
Japan,2020-10-12,0,510.43,88912,123951696
Japan,2020-10-13,0,510.43,88912,123951696
Japan,2020-10-14,0,510.43,88912,123951696
Japan,2020-10-15,0,510.43,88912,123951696
Japan,2020-10-16,0,510.43,88912,123951696
Japan,2020-10-17,0,510.43,88912,123951696
Japan,2020-10-18,3744,534.86,92656,123951696
Japan,2020-10-19,0,534.86,92656,123951696
Japan,2020-10-20,0,534.86,92656,123951696
Japan,2020-10-21,0,534.86,92656,123951696
Japan,2020-10-22,0,534.86,92656,123951696
Japan,2020-10-23,0,534.86,92656,123951696
Japan,2020-10-24,0,534.86,92656,123951696
Japan,2020-10-25,3878,554.0,96534,123951696
Japan,2020-10-26,0,554.0,96534,123951696
Japan,2020-10-27,0,554.0,96534,123951696
Japan,2020-10-28,0,554.0,96534,123951696
Japan,2020-10-29,0,554.0,96534,123951696
Japan,2020-10-30,0,554.0,96534,123951696
Japan,2020-10-31,0,554.0,96534,123951696
Japan,2020-11-01,4612,658.86,101146,123951696
Japan,2020-11-02,0,658.86,101146,123951696
Japan,2020-11-03,0,658.86,101146,123951696
Japan,2020-11-04,0,658.86,101146,123951696
Japan,2020-11-05,0,658.86,101146,123951696
Japan,2020-11-06,0,658.86,101146,123951696
Japan,2020-11-07,0,658.86,101146,123951696
Japan,2020-11-08,5940,848.57,107086,123951696
Japan,2020-11-09,0,848.57,107086,123951696
Japan,2020-11-10,0,848.57,107086,123951696
Japan,2020-11-11,0,848.57,107086,123951696
Japan,2020-11-12,0,848.57,107086,123951696
Japan,2020-11-13,0,848.57,107086,123951696
Japan,2020-11-14,0,848.57,107086,123951696
Japan,2020-11-15,9591,1370.14,116677,123951696
Japan,2020-11-16,0,1370.14,116677,123951696
Japan,2020-11-17,0,1370.14,116677,123951696
Japan,2020-11-18,0,1370.14,116677,123951696
Japan,2020-11-19,0,1370.14,116677,123951696
Japan,2020-11-20,0,1370.14,116677,123951696
Japan,2020-11-21,0,1370.14,116677,123951696
Japan,2020-11-22,13502,1928.86,130179,123951696
Japan,2020-11-23,0,1928.86,130179,123951696
Japan,2020-11-24,0,1928.86,130179,123951696
Japan,2020-11-25,0,1928.86,130179,123951696
Japan,2020-11-26,0,1928.86,130179,123951696
Japan,2020-11-27,0,1928.86,130179,123951696
Japan,2020-11-28,0,1928.86,130179,123951696
Japan,2020-11-29,14474,2067.71,144653,123951696
Japan,2020-11-30,0,2067.71,144653,123951696
Japan,2020-12-01,0,2067.71,144653,123951696
Japan,2020-12-02,0,2067.71,144653,123951696
Japan,2020-12-03,0,2067.71,144653,123951696
Japan,2020-12-04,0,2067.71,144653,123951696
Japan,2020-12-05,0,2067.71,144653,123951696
Japan,2020-12-06,15445,2206.43,160098,123951696
Japan,2020-12-07,0,2206.43,160098,123951696
Japan,2020-12-08,0,2206.43,160098,123951696
Japan,2020-12-09,0,2206.43,160098,123951696
Japan,2020-12-10,0,2206.43,160098,123951696
Japan,2020-12-11,0,2206.43,160098,123951696
Japan,2020-12-12,0,2206.43,160098,123951696
Japan,2020-12-13,17189,2455.57,177287,123951696
Japan,2020-12-14,0,2455.57,177287,123951696
Japan,2020-12-15,0,2455.57,177287,123951696
Japan,2020-12-16,0,2455.57,177287,123951696
Japan,2020-12-17,0,2455.57,177287,123951696
Japan,2020-12-18,0,2455.57,177287,123951696
Japan,2020-12-19,0,2455.57,177287,123951696
Japan,2020-12-20,18593,2656.14,195880,123951696
Japan,2020-12-21,0,2656.14,195880,123951696
Japan,2020-12-22,0,2656.14,195880,123951696
Japan,2020-12-23,0,2656.14,195880,123951696
Japan,2020-12-24,0,2656.14,195880,123951696
Japan,2020-12-25,0,2656.14,195880,123951696
Japan,2020-12-26,0,2656.14,195880,123951696
Japan,2020-12-27,21432,3061.71,217312,123951696
Japan,2020-12-28,0,3061.71,217312,123951696
Japan,2020-12-29,0,3061.71,217312,123951696
Japan,2020-12-30,0,3061.71,217312,123951696
Japan,2020-12-31,0,3061.71,217312,123951696
Japan,2021-01-01,0,3061.71,217312,123951696
Japan,2021-01-02,0,3061.71,217312,123951696
Japan,2021-01-03,26535,3790.71,243847,123951696
Japan,2021-01-04,0,3790.71,243847,123951696
Japan,2021-01-05,0,3790.71,243847,123951696
Japan,2021-01-06,0,3790.71,243847,123951696
Japan,2021-01-07,0,3790.71,243847,123951696
Japan,2021-01-08,0,3790.71,243847,123951696
Japan,2021-01-09,0,3790.71,243847,123951696
Japan,2021-01-10,42905,6129.29,286752,123951696
Japan,2021-01-11,0,6129.29,286752,123951696
Japan,2021-01-12,0,6129.29,286752,123951696
Japan,2021-01-13,0,6129.29,286752,123951696
Japan,2021-01-14,0,6129.29,286752,123951696
Japan,2021-01-15,0,6129.29,286752,123951696
Japan,2021-01-16,0,6129.29,286752,123951696
Japan,2021-01-17,41542,5934.57,328294,123951696
Japan,2021-01-18,0,5934.57,328294,123951696
Japan,2021-01-19,0,5934.57,328294,123951696
Japan,2021-01-20,0,5934.57,328294,123951696
Japan,2021-01-21,0,5934.57,328294,123951696
Japan,2021-01-22,0,5934.57,328294,123951696
Japan,2021-01-23,0,5934.57,328294,123951696
Japan,2021-01-24,36519,5217.0,364813,123951696
Japan,2021-01-25,0,5217.0,364813,123951696
Japan,2021-01-26,0,5217.0,364813,123951696
Japan,2021-01-27,0,5217.0,364813,123951696
Japan,2021-01-28,0,5217.0,364813,123951696
Japan,2021-01-29,0,5217.0,364813,123951696
Japan,2021-01-30,0,5217.0,364813,123951696
Japan,2021-01-31,24705,3529.29,389518,123951696
Japan,2021-02-01,0,3529.29,389518,123951696
Japan,2021-02-02,0,3529.29,389518,123951696
Japan,2021-02-03,0,3529.29,389518,123951696
Japan,2021-02-04,0,3529.29,389518,123951696
Japan,2021-02-05,0,3529.29,389518,123951696
Japan,2021-02-06,0,3529.29,389518,123951696
Japan,2021-02-07,15472,2210.29,404990,123951696
Japan,2021-02-08,0,2210.29,404990,123951696
Japan,2021-02-09,0,2210.29,404990,123951696
Japan,2021-02-10,0,2210.29,404990,123951696
Japan,2021-02-11,0,2210.29,404990,123951696
Japan,2021-02-12,0,2210.29,404990,123951696
Japan,2021-02-13,0,2210.29,404990,123951696
Japan,2021-02-14,10792,1541.71,415782,123951696
Japan,2021-02-15,0,1541.71,415782,123951696
Japan,2021-02-16,0,1541.71,415782,123951696
Japan,2021-02-17,0,1541.71,415782,123951696
Japan,2021-02-18,0,1541.71,415782,123951696
Japan,2021-02-19,0,1541.71,415782,123951696
Japan,2021-02-20,0,1541.71,415782,123951696
Japan,2021-02-21,9815,1402.14,425597,123951696
Japan,2021-02-22,0,1402.14,425597,123951696
Japan,2021-02-23,0,1402.14,425597,123951696
Japan,2021-02-24,0,1402.14,425597,123951696
Japan,2021-02-25,0,1402.14,425597,123951696
Japan,2021-02-26,0,1402.14,425597,123951696
Japan,2021-02-27,0,1402.14,425597,123951696
Japan,2021-02-28,7176,1025.14,432773,123951696
Japan,2021-03-01,0,1025.14,432773,123951696
Japan,2021-03-02,0,1025.14,432773,123951696
Japan,2021-03-03,0,1025.14,432773,123951696
Japan,2021-03-04,0,1025.14,432773,123951696
Japan,2021-03-05,0,1025.14,432773,123951696
Japan,2021-03-06,0,1025.14,432773,123951696
Japan,2021-03-07,7219,1031.29,439992,123951696
Japan,2021-03-08,0,1031.29,439992,123951696
Japan,2021-03-09,0,1031.29,439992,123951696
Japan,2021-03-10,0,1031.29,439992,123951696
Japan,2021-03-11,0,1031.29,439992,123951696
Japan,2021-03-12,0,1031.29,439992,123951696
Japan,2021-03-13,0,1031.29,439992,123951696
Japan,2021-03-14,7914,1130.57,447906,123951696
Japan,2021-03-15,0,1130.57,447906,123951696
Japan,2021-03-16,0,1130.57,447906,123951696
Japan,2021-03-17,0,1130.57,447906,123951696
Japan,2021-03-18,0,1130.57,447906,123951696
Japan,2021-03-19,0,1130.57,447906,123951696
Japan,2021-03-20,0,1130.57,447906,123951696
Japan,2021-03-21,8875,1267.86,456781,123951696
Japan,2021-03-22,0,1267.86,456781,123951696
Japan,2021-03-23,0,1267.86,456781,123951696
Japan,2021-03-24,0,1267.86,456781,123951696
Japan,2021-03-25,0,1267.86,456781,123951696
Japan,2021-03-26,0,1267.86,456781,123951696
Japan,2021-03-27,0,1267.86,456781,123951696
Japan,2021-03-28,11833,1690.43,468614,123951696
Japan,2021-03-29,0,1690.43,468614,123951696
Japan,2021-03-30,0,1690.43,468614,123951696
Japan,2021-03-31,0,1690.43,468614,123951696
Japan,2021-04-01,0,1690.43,468614,123951696
Japan,2021-04-02,0,1690.43,468614,123951696
Japan,2021-04-03,0,1690.43,468614,123951696
Japan,2021-04-04,16711,2387.29,485325,123951696
Japan,2021-04-05,0,2387.29,485325,123951696
Japan,2021-04-06,0,2387.29,485325,123951696
Japan,2021-04-07,0,2387.29,485325,123951696
Japan,2021-04-08,0,2387.29,485325,123951696
Japan,2021-04-09,0,2387.29,485325,123951696
Japan,2021-04-10,0,2387.29,485325,123951696
Japan,2021-04-11,20961,2994.43,506286,123951696
Japan,2021-04-12,0,2994.43,506286,123951696
Japan,2021-04-13,0,2994.43,506286,123951696
Japan,2021-04-14,0,2994.43,506286,123951696
Japan,2021-04-15,0,2994.43,506286,123951696
Japan,2021-04-16,0,2994.43,506286,123951696
Japan,2021-04-17,0,2994.43,506286,123951696
Japan,2021-04-18,27766,3966.57,534052,123951696
Japan,2021-04-19,0,3966.57,534052,123951696
Japan,2021-04-20,0,3966.57,534052,123951696
Japan,2021-04-21,0,3966.57,534052,123951696
Japan,2021-04-22,0,3966.57,534052,123951696
Japan,2021-04-23,0,3966.57,534052,123951696
Japan,2021-04-24,0,3966.57,534052,123951696
Japan,2021-04-25,32811,4687.29,566863,123951696
Japan,2021-04-26,0,4687.29,566863,123951696
Japan,2021-04-27,0,4687.29,566863,123951696
Japan,2021-04-28,0,4687.29,566863,123951696
Japan,2021-04-29,0,4687.29,566863,123951696
Japan,2021-04-30,0,4687.29,566863,123951696
Japan,2021-05-01,0,4687.29,566863,123951696
Japan,2021-05-02,35999,5142.71,602862,123951696
Japan,2021-05-03,0,5142.71,602862,123951696
Japan,2021-05-04,0,5142.71,602862,123951696
Japan,2021-05-05,0,5142.71,602862,123951696
Japan,2021-05-06,0,5142.71,602862,123951696
Japan,2021-05-07,0,5142.71,602862,123951696
Japan,2021-05-08,0,5142.71,602862,123951696
Japan,2021-05-09,37182,5311.71,640044,123951696
Japan,2021-05-10,0,5311.71,640044,123951696
Japan,2021-05-11,0,5311.71,640044,123951696
Japan,2021-05-12,0,5311.71,640044,123951696
Japan,2021-05-13,0,5311.71,640044,123951696
Japan,2021-05-14,0,5311.71,640044,123951696
Japan,2021-05-15,0,5311.71,640044,123951696
Japan,2021-05-16,43131,6161.57,683175,123951696
Japan,2021-05-17,0,6161.57,683175,123951696
Japan,2021-05-18,0,6161.57,683175,123951696
Japan,2021-05-19,0,6161.57,683175,123951696
Japan,2021-05-20,0,6161.57,683175,123951696
Japan,2021-05-21,0,6161.57,683175,123951696
Japan,2021-05-22,0,6161.57,683175,123951696
Japan,2021-05-23,35689,5098.43,718864,123951696
Japan,2021-05-24,0,5098.43,718864,123951696
Japan,2021-05-25,0,5098.43,718864,123951696
Japan,2021-05-26,0,5098.43,718864,123951696
Japan,2021-05-27,0,5098.43,718864,123951696
Japan,2021-05-28,0,5098.43,718864,123951696
Japan,2021-05-29,0,5098.43,718864,123951696
Japan,2021-05-30,25623,3660.43,744487,123951696
Japan,2021-05-31,0,3660.43,744487,123951696
Japan,2021-06-01,0,3660.43,744487,123951696
Japan,2021-06-02,0,3660.43,744487,123951696
Japan,2021-06-03,0,3660.43,744487,123951696
Japan,2021-06-04,0,3660.43,744487,123951696
Japan,2021-06-05,0,3660.43,744487,123951696
Japan,2021-06-06,17914,2559.14,762401,123951696
Japan,2021-06-07,0,2559.14,762401,123951696
Japan,2021-06-08,0,2559.14,762401,123951696
Japan,2021-06-09,0,2559.14,762401,123951696
Japan,2021-06-10,0,2559.14,762401,123951696
Japan,2021-06-11,0,2559.14,762401,123951696
Japan,2021-06-12,0,2559.14,762401,123951696
Japan,2021-06-13,12830,1832.86,775231,123951696
Japan,2021-06-14,0,1832.86,775231,123951696
Japan,2021-06-15,0,1832.86,775231,123951696
Japan,2021-06-16,0,1832.86,775231,123951696
Japan,2021-06-17,0,1832.86,775231,123951696
Japan,2021-06-18,0,1832.86,775231,123951696
Japan,2021-06-19,0,1832.86,775231,123951696
Japan,2021-06-20,10056,1436.57,785287,123951696
Japan,2021-06-21,0,1436.57,785287,123951696
Japan,2021-06-22,0,1436.57,785287,123951696
Japan,2021-06-23,0,1436.57,785287,123951696
Japan,2021-06-24,0,1436.57,785287,123951696
Japan,2021-06-25,0,1436.57,785287,123951696
Japan,2021-06-26,0,1436.57,785287,123951696
Japan,2021-06-27,10469,1495.57,795756,123951696
Japan,2021-06-28,0,1495.57,795756,123951696
Japan,2021-06-29,0,1495.57,795756,123951696
Japan,2021-06-30,0,1495.57,795756,123951696
Japan,2021-07-01,0,1495.57,795756,123951696
Japan,2021-07-02,0,1495.57,795756,123951696
Japan,2021-07-03,0,1495.57,795756,123951696
Japan,2021-07-04,11078,1582.57,806834,123951696
Japan,2021-07-05,0,1582.57,806834,123951696
Japan,2021-07-06,0,1582.57,806834,123951696
Japan,2021-07-07,0,1582.57,806834,123951696
Japan,2021-07-08,0,1582.57,806834,123951696
Japan,2021-07-09,0,1582.57,806834,123951696
Japan,2021-07-10,0,1582.57,806834,123951696
Japan,2021-07-11,13881,1983.0,820715,123951696
Japan,2021-07-12,0,1983.0,820715,123951696
Japan,2021-07-13,0,1983.0,820715,123951696
Japan,2021-07-14,0,1983.0,820715,123951696
Japan,2021-07-15,0,1983.0,820715,123951696
Japan,2021-07-16,0,1983.0,820715,123951696
Japan,2021-07-17,0,1983.0,820715,123951696
Japan,2021-07-18,20822,2974.57,841537,123951696
Japan,2021-07-19,0,2974.57,841537,123951696
Japan,2021-07-20,0,2974.57,841537,123951696
Japan,2021-07-21,0,2974.57,841537,123951696
Japan,2021-07-22,0,2974.57,841537,123951696
Japan,2021-07-23,0,2974.57,841537,123951696
Japan,2021-07-24,0,2974.57,841537,123951696
Japan,2021-07-25,28908,4129.71,870445,123951696
Japan,2021-07-26,0,4129.71,870445,123951696
Japan,2021-07-27,0,4129.71,870445,123951696
Japan,2021-07-28,0,4129.71,870445,123951696
Japan,2021-07-29,0,4129.71,870445,123951696
Japan,2021-07-30,0,4129.71,870445,123951696
Japan,2021-07-31,0,4129.71,870445,123951696
Japan,2021-08-01,65441,9348.71,935886,123951696
Japan,2021-08-02,0,9348.71,935886,123951696
Japan,2021-08-03,0,9348.71,935886,123951696
Japan,2021-08-04,0,9348.71,935886,123951696
Japan,2021-08-05,0,9348.71,935886,123951696
Japan,2021-08-06,0,9348.71,935886,123951696
Japan,2021-08-07,0,9348.71,935886,123951696
Japan,2021-08-08,95410,13630.0,1031296,123951696
Japan,2021-08-09,0,13630.0,1031296,123951696
Japan,2021-08-10,0,13630.0,1031296,123951696
Japan,2021-08-11,0,13630.0,1031296,123951696
Japan,2021-08-12,0,13630.0,1031296,123951696
Japan,2021-08-13,0,13630.0,1031296,123951696
Japan,2021-08-14,0,13630.0,1031296,123951696
Japan,2021-08-15,113250,16178.57,1144546,123951696
Japan,2021-08-16,0,16178.57,1144546,123951696
Japan,2021-08-17,0,16178.57,1144546,123951696
Japan,2021-08-18,0,16178.57,1144546,123951696
Japan,2021-08-19,0,16178.57,1144546,123951696
Japan,2021-08-20,0,16178.57,1144546,123951696
Japan,2021-08-21,0,16178.57,1144546,123951696
Japan,2021-08-22,155807,22258.14,1300353,123951696
Japan,2021-08-23,0,22258.14,1300353,123951696
Japan,2021-08-24,0,22258.14,1300353,123951696
Japan,2021-08-25,0,22258.14,1300353,123951696
Japan,2021-08-26,0,22258.14,1300353,123951696
Japan,2021-08-27,0,22258.14,1300353,123951696
Japan,2021-08-28,0,22258.14,1300353,123951696
Japan,2021-08-29,154011,22001.57,1454364,123951696
Japan,2021-08-30,0,22001.57,1454364,123951696
Japan,2021-08-31,0,22001.57,1454364,123951696
Japan,2021-09-01,0,22001.57,1454364,123951696
Japan,2021-09-02,0,22001.57,1454364,123951696
Japan,2021-09-03,0,22001.57,1454364,123951696
Japan,2021-09-04,0,22001.57,1454364,123951696
Japan,2021-09-05,117008,16715.43,1571372,123951696
Japan,2021-09-06,0,16715.43,1571372,123951696
Japan,2021-09-07,0,16715.43,1571372,123951696
Japan,2021-09-08,0,16715.43,1571372,123951696
Japan,2021-09-09,0,16715.43,1571372,123951696
Japan,2021-09-10,0,16715.43,1571372,123951696
Japan,2021-09-11,0,16715.43,1571372,123951696
Japan,2021-09-12,68173,9739.0,1639545,123951696
Japan,2021-09-13,0,9739.0,1639545,123951696
Japan,2021-09-14,0,9739.0,1639545,123951696
Japan,2021-09-15,0,9739.0,1639545,123951696
Japan,2021-09-16,0,9739.0,1639545,123951696
Japan,2021-09-17,0,9739.0,1639545,123951696
Japan,2021-09-18,0,9739.0,1639545,123951696
Japan,2021-09-19,37166,5309.43,1676711,123951696
Japan,2021-09-20,0,5309.43,1676711,123951696
Japan,2021-09-21,0,5309.43,1676711,123951696
Japan,2021-09-22,0,5309.43,1676711,123951696
Japan,2021-09-23,0,5309.43,1676711,123951696
Japan,2021-09-24,0,5309.43,1676711,123951696
Japan,2021-09-25,0,5309.43,1676711,123951696
Japan,2021-09-26,17964,2566.29,1694675,123951696
Japan,2021-09-27,0,2566.29,1694675,123951696
Japan,2021-09-28,0,2566.29,1694675,123951696
Japan,2021-09-29,0,2566.29,1694675,123951696
Japan,2021-09-30,0,2566.29,1694675,123951696
Japan,2021-10-01,0,2566.29,1694675,123951696
Japan,2021-10-02,0,2566.29,1694675,123951696
Japan,2021-10-03,10371,1481.57,1705046,123951696
Japan,2021-10-04,0,1481.57,1705046,123951696
Japan,2021-10-05,0,1481.57,1705046,123951696
Japan,2021-10-06,0,1481.57,1705046,123951696
Japan,2021-10-07,0,1481.57,1705046,123951696
Japan,2021-10-08,0,1481.57,1705046,123951696
Japan,2021-10-09,0,1481.57,1705046,123951696
Japan,2021-10-10,5927,846.71,1710973,123951696
Japan,2021-10-11,0,846.71,1710973,123951696
Japan,2021-10-12,0,846.71,1710973,123951696
Japan,2021-10-13,0,846.71,1710973,123951696
Japan,2021-10-14,0,846.71,1710973,123951696
Japan,2021-10-15,0,846.71,1710973,123951696
Japan,2021-10-16,0,846.71,1710973,123951696
Japan,2021-10-17,3747,535.29,1714720,123951696
Japan,2021-10-18,0,535.29,1714720,123951696
Japan,2021-10-19,0,535.29,1714720,123951696
Japan,2021-10-20,0,535.29,1714720,123951696
Japan,2021-10-21,0,535.29,1714720,123951696
Japan,2021-10-22,0,535.29,1714720,123951696
Japan,2021-10-23,0,535.29,1714720,123951696
Japan,2021-10-24,2218,316.86,1716938,123951696
Japan,2021-10-25,0,316.86,1716938,123951696
Japan,2021-10-26,0,316.86,1716938,123951696
Japan,2021-10-27,0,316.86,1716938,123951696
Japan,2021-10-28,0,316.86,1716938,123951696
Japan,2021-10-29,0,316.86,1716938,123951696
Japan,2021-10-30,0,316.86,1716938,123951696
Japan,2021-10-31,5926,846.57,1722864,123951696
Japan,2021-11-01,0,846.57,1722864,123951696
Japan,2021-11-02,0,846.57,1722864,123951696
Japan,2021-11-03,0,846.57,1722864,123951696
Japan,2021-11-04,0,846.57,1722864,123951696
Japan,2021-11-05,0,846.57,1722864,123951696
Japan,2021-11-06,0,846.57,1722864,123951696
Japan,2021-11-07,1336,190.86,1724200,123951696
Japan,2021-11-08,0,190.86,1724200,123951696
Japan,2021-11-09,0,190.86,1724200,123951696
Japan,2021-11-10,0,190.86,1724200,123951696
Japan,2021-11-11,0,190.86,1724200,123951696
Japan,2021-11-12,0,190.86,1724200,123951696
Japan,2021-11-13,0,190.86,1724200,123951696
Japan,2021-11-14,1266,180.86,1725466,123951696
Japan,2021-11-15,0,180.86,1725466,123951696
Japan,2021-11-16,0,180.86,1725466,123951696
Japan,2021-11-17,0,180.86,1725466,123951696
Japan,2021-11-18,0,180.86,1725466,123951696
Japan,2021-11-19,0,180.86,1725466,123951696
Japan,2021-11-20,0,180.86,1725466,123951696
Japan,2021-11-21,1008,144.0,1726474,123951696
Japan,2021-11-22,0,144.0,1726474,123951696
Japan,2021-11-23,0,144.0,1726474,123951696
Japan,2021-11-24,0,144.0,1726474,123951696
Japan,2021-11-25,0,144.0,1726474,123951696
Japan,2021-11-26,0,144.0,1726474,123951696
Japan,2021-11-27,0,144.0,1726474,123951696
Japan,2021-11-28,669,95.57,1727143,123951696
Japan,2021-11-29,0,95.57,1727143,123951696
Japan,2021-11-30,0,95.57,1727143,123951696
Japan,2021-12-01,0,95.57,1727143,123951696
Japan,2021-12-02,0,95.57,1727143,123951696
Japan,2021-12-03,0,95.57,1727143,123951696
Japan,2021-12-04,0,95.57,1727143,123951696
Japan,2021-12-05,799,114.14,1727942,123951696
Japan,2021-12-06,0,114.14,1727942,123951696
Japan,2021-12-07,0,114.14,1727942,123951696
Japan,2021-12-08,0,114.14,1727942,123951696
Japan,2021-12-09,0,114.14,1727942,123951696
Japan,2021-12-10,0,114.14,1727942,123951696
Japan,2021-12-11,0,114.14,1727942,123951696
Japan,2021-12-12,878,125.43,1728820,123951696
Japan,2021-12-13,0,125.43,1728820,123951696
Japan,2021-12-14,0,125.43,1728820,123951696
Japan,2021-12-15,0,125.43,1728820,123951696
Japan,2021-12-16,0,125.43,1728820,123951696
Japan,2021-12-17,0,125.43,1728820,123951696
Japan,2021-12-18,0,125.43,1728820,123951696
Japan,2021-12-19,1144,163.43,1729964,123951696
Japan,2021-12-20,0,163.43,1729964,123951696
Japan,2021-12-21,0,163.43,1729964,123951696
Japan,2021-12-22,0,163.43,1729964,123951696
Japan,2021-12-23,0,163.43,1729964,123951696
Japan,2021-12-24,0,163.43,1729964,123951696
Japan,2021-12-25,0,163.43,1729964,123951696
Japan,2021-12-26,1825,260.71,1731789,123951696
Japan,2021-12-27,0,260.71,1731789,123951696
Japan,2021-12-28,0,260.71,1731789,123951696
Japan,2021-12-29,0,260.71,1731789,123951696
Japan,2021-12-30,0,260.71,1731789,123951696
Japan,2021-12-31,0,260.71,1731789,123951696
Japan,2022-01-01,0,260.71,1731789,123951696
Japan,2022-01-02,3019,431.29,1734808,123951696
Japan,2022-01-03,0,431.29,1734808,123951696
Japan,2022-01-04,0,431.29,1734808,123951696
Japan,2022-01-05,0,431.29,1734808,123951696
Japan,2022-01-06,0,431.29,1734808,123951696
Japan,2022-01-07,0,431.29,1734808,123951696
Japan,2022-01-08,0,431.29,1734808,123951696
Japan,2022-01-09,30796,4399.43,1765604,123951696
Japan,2022-01-10,0,4399.43,1765604,123951696
Japan,2022-01-11,0,4399.43,1765604,123951696
Japan,2022-01-12,0,4399.43,1765604,123951696
Japan,2022-01-13,0,4399.43,1765604,123951696
Japan,2022-01-14,0,4399.43,1765604,123951696
Japan,2022-01-15,0,4399.43,1765604,123951696
Japan,2022-01-16,114235,16319.29,1879839,123951696
Japan,2022-01-17,0,16319.29,1879839,123951696
Japan,2022-01-18,0,16319.29,1879839,123951696
Japan,2022-01-19,0,16319.29,1879839,123951696
Japan,2022-01-20,0,16319.29,1879839,123951696
Japan,2022-01-21,0,16319.29,1879839,123951696
Japan,2022-01-22,0,16319.29,1879839,123951696
Japan,2022-01-23,289814,41402.0,2169653,123951696
Japan,2022-01-24,0,41402.0,2169653,123951696
Japan,2022-01-25,0,41402.0,2169653,123951696
Japan,2022-01-26,0,41402.0,2169653,123951696
Japan,2022-01-27,0,41402.0,2169653,123951696
Japan,2022-01-28,0,41402.0,2169653,123951696
Japan,2022-01-29,0,41402.0,2169653,123951696
Japan,2022-01-30,499985,71426.43,2669638,123951696
Japan,2022-01-31,0,71426.43,2669638,123951696
Japan,2022-02-01,0,71426.43,2669638,123951696
Japan,2022-02-02,0,71426.43,2669638,123951696
Japan,2022-02-03,0,71426.43,2669638,123951696
Japan,2022-02-04,0,71426.43,2669638,123951696
Japan,2022-02-05,0,71426.43,2669638,123951696
Japan,2022-02-06,630951,90135.86,3300589,123951696
Japan,2022-02-07,0,90135.86,3300589,123951696
Japan,2022-02-08,0,90135.86,3300589,123951696
Japan,2022-02-09,0,90135.86,3300589,123951696
Japan,2022-02-10,0,90135.86,3300589,123951696
Japan,2022-02-11,0,90135.86,3300589,123951696
Japan,2022-02-12,0,90135.86,3300589,123951696
Japan,2022-02-13,611609,87372.71,3912198,123951696
Japan,2022-02-14,0,87372.71,3912198,123951696
Japan,2022-02-15,0,87372.71,3912198,123951696
Japan,2022-02-16,0,87372.71,3912198,123951696
Japan,2022-02-17,0,87372.71,3912198,123951696
Japan,2022-02-18,0,87372.71,3912198,123951696
Japan,2022-02-19,0,87372.71,3912198,123951696
Japan,2022-02-20,572555,81793.57,4484753,123951696
Japan,2022-02-21,0,81793.57,4484753,123951696
Japan,2022-02-22,0,81793.57,4484753,123951696
Japan,2022-02-23,0,81793.57,4484753,123951696
Japan,2022-02-24,0,81793.57,4484753,123951696
Japan,2022-02-25,0,81793.57,4484753,123951696
Japan,2022-02-26,0,81793.57,4484753,123951696
Japan,2022-02-27,469867,67123.86,4954620,123951696
Japan,2022-02-28,0,67123.86,4954620,123951696
Japan,2022-03-01,0,67123.86,4954620,123951696
Japan,2022-03-02,0,67123.86,4954620,123951696
Japan,2022-03-03,0,67123.86,4954620,123951696
Japan,2022-03-04,0,67123.86,4954620,123951696
Japan,2022-03-05,0,67123.86,4954620,123951696
Japan,2022-03-06,438913,62701.86,5393533,123951696
Japan,2022-03-07,0,62701.86,5393533,123951696
Japan,2022-03-08,0,62701.86,5393533,123951696
Japan,2022-03-09,0,62701.86,5393533,123951696
Japan,2022-03-10,0,62701.86,5393533,123951696
Japan,2022-03-11,0,62701.86,5393533,123951696
Japan,2022-03-12,0,62701.86,5393533,123951696
Japan,2022-03-13,378863,54123.29,5772396,123951696
Japan,2022-03-14,0,54123.29,5772396,123951696
Japan,2022-03-15,0,54123.29,5772396,123951696
Japan,2022-03-16,0,54123.29,5772396,123951696
Japan,2022-03-17,0,54123.29,5772396,123951696
Japan,2022-03-18,0,54123.29,5772396,123951696
Japan,2022-03-19,0,54123.29,5772396,123951696
Japan,2022-03-20,331694,47384.86,6104090,123951696
Japan,2022-03-21,0,47384.86,6104090,123951696
Japan,2022-03-22,0,47384.86,6104090,123951696
Japan,2022-03-23,0,47384.86,6104090,123951696
Japan,2022-03-24,0,47384.86,6104090,123951696
Japan,2022-03-25,0,47384.86,6104090,123951696
Japan,2022-03-26,0,47384.86,6104090,123951696
Japan,2022-03-27,273629,39089.86,6377719,123951696
Japan,2022-03-28,0,39089.86,6377719,123951696
Japan,2022-03-29,0,39089.86,6377719,123951696
Japan,2022-03-30,0,39089.86,6377719,123951696
Japan,2022-03-31,0,39089.86,6377719,123951696
Japan,2022-04-01,0,39089.86,6377719,123951696
Japan,2022-04-02,0,39089.86,6377719,123951696
Japan,2022-04-03,324367,46338.14,6702086,123951696
Japan,2022-04-04,0,46338.14,6702086,123951696
Japan,2022-04-05,0,46338.14,6702086,123951696
Japan,2022-04-06,0,46338.14,6702086,123951696
Japan,2022-04-07,0,46338.14,6702086,123951696
Japan,2022-04-08,0,46338.14,6702086,123951696
Japan,2022-04-09,0,46338.14,6702086,123951696
Japan,2022-04-10,337477,48211.0,7039563,123951696
Japan,2022-04-11,0,48211.0,7039563,123951696
Japan,2022-04-12,0,48211.0,7039563,123951696
Japan,2022-04-13,0,48211.0,7039563,123951696
Japan,2022-04-14,0,48211.0,7039563,123951696
Japan,2022-04-15,0,48211.0,7039563,123951696
Japan,2022-04-16,0,48211.0,7039563,123951696
Japan,2022-04-17,334688,47812.57,7374251,123951696
Japan,2022-04-18,0,47812.57,7374251,123951696
Japan,2022-04-19,0,47812.57,7374251,123951696
Japan,2022-04-20,0,47812.57,7374251,123951696
Japan,2022-04-21,0,47812.57,7374251,123951696
Japan,2022-04-22,0,47812.57,7374251,123951696
Japan,2022-04-23,0,47812.57,7374251,123951696
Japan,2022-04-24,285761,40823.0,7660012,123951696
Japan,2022-04-25,0,40823.0,7660012,123951696
Japan,2022-04-26,0,40823.0,7660012,123951696
Japan,2022-04-27,0,40823.0,7660012,123951696
Japan,2022-04-28,0,40823.0,7660012,123951696
Japan,2022-04-29,0,40823.0,7660012,123951696
Japan,2022-04-30,0,40823.0,7660012,123951696
Japan,2022-05-01,241921,34560.14,7901933,123951696
Japan,2022-05-02,0,34560.14,7901933,123951696
Japan,2022-05-03,0,34560.14,7901933,123951696
Japan,2022-05-04,0,34560.14,7901933,123951696
Japan,2022-05-05,0,34560.14,7901933,123951696
Japan,2022-05-06,0,34560.14,7901933,123951696
Japan,2022-05-07,0,34560.14,7901933,123951696
Japan,2022-05-08,197600,28228.57,8099533,123951696
Japan,2022-05-09,0,28228.57,8099533,123951696
Japan,2022-05-10,0,28228.57,8099533,123951696
Japan,2022-05-11,0,28228.57,8099533,123951696
Japan,2022-05-12,0,28228.57,8099533,123951696
Japan,2022-05-13,0,28228.57,8099533,123951696
Japan,2022-05-14,0,28228.57,8099533,123951696
Japan,2022-05-15,273523,39074.71,8373056,123951696
Japan,2022-05-16,0,39074.71,8373056,123951696
Japan,2022-05-17,0,39074.71,8373056,123951696
Japan,2022-05-18,0,39074.71,8373056,123951696
Japan,2022-05-19,0,39074.71,8373056,123951696
Japan,2022-05-20,0,39074.71,8373056,123951696
Japan,2022-05-21,0,39074.71,8373056,123951696
Japan,2022-05-22,245627,35089.57,8618683,123951696
Japan,2022-05-23,0,35089.57,8618683,123951696
Japan,2022-05-24,0,35089.57,8618683,123951696
Japan,2022-05-25,0,35089.57,8618683,123951696
Japan,2022-05-26,0,35089.57,8618683,123951696
Japan,2022-05-27,0,35089.57,8618683,123951696
Japan,2022-05-28,0,35089.57,8618683,123951696
Japan,2022-05-29,192931,27561.57,8811614,123951696
Japan,2022-05-30,0,27561.57,8811614,123951696
Japan,2022-05-31,0,27561.57,8811614,123951696
Japan,2022-06-01,0,27561.57,8811614,123951696
Japan,2022-06-02,0,27561.57,8811614,123951696
Japan,2022-06-03,0,27561.57,8811614,123951696
Japan,2022-06-04,0,27561.57,8811614,123951696
Japan,2022-06-05,134170,19167.14,8945784,123951696
Japan,2022-06-06,0,19167.14,8945784,123951696
Japan,2022-06-07,0,19167.14,8945784,123951696
Japan,2022-06-08,0,19167.14,8945784,123951696
Japan,2022-06-09,0,19167.14,8945784,123951696
Japan,2022-06-10,0,19167.14,8945784,123951696
Japan,2022-06-11,0,19167.14,8945784,123951696
Japan,2022-06-12,105948,15135.43,9051732,123951696
Japan,2022-06-13,0,15135.43,9051732,123951696
Japan,2022-06-14,0,15135.43,9051732,123951696
Japan,2022-06-15,0,15135.43,9051732,123951696
Japan,2022-06-16,0,15135.43,9051732,123951696
Japan,2022-06-17,0,15135.43,9051732,123951696
Japan,2022-06-18,0,15135.43,9051732,123951696
Japan,2022-06-19,98001,14000.14,9149733,123951696
Japan,2022-06-20,0,14000.14,9149733,123951696
Japan,2022-06-21,0,14000.14,9149733,123951696
Japan,2022-06-22,0,14000.14,9149733,123951696
Japan,2022-06-23,0,14000.14,9149733,123951696
Japan,2022-06-24,0,14000.14,9149733,123951696
Japan,2022-06-25,0,14000.14,9149733,123951696
Japan,2022-06-26,103653,14807.57,9253386,123951696
Japan,2022-06-27,0,14807.57,9253386,123951696
Japan,2022-06-28,0,14807.57,9253386,123951696
Japan,2022-06-29,0,14807.57,9253386,123951696
Japan,2022-06-30,0,14807.57,9253386,123951696
Japan,2022-07-01,0,14807.57,9253386,123951696
Japan,2022-07-02,0,14807.57,9253386,123951696
Japan,2022-07-03,122586,17512.29,9375972,123951696
Japan,2022-07-04,0,17512.29,9375972,123951696
Japan,2022-07-05,0,17512.29,9375972,123951696
Japan,2022-07-06,0,17512.29,9375972,123951696
Japan,2022-07-07,0,17512.29,9375972,123951696
Japan,2022-07-08,0,17512.29,9375972,123951696
Japan,2022-07-09,0,17512.29,9375972,123951696
Japan,2022-07-10,269760,38537.14,9645732,123951696
Japan,2022-07-11,0,38537.14,9645732,123951696
Japan,2022-07-12,0,38537.14,9645732,123951696
Japan,2022-07-13,0,38537.14,9645732,123951696
Japan,2022-07-14,0,38537.14,9645732,123951696
Japan,2022-07-15,0,38537.14,9645732,123951696
Japan,2022-07-16,0,38537.14,9645732,123951696
Japan,2022-07-17,559111,79873.0,10204843,123951696
Japan,2022-07-18,0,79873.0,10204843,123951696
Japan,2022-07-19,0,79873.0,10204843,123951696
Japan,2022-07-20,0,79873.0,10204843,123951696
Japan,2022-07-21,0,79873.0,10204843,123951696
Japan,2022-07-22,0,79873.0,10204843,123951696
Japan,2022-07-23,0,79873.0,10204843,123951696
Japan,2022-07-24,969068,138438.29,11173911,123951696
Japan,2022-07-25,0,138438.29,11173911,123951696
Japan,2022-07-26,0,138438.29,11173911,123951696
Japan,2022-07-27,0,138438.29,11173911,123951696
Japan,2022-07-28,0,138438.29,11173911,123951696
Japan,2022-07-29,0,138438.29,11173911,123951696
Japan,2022-07-30,0,138438.29,11173911,123951696
Japan,2022-07-31,1379099,197014.14,12553010,123951696
Japan,2022-08-01,0,197014.14,12553010,123951696
Japan,2022-08-02,0,197014.14,12553010,123951696
Japan,2022-08-03,0,197014.14,12553010,123951696
Japan,2022-08-04,0,197014.14,12553010,123951696
Japan,2022-08-05,0,197014.14,12553010,123951696
Japan,2022-08-06,0,197014.14,12553010,123951696
Japan,2022-08-07,1496968,213852.57,14049978,123951696
Japan,2022-08-08,0,213852.57,14049978,123951696
Japan,2022-08-09,0,213852.57,14049978,123951696
Japan,2022-08-10,0,213852.57,14049978,123951696
Japan,2022-08-11,0,213852.57,14049978,123951696
Japan,2022-08-12,0,213852.57,14049978,123951696
Japan,2022-08-13,0,213852.57,14049978,123951696
Japan,2022-08-14,1395301,199328.71,15445279,123951696
Japan,2022-08-15,0,199328.71,15445279,123951696
Japan,2022-08-16,0,199328.71,15445279,123951696
Japan,2022-08-17,0,199328.71,15445279,123951696
Japan,2022-08-18,0,199328.71,15445279,123951696
Japan,2022-08-19,0,199328.71,15445279,123951696
Japan,2022-08-20,0,199328.71,15445279,123951696
Japan,2022-08-21,1476374,210910.57,16921653,123951696
Japan,2022-08-22,0,210910.57,16921653,123951696
Japan,2022-08-23,0,210910.57,16921653,123951696
Japan,2022-08-24,0,210910.57,16921653,123951696
Japan,2022-08-25,0,210910.57,16921653,123951696
Japan,2022-08-26,0,210910.57,16921653,123951696
Japan,2022-08-27,0,210910.57,16921653,123951696
Japan,2022-08-28,1258772,179824.57,18180425,123951696
Japan,2022-08-29,0,179824.57,18180425,123951696
Japan,2022-08-30,0,179824.57,18180425,123951696
Japan,2022-08-31,0,179824.57,18180425,123951696
Japan,2022-09-01,0,179824.57,18180425,123951696
Japan,2022-09-02,0,179824.57,18180425,123951696
Japan,2022-09-03,0,179824.57,18180425,123951696
Japan,2022-09-04,1164787,166398.14,19345212,123951696
Japan,2022-09-05,0,166398.14,19345212,123951696
Japan,2022-09-06,0,166398.14,19345212,123951696
Japan,2022-09-07,0,166398.14,19345212,123951696
Japan,2022-09-08,0,166398.14,19345212,123951696
Japan,2022-09-09,0,166398.14,19345212,123951696
Japan,2022-09-10,0,166398.14,19345212,123951696
Japan,2022-09-11,537181,76740.14,19882393,123951696
Japan,2022-09-12,0,76740.14,19882393,123951696
Japan,2022-09-13,0,76740.14,19882393,123951696
Japan,2022-09-14,0,76740.14,19882393,123951696
Japan,2022-09-15,0,76740.14,19882393,123951696
Japan,2022-09-16,0,76740.14,19882393,123951696
Japan,2022-09-17,0,76740.14,19882393,123951696
Japan,2022-09-18,605919,86559.86,20488312,123951696
Japan,2022-09-19,0,86559.86,20488312,123951696
Japan,2022-09-20,0,86559.86,20488312,123951696
Japan,2022-09-21,0,86559.86,20488312,123951696
Japan,2022-09-22,0,86559.86,20488312,123951696
Japan,2022-09-23,0,86559.86,20488312,123951696
Japan,2022-09-24,0,86559.86,20488312,123951696
Japan,2022-09-25,535502,76500.29,21023814,123951696
Japan,2022-09-26,0,76500.29,21023814,123951696
Japan,2022-09-27,0,76500.29,21023814,123951696
Japan,2022-09-28,0,76500.29,21023814,123951696
Japan,2022-09-29,0,76500.29,21023814,123951696
Japan,2022-09-30,0,76500.29,21023814,123951696
Japan,2022-10-01,0,76500.29,21023814,123951696
Japan,2022-10-02,306958,43851.14,21330772,123951696
Japan,2022-10-03,0,43851.14,21330772,123951696
Japan,2022-10-04,0,43851.14,21330772,123951696
Japan,2022-10-05,0,43851.14,21330772,123951696
Japan,2022-10-06,0,43851.14,21330772,123951696
Japan,2022-10-07,0,43851.14,21330772,123951696
Japan,2022-10-08,0,43851.14,21330772,123951696
Japan,2022-10-09,208547,29792.43,21539319,123951696
Japan,2022-10-10,0,29792.43,21539319,123951696
Japan,2022-10-11,0,29792.43,21539319,123951696
Japan,2022-10-12,0,29792.43,21539319,123951696
Japan,2022-10-13,0,29792.43,21539319,123951696
Japan,2022-10-14,0,29792.43,21539319,123951696
Japan,2022-10-15,0,29792.43,21539319,123951696
Japan,2022-10-16,218276,31182.29,21757595,123951696
Japan,2022-10-17,0,31182.29,21757595,123951696
Japan,2022-10-18,0,31182.29,21757595,123951696
Japan,2022-10-19,0,31182.29,21757595,123951696
Japan,2022-10-20,0,31182.29,21757595,123951696
Japan,2022-10-21,0,31182.29,21757595,123951696
Japan,2022-10-22,0,31182.29,21757595,123951696
Japan,2022-10-23,233682,33383.14,21991277,123951696
Japan,2022-10-24,0,33383.14,21991277,123951696
Japan,2022-10-25,0,33383.14,21991277,123951696
Japan,2022-10-26,0,33383.14,21991277,123951696
Japan,2022-10-27,0,33383.14,21991277,123951696
Japan,2022-10-28,0,33383.14,21991277,123951696
Japan,2022-10-29,0,33383.14,21991277,123951696
Japan,2022-10-30,281974,40282.0,22273251,123951696
Japan,2022-10-31,0,40282.0,22273251,123951696
Japan,2022-11-01,0,40282.0,22273251,123951696
Japan,2022-11-02,0,40282.0,22273251,123951696
Japan,2022-11-03,0,40282.0,22273251,123951696
Japan,2022-11-04,0,40282.0,22273251,123951696
Japan,2022-11-05,0,40282.0,22273251,123951696
Japan,2022-11-06,401693,57384.71,22674944,123951696
Japan,2022-11-07,0,57384.71,22674944,123951696
Japan,2022-11-08,0,57384.71,22674944,123951696
Japan,2022-11-09,0,57384.71,22674944,123951696
Japan,2022-11-10,0,57384.71,22674944,123951696
Japan,2022-11-11,0,57384.71,22674944,123951696
Japan,2022-11-12,0,57384.71,22674944,123951696
Japan,2022-11-13,503766,71966.57,23178710,123951696
Japan,2022-11-14,0,71966.57,23178710,123951696
Japan,2022-11-15,0,71966.57,23178710,123951696
Japan,2022-11-16,0,71966.57,23178710,123951696
Japan,2022-11-17,0,71966.57,23178710,123951696
Japan,2022-11-18,0,71966.57,23178710,123951696
Japan,2022-11-19,0,71966.57,23178710,123951696
Japan,2022-11-20,593075,84725.0,23771785,123951696
Japan,2022-11-21,0,84725.0,23771785,123951696
Japan,2022-11-22,0,84725.0,23771785,123951696
Japan,2022-11-23,0,84725.0,23771785,123951696
Japan,2022-11-24,0,84725.0,23771785,123951696
Japan,2022-11-25,0,84725.0,23771785,123951696
Japan,2022-11-26,0,84725.0,23771785,123951696
Japan,2022-11-27,698772,99824.57,24470557,123951696
Japan,2022-11-28,0,99824.57,24470557,123951696
Japan,2022-11-29,0,99824.57,24470557,123951696
Japan,2022-11-30,0,99824.57,24470557,123951696
Japan,2022-12-01,0,99824.57,24470557,123951696
Japan,2022-12-02,0,99824.57,24470557,123951696
Japan,2022-12-03,0,99824.57,24470557,123951696
Japan,2022-12-04,749895,107127.86,25220452,123951696
Japan,2022-12-05,0,107127.86,25220452,123951696
Japan,2022-12-06,0,107127.86,25220452,123951696
Japan,2022-12-07,0,107127.86,25220452,123951696
Japan,2022-12-08,0,107127.86,25220452,123951696
Japan,2022-12-09,0,107127.86,25220452,123951696
Japan,2022-12-10,0,107127.86,25220452,123951696
Japan,2022-12-11,849371,121338.71,26069823,123951696
Japan,2022-12-12,0,121338.71,26069823,123951696
Japan,2022-12-13,0,121338.71,26069823,123951696
Japan,2022-12-14,0,121338.71,26069823,123951696
Japan,2022-12-15,0,121338.71,26069823,123951696
Japan,2022-12-16,0,121338.71,26069823,123951696
Japan,2022-12-17,0,121338.71,26069823,123951696
Japan,2022-12-18,1046650,149521.43,27116473,123951696
Japan,2022-12-19,0,149521.43,27116473,123951696
Japan,2022-12-20,0,149521.43,27116473,123951696
Japan,2022-12-21,0,149521.43,27116473,123951696
Japan,2022-12-22,0,149521.43,27116473,123951696
Japan,2022-12-23,0,149521.43,27116473,123951696
Japan,2022-12-24,0,149521.43,27116473,123951696
Japan,2022-12-25,1149932,164276.0,28266405,123951696
Japan,2022-12-26,0,164276.0,28266405,123951696
Japan,2022-12-27,0,164276.0,28266405,123951696
Japan,2022-12-28,0,164276.0,28266405,123951696
Japan,2022-12-29,0,164276.0,28266405,123951696
Japan,2022-12-30,0,164276.0,28266405,123951696
Japan,2022-12-31,0,164276.0,28266405,123951696
Japan,2023-01-01,946130,135161.43,29212535,123951696
Japan,2023-01-02,0,135161.43,29212535,123951696
Japan,2023-01-03,0,135161.43,29212535,123951696
Japan,2023-01-04,0,135161.43,29212535,123951696
Japan,2023-01-05,0,135161.43,29212535,123951696
Japan,2023-01-06,0,135161.43,29212535,123951696
Japan,2023-01-07,0,135161.43,29212535,123951696
Japan,2023-01-08,1070496,152928.0,30283031,123951696
Japan,2023-01-09,0,152928.0,30283031,123951696
Japan,2023-01-10,0,152928.0,30283031,123951696
Japan,2023-01-11,0,152928.0,30283031,123951696
Japan,2023-01-12,0,152928.0,30283031,123951696
Japan,2023-01-13,0,152928.0,30283031,123951696
Japan,2023-01-14,0,152928.0,30283031,123951696
Japan,2023-01-15,1025321,146474.43,31308352,123951696
Japan,2023-01-16,0,146474.43,31308352,123951696
Japan,2023-01-17,0,146474.43,31308352,123951696
Japan,2023-01-18,0,146474.43,31308352,123951696
Japan,2023-01-19,0,146474.43,31308352,123951696
Japan,2023-01-20,0,146474.43,31308352,123951696
Japan,2023-01-21,0,146474.43,31308352,123951696
Japan,2023-01-22,672526,96075.14,31980878,123951696
Japan,2023-01-23,0,96075.14,31980878,123951696
Japan,2023-01-24,0,96075.14,31980878,123951696
Japan,2023-01-25,0,96075.14,31980878,123951696
Japan,2023-01-26,0,96075.14,31980878,123951696
Japan,2023-01-27,0,96075.14,31980878,123951696
Japan,2023-01-28,0,96075.14,31980878,123951696
Japan,2023-01-29,438754,62679.14,32419632,123951696
Japan,2023-01-30,0,62679.14,32419632,123951696
Japan,2023-01-31,0,62679.14,32419632,123951696
Japan,2023-02-01,0,62679.14,32419632,123951696
Japan,2023-02-02,0,62679.14,32419632,123951696
Japan,2023-02-03,0,62679.14,32419632,123951696
Japan,2023-02-04,0,62679.14,32419632,123951696
Japan,2023-02-05,292614,41802.0,32712246,123951696
Japan,2023-02-06,0,41802.0,32712246,123951696
Japan,2023-02-07,0,41802.0,32712246,123951696
Japan,2023-02-08,0,41802.0,32712246,123951696
Japan,2023-02-09,0,41802.0,32712246,123951696
Japan,2023-02-10,0,41802.0,32712246,123951696
Japan,2023-02-11,0,41802.0,32712246,123951696
Japan,2023-02-12,223365,31909.29,32935611,123951696
Japan,2023-02-13,0,31909.29,32935611,123951696
Japan,2023-02-14,0,31909.29,32935611,123951696
Japan,2023-02-15,0,31909.29,32935611,123951696
Japan,2023-02-16,0,31909.29,32935611,123951696
Japan,2023-02-17,0,31909.29,32935611,123951696
Japan,2023-02-18,0,31909.29,32935611,123951696
Japan,2023-02-19,141082,20154.57,33076693,123951696
Japan,2023-02-20,0,20154.57,33076693,123951696
Japan,2023-02-21,0,20154.57,33076693,123951696
Japan,2023-02-22,0,20154.57,33076693,123951696
Japan,2023-02-23,0,20154.57,33076693,123951696
Japan,2023-02-24,0,20154.57,33076693,123951696
Japan,2023-02-25,0,20154.57,33076693,123951696
Japan,2023-02-26,95874,13696.29,33172567,123951696
Japan,2023-02-27,0,13696.29,33172567,123951696
Japan,2023-02-28,0,13696.29,33172567,123951696
Japan,2023-03-01,0,13696.29,33172567,123951696
Japan,2023-03-02,0,13696.29,33172567,123951696
Japan,2023-03-03,0,13696.29,33172567,123951696
Japan,2023-03-04,0,13696.29,33172567,123951696
Japan,2023-03-05,78930,11275.71,33251497,123951696
Japan,2023-03-06,0,11275.71,33251497,123951696
Japan,2023-03-07,0,11275.71,33251497,123951696
Japan,2023-03-08,0,11275.71,33251497,123951696
Japan,2023-03-09,0,11275.71,33251497,123951696
Japan,2023-03-10,0,11275.71,33251497,123951696
Japan,2023-03-11,0,11275.71,33251497,123951696
Japan,2023-03-12,65012,9287.43,33316509,123951696
Japan,2023-03-13,0,9287.43,33316509,123951696
Japan,2023-03-14,0,9287.43,33316509,123951696
Japan,2023-03-15,0,9287.43,33316509,123951696
Japan,2023-03-16,0,9287.43,33316509,123951696
Japan,2023-03-17,0,9287.43,33316509,123951696
Japan,2023-03-18,0,9287.43,33316509,123951696
Japan,2023-03-19,51856,7408.0,33368365,123951696
Japan,2023-03-20,0,7408.0,33368365,123951696
Japan,2023-03-21,0,7408.0,33368365,123951696
Japan,2023-03-22,0,7408.0,33368365,123951696
Japan,2023-03-23,0,7408.0,33368365,123951696
Japan,2023-03-24,0,7408.0,33368365,123951696
Japan,2023-03-25,0,7408.0,33368365,123951696
Japan,2023-03-26,47096,6728.0,33415461,123951696
Japan,2023-03-27,0,6728.0,33415461,123951696
Japan,2023-03-28,0,6728.0,33415461,123951696
Japan,2023-03-29,0,6728.0,33415461,123951696
Japan,2023-03-30,0,6728.0,33415461,123951696
Japan,2023-03-31,0,6728.0,33415461,123951696
Japan,2023-04-01,0,6728.0,33415461,123951696
Japan,2023-04-02,47398,6771.14,33462859,123951696
Japan,2023-04-03,0,6771.14,33462859,123951696
Japan,2023-04-04,0,6771.14,33462859,123951696
Japan,2023-04-05,0,6771.14,33462859,123951696
Japan,2023-04-06,0,6771.14,33462859,123951696
Japan,2023-04-07,0,6771.14,33462859,123951696
Japan,2023-04-08,0,6771.14,33462859,123951696
Japan,2023-04-09,53989,7712.71,33516848,123951696
Japan,2023-04-10,0,7712.71,33516848,123951696
Japan,2023-04-11,0,7712.71,33516848,123951696
Japan,2023-04-12,0,7712.71,33516848,123951696
Japan,2023-04-13,0,7712.71,33516848,123951696
Japan,2023-04-14,0,7712.71,33516848,123951696
Japan,2023-04-15,0,7712.71,33516848,123951696
Japan,2023-04-16,56847,8121.0,33573695,123951696
Japan,2023-04-17,0,8121.0,33573695,123951696
Japan,2023-04-18,0,8121.0,33573695,123951696
Japan,2023-04-19,0,8121.0,33573695,123951696
Japan,2023-04-20,0,8121.0,33573695,123951696
Japan,2023-04-21,0,8121.0,33573695,123951696
Japan,2023-04-22,0,8121.0,33573695,123951696
Japan,2023-04-23,65510,9358.57,33639205,123951696
Japan,2023-04-24,0,9358.57,33639205,123951696
Japan,2023-04-25,0,9358.57,33639205,123951696
Japan,2023-04-26,0,9358.57,33639205,123951696
Japan,2023-04-27,0,9358.57,33639205,123951696
Japan,2023-04-28,0,9358.57,33639205,123951696
Japan,2023-04-29,0,9358.57,33639205,123951696
Japan,2023-04-30,74812,10687.43,33714017,123951696
Japan,2023-05-01,0,10687.43,33714017,123951696
Japan,2023-05-02,0,10687.43,33714017,123951696
Japan,2023-05-03,0,10687.43,33714017,123951696
Japan,2023-05-04,0,10687.43,33714017,123951696
Japan,2023-05-05,0,10687.43,33714017,123951696
Japan,2023-05-06,0,10687.43,33714017,123951696
Japan,2023-05-07,64976,9282.29,33778993,123951696
Japan,2023-05-08,0,9282.29,33778993,123951696
Japan,2023-05-09,0,9282.29,33778993,123951696
Japan,2023-05-10,0,9282.29,33778993,123951696
Japan,2023-05-11,0,9282.29,33778993,123951696
Japan,2023-05-12,0,9282.29,33778993,123951696
Japan,2023-05-13,0,9282.29,33778993,123951696
Japan,2023-05-14,24579,3511.29,33803572,123951696
Japan,2023-05-15,0,3511.29,33803572,123951696
Japan,2023-05-16,0,3511.29,33803572,123951696
Japan,2023-05-17,0,3511.29,33803572,123951696
Japan,2023-05-18,0,3511.29,33803572,123951696
Japan,2023-05-19,0,3511.29,33803572,123951696
Japan,2023-05-20,0,3511.29,33803572,123951696
Japan,2023-05-21,0,0.0,33803572,123951696
Japan,2023-05-22,0,0.0,33803572,123951696
Japan,2023-05-23,0,0.0,33803572,123951696
Japan,2023-05-24,0,0.0,33803572,123951696
Japan,2023-05-25,0,0.0,33803572,123951696
Japan,2023-05-26,0,0.0,33803572,123951696
Japan,2023-05-27,0,0.0,33803572,123951696
Japan,2023-05-28,0,0.0,33803572,123951696
Japan,2023-05-29,0,0.0,33803572,123951696
Japan,2023-05-30,0,0.0,33803572,123951696
Japan,2023-05-31,0,0.0,33803572,123951696
Japan,2023-06-01,0,0.0,33803572,123951696
Japan,2023-06-02,0,0.0,33803572,123951696
Japan,2023-06-03,0,0.0,33803572,123951696
Japan,2023-06-04,0,0.0,33803572,123951696
Japan,2023-06-05,0,0.0,33803572,123951696
Japan,2023-06-06,0,0.0,33803572,123951696
Japan,2023-06-07,0,0.0,33803572,123951696
Japan,2023-06-08,0,0.0,33803572,123951696
Japan,2023-06-09,0,0.0,33803572,123951696
Japan,2023-06-10,0,0.0,33803572,123951696
Japan,2023-06-11,0,0.0,33803572,123951696
Japan,2023-06-12,0,0.0,33803572,123951696
Japan,2023-06-13,0,0.0,33803572,123951696
Japan,2023-06-14,0,0.0,33803572,123951696
Japan,2023-06-15,0,0.0,33803572,123951696
Japan,2023-06-16,0,0.0,33803572,123951696
Japan,2023-06-17,0,0.0,33803572,123951696
Japan,2023-06-18,0,0.0,33803572,123951696
Japan,2023-06-19,0,0.0,33803572,123951696
Japan,2023-06-20,0,0.0,33803572,123951696
Japan,2023-06-21,0,0.0,33803572,123951696
Japan,2023-06-22,0,0.0,33803572,123951696
Japan,2023-06-23,0,0.0,33803572,123951696
Japan,2023-06-24,0,0.0,33803572,123951696
Japan,2023-06-25,0,0.0,33803572,123951696
Japan,2023-06-26,0,0.0,33803572,123951696
Japan,2023-06-27,0,0.0,33803572,123951696
Japan,2023-06-28,0,0.0,33803572,123951696
Japan,2023-06-29,0,0.0,33803572,123951696
Japan,2023-06-30,0,0.0,33803572,123951696
Japan,2023-07-01,0,0.0,33803572,123951696
Japan,2023-07-02,0,0.0,33803572,123951696
Japan,2023-07-03,0,0.0,33803572,123951696
Japan,2023-07-04,0,0.0,33803572,123951696
Japan,2023-07-05,0,0.0,33803572,123951696
Japan,2023-07-06,0,0.0,33803572,123951696
Japan,2023-07-07,0,0.0,33803572,123951696
Japan,2023-07-08,0,0.0,33803572,123951696
Japan,2023-07-09,0,0.0,33803572,123951696
Japan,2023-07-10,0,0.0,33803572,123951696
Japan,2023-07-11,0,0.0,33803572,123951696
Japan,2023-07-12,0,0.0,33803572,123951696
Japan,2023-07-13,0,0.0,33803572,123951696
Japan,2023-07-14,0,0.0,33803572,123951696
Japan,2023-07-15,0,0.0,33803572,123951696
Japan,2023-07-16,0,0.0,33803572,123951696
Japan,2023-07-17,0,0.0,33803572,123951696
Japan,2023-07-18,0,0.0,33803572,123951696
Japan,2023-07-19,0,0.0,33803572,123951696
Japan,2023-07-20,0,0.0,33803572,123951696
Japan,2023-07-21,0,0.0,33803572,123951696
Japan,2023-07-22,0,0.0,33803572,123951696
Japan,2023-07-23,0,0.0,33803572,123951696
Japan,2023-07-24,0,0.0,33803572,123951696
Japan,2023-07-25,0,0.0,33803572,123951696
Japan,2023-07-26,0,0.0,33803572,123951696
Japan,2023-07-27,0,0.0,33803572,123951696
Japan,2023-07-28,0,0.0,33803572,123951696
Japan,2023-07-29,0,0.0,33803572,123951696
Japan,2023-07-30,0,0.0,33803572,123951696
Japan,2023-07-31,0,0.0,33803572,123951696
Japan,2023-08-01,0,0.0,33803572,123951696
Japan,2023-08-02,0,0.0,33803572,123951696
Japan,2023-08-03,0,0.0,33803572,123951696
Japan,2023-08-04,0,0.0,33803572,123951696
Japan,2023-08-05,0,0.0,33803572,123951696
Japan,2023-08-06,0,0.0,33803572,123951696
Japan,2023-08-07,0,0.0,33803572,123951696
Japan,2023-08-08,0,0.0,33803572,123951696
Japan,2023-08-09,0,0.0,33803572,123951696
Japan,2023-08-10,0,0.0,33803572,123951696
Japan,2023-08-11,0,0.0,33803572,123951696
Japan,2023-08-12,0,0.0,33803572,123951696
Japan,2023-08-13,0,0.0,33803572,123951696
Japan,2023-08-14,0,0.0,33803572,123951696
Japan,2023-08-15,0,0.0,33803572,123951696
Japan,2023-08-16,0,0.0,33803572,123951696
Japan,2023-08-17,0,0.0,33803572,123951696
Japan,2023-08-18,0,0.0,33803572,123951696
Japan,2023-08-19,0,0.0,33803572,123951696
Japan,2023-08-20,0,0.0,33803572,123951696
Japan,2023-08-21,0,0.0,33803572,123951696
Japan,2023-08-22,0,0.0,33803572,123951696
Japan,2023-08-23,0,0.0,33803572,123951696
Japan,2023-08-24,0,0.0,33803572,123951696
Japan,2023-08-25,0,0.0,33803572,123951696
Japan,2023-08-26,0,0.0,33803572,123951696
Japan,2023-08-27,0,0.0,33803572,123951696
Japan,2023-08-28,0,0.0,33803572,123951696
Japan,2023-08-29,0,0.0,33803572,123951696
Japan,2023-08-30,0,0.0,33803572,123951696
Japan,2023-08-31,0,0.0,33803572,123951696
Japan,2023-09-01,0,0.0,33803572,123951696
Japan,2023-09-02,0,0.0,33803572,123951696
Japan,2023-09-03,0,0.0,33803572,123951696
Japan,2023-09-04,0,0.0,33803572,123951696
Japan,2023-09-05,0,0.0,33803572,123951696
Japan,2023-09-06,0,0.0,33803572,123951696
Japan,2023-09-07,0,0.0,33803572,123951696
Japan,2023-09-08,0,0.0,33803572,123951696
Japan,2023-09-09,0,0.0,33803572,123951696
Japan,2023-09-10,0,0.0,33803572,123951696
Japan,2023-09-11,0,0.0,33803572,123951696
Japan,2023-09-12,0,0.0,33803572,123951696
Japan,2023-09-13,0,0.0,33803572,123951696
Japan,2023-09-14,0,0.0,33803572,123951696
Japan,2023-09-15,0,0.0,33803572,123951696
Japan,2023-09-16,0,0.0,33803572,123951696
Japan,2023-09-17,0,0.0,33803572,123951696
Japan,2023-09-18,0,0.0,33803572,123951696
Japan,2023-09-19,0,0.0,33803572,123951696
Japan,2023-09-20,0,0.0,33803572,123951696
Japan,2023-09-21,0,0.0,33803572,123951696
Japan,2023-09-22,0,0.0,33803572,123951696
Japan,2023-09-23,0,0.0,33803572,123951696
Japan,2023-09-24,0,0.0,33803572,123951696
Japan,2023-09-25,0,0.0,33803572,123951696
Japan,2023-09-26,0,0.0,33803572,123951696
Japan,2023-09-27,0,0.0,33803572,123951696
Japan,2023-09-28,0,0.0,33803572,123951696
Japan,2023-09-29,0,0.0,33803572,123951696
Japan,2023-09-30,0,0.0,33803572,123951696
Japan,2023-10-01,0,0.0,33803572,123951696
Japan,2023-10-02,0,0.0,33803572,123951696
Japan,2023-10-03,0,0.0,33803572,123951696
Japan,2023-10-04,0,0.0,33803572,123951696
Japan,2023-10-05,0,0.0,33803572,123951696
Japan,2023-10-06,0,0.0,33803572,123951696
Japan,2023-10-07,0,0.0,33803572,123951696
Japan,2023-10-08,0,0.0,33803572,123951696
Japan,2023-10-09,0,0.0,33803572,123951696
Japan,2023-10-10,0,0.0,33803572,123951696
Japan,2023-10-11,0,0.0,33803572,123951696
Japan,2023-10-12,0,0.0,33803572,123951696
Japan,2023-10-13,0,0.0,33803572,123951696
Japan,2023-10-14,0,0.0,33803572,123951696
Japan,2023-10-15,0,0.0,33803572,123951696
Japan,2023-10-16,0,0.0,33803572,123951696
Japan,2023-10-17,0,0.0,33803572,123951696
Japan,2023-10-18,0,0.0,33803572,123951696
Japan,2023-10-19,0,0.0,33803572,123951696
Japan,2023-10-20,0,0.0,33803572,123951696
Japan,2023-10-21,0,0.0,33803572,123951696
Japan,2023-10-22,0,0.0,33803572,123951696
Japan,2023-10-23,0,0.0,33803572,123951696
Japan,2023-10-24,0,0.0,33803572,123951696
Japan,2023-10-25,0,0.0,33803572,123951696
Japan,2023-10-26,0,0.0,33803572,123951696
Japan,2023-10-27,0,0.0,33803572,123951696
Japan,2023-10-28,0,0.0,33803572,123951696
Japan,2023-10-29,0,0.0,33803572,123951696
Japan,2023-10-30,0,0.0,33803572,123951696
Japan,2023-10-31,0,0.0,33803572,123951696
Japan,2023-11-01,0,0.0,33803572,123951696
Japan,2023-11-02,0,0.0,33803572,123951696
Japan,2023-11-03,0,0.0,33803572,123951696
Japan,2023-11-04,0,0.0,33803572,123951696
Japan,2023-11-05,0,0.0,33803572,123951696
Japan,2023-11-06,0,0.0,33803572,123951696
Japan,2023-11-07,0,0.0,33803572,123951696
Japan,2023-11-08,0,0.0,33803572,123951696
Japan,2023-11-09,0,0.0,33803572,123951696
Japan,2023-11-10,0,0.0,33803572,123951696
Japan,2023-11-11,0,0.0,33803572,123951696
Japan,2023-11-12,0,0.0,33803572,123951696
Japan,2023-11-13,0,0.0,33803572,123951696
Japan,2023-11-14,0,0.0,33803572,123951696
Japan,2023-11-15,0,0.0,33803572,123951696
Japan,2023-11-16,0,0.0,33803572,123951696
Japan,2023-11-17,0,0.0,33803572,123951696
Japan,2023-11-18,0,0.0,33803572,123951696
Japan,2023-11-19,0,0.0,33803572,123951696
Japan,2023-11-20,0,0.0,33803572,123951696
Japan,2023-11-21,0,0.0,33803572,123951696
Japan,2023-11-22,0,0.0,33803572,123951696
Japan,2023-11-23,0,0.0,33803572,123951696
Japan,2023-11-24,0,0.0,33803572,123951696
Japan,2023-11-25,0,0.0,33803572,123951696
Japan,2023-11-26,0,0.0,33803572,123951696
Japan,2023-11-27,0,0.0,33803572,123951696
Japan,2023-11-28,0,0.0,33803572,123951696
Japan,2023-11-29,0,0.0,33803572,123951696
Japan,2023-11-30,0,0.0,33803572,123951696
Japan,2023-12-01,0,0.0,33803572,123951696
Japan,2023-12-02,0,0.0,33803572,123951696
Japan,2023-12-03,0,0.0,33803572,123951696
Japan,2023-12-04,0,0.0,33803572,123951696
Japan,2023-12-05,0,0.0,33803572,123951696
Japan,2023-12-06,0,0.0,33803572,123951696
Japan,2023-12-07,0,0.0,33803572,123951696
Japan,2023-12-08,0,0.0,33803572,123951696
Japan,2023-12-09,0,0.0,33803572,123951696
Japan,2023-12-10,0,0.0,33803572,123951696
Japan,2023-12-11,0,0.0,33803572,123951696
Japan,2023-12-12,0,0.0,33803572,123951696
Japan,2023-12-13,0,0.0,33803572,123951696
Japan,2023-12-14,0,0.0,33803572,123951696
Japan,2023-12-15,0,0.0,33803572,123951696
Japan,2023-12-16,0,0.0,33803572,123951696
Japan,2023-12-17,0,0.0,33803572,123951696
Japan,2023-12-18,0,0.0,33803572,123951696
Japan,2023-12-19,0,0.0,33803572,123951696
Japan,2023-12-20,0,0.0,33803572,123951696
Japan,2023-12-21,0,0.0,33803572,123951696
Japan,2023-12-22,0,0.0,33803572,123951696
Japan,2023-12-23,0,0.0,33803572,123951696
Japan,2023-12-24,0,0.0,33803572,123951696
Japan,2023-12-25,0,0.0,33803572,123951696
Japan,2023-12-26,0,0.0,33803572,123951696
Japan,2023-12-27,0,0.0,33803572,123951696
Japan,2023-12-28,0,0.0,33803572,123951696
Japan,2023-12-29,0,0.0,33803572,123951696
Japan,2023-12-30,0,0.0,33803572,123951696
Japan,2023-12-31,0,0.0,33803572,123951696
Japan,2024-01-01,0,0.0,33803572,123951696
Japan,2024-01-02,0,0.0,33803572,123951696
Japan,2024-01-03,0,0.0,33803572,123951696
Japan,2024-01-04,0,0.0,33803572,123951696
Japan,2024-01-05,0,0.0,33803572,123951696
Japan,2024-01-06,0,0.0,33803572,123951696
Japan,2024-01-07,0,0.0,33803572,123951696
Japan,2024-01-08,0,0.0,33803572,123951696
Japan,2024-01-09,0,0.0,33803572,123951696
Japan,2024-01-10,0,0.0,33803572,123951696
Japan,2024-01-11,0,0.0,33803572,123951696
Japan,2024-01-12,0,0.0,33803572,123951696
Japan,2024-01-13,0,0.0,33803572,123951696
Japan,2024-01-14,0,0.0,33803572,123951696
Japan,2024-01-15,0,0.0,33803572,123951696
Japan,2024-01-16,0,0.0,33803572,123951696
Japan,2024-01-17,0,0.0,33803572,123951696
Japan,2024-01-18,0,0.0,33803572,123951696
Japan,2024-01-19,0,0.0,33803572,123951696
Japan,2024-01-20,0,0.0,33803572,123951696
Japan,2024-01-21,0,0.0,33803572,123951696
Japan,2024-01-22,0,0.0,33803572,123951696
Japan,2024-01-23,0,0.0,33803572,123951696
Japan,2024-01-24,0,0.0,33803572,123951696
Japan,2024-01-25,0,0.0,33803572,123951696
Japan,2024-01-26,0,0.0,33803572,123951696
Japan,2024-01-27,0,0.0,33803572,123951696
Japan,2024-01-28,0,0.0,33803572,123951696
Japan,2024-01-29,0,0.0,33803572,123951696
Japan,2024-01-30,0,0.0,33803572,123951696
Japan,2024-01-31,0,0.0,33803572,123951696
Japan,2024-02-01,0,0.0,33803572,123951696
Japan,2024-02-02,0,0.0,33803572,123951696
Japan,2024-02-03,0,0.0,33803572,123951696
Japan,2024-02-04,0,0.0,33803572,123951696
Japan,2024-02-05,0,0.0,33803572,123951696
Japan,2024-02-06,0,0.0,33803572,123951696
Japan,2024-02-07,0,0.0,33803572,123951696
Japan,2024-02-08,0,0.0,33803572,123951696
Japan,2024-02-09,0,0.0,33803572,123951696
Japan,2024-02-10,0,0.0,33803572,123951696
Japan,2024-02-11,0,0.0,33803572,123951696
Japan,2024-02-12,0,0.0,33803572,123951696
Japan,2024-02-13,0,0.0,33803572,123951696
Japan,2024-02-14,0,0.0,33803572,123951696
Japan,2024-02-15,0,0.0,33803572,123951696
Japan,2024-02-16,0,0.0,33803572,123951696
Japan,2024-02-17,0,0.0,33803572,123951696
Japan,2024-02-18,0,0.0,33803572,123951696
Japan,2024-02-19,0,0.0,33803572,123951696
Japan,2024-02-20,0,0.0,33803572,123951696
Japan,2024-02-21,0,0.0,33803572,123951696
Japan,2024-02-22,0,0.0,33803572,123951696
Japan,2024-02-23,0,0.0,33803572,123951696
Japan,2024-02-24,0,0.0,33803572,123951696
Japan,2024-02-25,0,0.0,33803572,123951696
Japan,2024-02-26,0,0.0,33803572,123951696
Japan,2024-02-27,0,0.0,33803572,123951696
Japan,2024-02-28,0,0.0,33803572,123951696
Japan,2024-02-29,0,0.0,33803572,123951696
Japan,2024-03-01,0,0.0,33803572,123951696
Japan,2024-03-02,0,0.0,33803572,123951696
Japan,2024-03-03,0,0.0,33803572,123951696
Japan,2024-03-04,0,0.0,33803572,123951696
Japan,2024-03-05,0,0.0,33803572,123951696
Japan,2024-03-06,0,0.0,33803572,123951696
Japan,2024-03-07,0,0.0,33803572,123951696
Japan,2024-03-08,0,0.0,33803572,123951696
Japan,2024-03-09,0,0.0,33803572,123951696
Japan,2024-03-10,0,0.0,33803572,123951696
Japan,2024-03-11,0,0.0,33803572,123951696
Japan,2024-03-12,0,0.0,33803572,123951696
Japan,2024-03-13,0,0.0,33803572,123951696
Japan,2024-03-14,0,0.0,33803572,123951696
Japan,2024-03-15,0,0.0,33803572,123951696
Japan,2024-03-16,0,0.0,33803572,123951696
Japan,2024-03-17,0,0.0,33803572,123951696
Japan,2024-03-18,0,0.0,33803572,123951696
Japan,2024-03-19,0,0.0,33803572,123951696
Japan,2024-03-20,0,0.0,33803572,123951696
Japan,2024-03-21,0,0.0,33803572,123951696
Japan,2024-03-22,0,0.0,33803572,123951696
Japan,2024-03-23,0,0.0,33803572,123951696
Japan,2024-03-24,0,0.0,33803572,123951696
Japan,2024-03-25,0,0.0,33803572,123951696
Japan,2024-03-26,0,0.0,33803572,123951696
Japan,2024-03-27,0,0.0,33803572,123951696
Japan,2024-03-28,0,0.0,33803572,123951696
Japan,2024-03-29,0,0.0,33803572,123951696
Japan,2024-03-30,0,0.0,33803572,123951696
Japan,2024-03-31,0,0.0,33803572,123951696
Japan,2024-04-01,0,0.0,33803572,123951696
Japan,2024-04-02,0,0.0,33803572,123951696
Japan,2024-04-03,0,0.0,33803572,123951696
Japan,2024-04-04,0,0.0,33803572,123951696
Japan,2024-04-05,0,0.0,33803572,123951696
Japan,2024-04-06,0,0.0,33803572,123951696
Japan,2024-04-07,0,0.0,33803572,123951696
Japan,2024-04-08,0,0.0,33803572,123951696
Japan,2024-04-09,0,0.0,33803572,123951696
Japan,2024-04-10,0,0.0,33803572,123951696
Japan,2024-04-11,0,0.0,33803572,123951696
Japan,2024-04-12,0,0.0,33803572,123951696
Japan,2024-04-13,0,0.0,33803572,123951696
Japan,2024-04-14,0,0.0,33803572,123951696
Japan,2024-04-15,0,0.0,33803572,123951696
Japan,2024-04-16,0,0.0,33803572,123951696
Japan,2024-04-17,0,0.0,33803572,123951696
Japan,2024-04-18,0,0.0,33803572,123951696
Japan,2024-04-19,0,0.0,33803572,123951696
Japan,2024-04-20,0,0.0,33803572,123951696
Japan,2024-04-21,0,0.0,33803572,123951696
Japan,2024-04-22,0,0.0,33803572,123951696
Japan,2024-04-23,0,0.0,33803572,123951696
Japan,2024-04-24,0,0.0,33803572,123951696
Japan,2024-04-25,0,0.0,33803572,123951696
Japan,2024-04-26,0,0.0,33803572,123951696
Japan,2024-04-27,0,0.0,33803572,123951696
Japan,2024-04-28,0,0.0,33803572,123951696
Japan,2024-04-29,0,0.0,33803572,123951696
Japan,2024-04-30,0,0.0,33803572,123951696
Japan,2024-05-01,0,0.0,33803572,123951696
Japan,2024-05-02,0,0.0,33803572,123951696
Japan,2024-05-03,0,0.0,33803572,123951696
Japan,2024-05-04,0,0.0,33803572,123951696
Japan,2024-05-05,0,0.0,33803572,123951696
Japan,2024-05-06,0,0.0,33803572,123951696
Japan,2024-05-07,0,0.0,33803572,123951696
Japan,2024-05-08,0,0.0,33803572,123951696
Japan,2024-05-09,0,0.0,33803572,123951696
Japan,2024-05-10,0,0.0,33803572,123951696
Japan,2024-05-11,0,0.0,33803572,123951696
Japan,2024-05-12,0,0.0,33803572,123951696
Japan,2024-05-13,0,0.0,33803572,123951696
Japan,2024-05-14,0,0.0,33803572,123951696
Japan,2024-05-15,0,0.0,33803572,123951696
Japan,2024-05-16,0,0.0,33803572,123951696
Japan,2024-05-17,0,0.0,33803572,123951696
Japan,2024-05-18,0,0.0,33803572,123951696
Japan,2024-05-19,0,0.0,33803572,123951696
Japan,2024-05-20,0,0.0,33803572,123951696
Japan,2024-05-21,0,0.0,33803572,123951696
Japan,2024-05-22,0,0.0,33803572,123951696
Japan,2024-05-23,0,0.0,33803572,123951696
Japan,2024-05-24,0,0.0,33803572,123951696
Japan,2024-05-25,0,0.0,33803572,123951696
Japan,2024-05-26,0,0.0,33803572,123951696
Japan,2024-05-27,0,0.0,33803572,123951696
Japan,2024-05-28,0,0.0,33803572,123951696
Japan,2024-05-29,0,0.0,33803572,123951696
Japan,2024-05-30,0,0.0,33803572,123951696
Japan,2024-05-31,0,0.0,33803572,123951696
Japan,2024-06-01,0,0.0,33803572,123951696
Japan,2024-06-02,0,0.0,33803572,123951696
Japan,2024-06-03,0,0.0,33803572,123951696
Japan,2024-06-04,0,0.0,33803572,123951696
Japan,2024-06-05,0,0.0,33803572,123951696
Japan,2024-06-06,0,0.0,33803572,123951696
Japan,2024-06-07,0,0.0,33803572,123951696
Japan,2024-06-08,0,0.0,33803572,123951696
Japan,2024-06-09,0,0.0,33803572,123951696
Japan,2024-06-10,0,0.0,33803572,123951696
Japan,2024-06-11,0,0.0,33803572,123951696
Japan,2024-06-12,0,0.0,33803572,123951696
Japan,2024-06-13,0,0.0,33803572,123951696
Japan,2024-06-14,0,0.0,33803572,123951696
Japan,2024-06-15,0,0.0,33803572,123951696
Japan,2024-06-16,0,0.0,33803572,123951696
Japan,2024-06-17,0,0.0,33803572,123951696
Japan,2024-06-18,0,0.0,33803572,123951696
Japan,2024-06-19,0,0.0,33803572,123951696
Japan,2024-06-20,0,0.0,33803572,123951696
Japan,2024-06-21,0,0.0,33803572,123951696
Japan,2024-06-22,0,0.0,33803572,123951696
Japan,2024-06-23,0,0.0,33803572,123951696
Japan,2024-06-24,0,0.0,33803572,123951696
Japan,2024-06-25,0,0.0,33803572,123951696
Japan,2024-06-26,0,0.0,33803572,123951696
Japan,2024-06-27,0,0.0,33803572,123951696
Japan,2024-06-28,0,0.0,33803572,123951696
Japan,2024-06-29,0,0.0,33803572,123951696
Japan,2024-06-30,0,0.0,33803572,123951696
Japan,2024-07-01,0,0.0,33803572,123951696
Japan,2024-07-02,0,0.0,33803572,123951696
Japan,2024-07-03,0,0.0,33803572,123951696
Japan,2024-07-04,0,0.0,33803572,123951696
Japan,2024-07-05,0,0.0,33803572,123951696
Japan,2024-07-06,0,0.0,33803572,123951696
Japan,2024-07-07,0,0.0,33803572,123951696
Japan,2024-07-08,0,0.0,33803572,123951696
Japan,2024-07-09,0,0.0,33803572,123951696
Japan,2024-07-10,0,0.0,33803572,123951696
Japan,2024-07-11,0,0.0,33803572,123951696
Japan,2024-07-12,0,0.0,33803572,123951696
Japan,2024-07-13,0,0.0,33803572,123951696
Japan,2024-07-14,0,0.0,33803572,123951696
Japan,2024-07-15,0,0.0,33803572,123951696
Japan,2024-07-16,0,0.0,33803572,123951696
Japan,2024-07-17,0,0.0,33803572,123951696
Japan,2024-07-18,0,0.0,33803572,123951696
Japan,2024-07-19,0,0.0,33803572,123951696
Japan,2024-07-20,0,0.0,33803572,123951696
Japan,2024-07-21,0,0.0,33803572,123951696
Japan,2024-07-22,0,0.0,33803572,123951696
Japan,2024-07-23,0,0.0,33803572,123951696
Japan,2024-07-24,0,0.0,33803572,123951696
Japan,2024-07-25,0,0.0,33803572,123951696
Japan,2024-07-26,0,0.0,33803572,123951696
Japan,2024-07-27,0,0.0,33803572,123951696
Japan,2024-07-28,0,0.0,33803572,123951696
Japan,2024-07-29,0,0.0,33803572,123951696
Japan,2024-07-30,0,0.0,33803572,123951696
Japan,2024-07-31,0,0.0,33803572,123951696
Japan,2024-08-01,0,0.0,33803572,123951696
Japan,2024-08-02,0,0.0,33803572,123951696
Japan,2024-08-03,0,0.0,33803572,123951696
Japan,2024-08-04,0,0.0,33803572,123951696
United Kingdom,2020-01-05,0,,0,67508936
United Kingdom,2020-01-06,0,,0,67508936
United Kingdom,2020-01-07,0,,0,67508936
United Kingdom,2020-01-08,0,,0,67508936
United Kingdom,2020-01-09,0,,0,67508936
United Kingdom,2020-01-10,0,0.0,0,67508936
United Kingdom,2020-01-11,0,0.0,0,67508936
United Kingdom,2020-01-12,0,0.0,0,67508936
United Kingdom,2020-01-13,0,0.0,0,67508936
United Kingdom,2020-01-14,0,0.0,0,67508936
United Kingdom,2020-01-15,0,0.0,0,67508936
United Kingdom,2020-01-16,0,0.0,0,67508936
United Kingdom,2020-01-17,0,0.0,0,67508936
United Kingdom,2020-01-18,0,0.0,0,67508936
United Kingdom,2020-01-19,0,0.0,0,67508936
United Kingdom,2020-01-20,0,0.0,0,67508936
United Kingdom,2020-01-21,0,0.0,0,67508936
United Kingdom,2020-01-22,0,0.0,0,67508936
United Kingdom,2020-01-23,0,0.0,0,67508936
United Kingdom,2020-01-24,0,0.0,0,67508936
United Kingdom,2020-01-25,0,0.0,0,67508936
United Kingdom,2020-01-26,0,0.0,0,67508936
United Kingdom,2020-01-27,0,0.0,0,67508936
United Kingdom,2020-01-28,0,0.0,0,67508936
United Kingdom,2020-01-29,0,0.0,0,67508936
United Kingdom,2020-01-30,0,0.0,0,67508936
United Kingdom,2020-01-31,0,0.0,0,67508936
United Kingdom,2020-02-01,0,0.0,0,67508936
United Kingdom,2020-02-02,1,0.14,1,67508936
United Kingdom,2020-02-03,0,0.14,1,67508936
United Kingdom,2020-02-04,0,0.14,1,67508936
United Kingdom,2020-02-05,0,0.14,1,67508936
United Kingdom,2020-02-06,0,0.14,1,67508936
United Kingdom,2020-02-07,0,0.14,1,67508936
United Kingdom,2020-02-08,0,0.14,1,67508936
United Kingdom,2020-02-09,20,2.86,21,67508936
United Kingdom,2020-02-10,0,2.86,21,67508936
United Kingdom,2020-02-11,0,2.86,21,67508936
United Kingdom,2020-02-12,0,2.86,21,67508936
United Kingdom,2020-02-13,0,2.86,21,67508936
United Kingdom,2020-02-14,0,2.86,21,67508936
United Kingdom,2020-02-15,0,2.86,21,67508936
United Kingdom,2020-02-16,11,1.57,32,67508936
United Kingdom,2020-02-17,0,1.57,32,67508936
United Kingdom,2020-02-18,0,1.57,32,67508936
United Kingdom,2020-02-19,0,1.57,32,67508936
United Kingdom,2020-02-20,0,1.57,32,67508936
United Kingdom,2020-02-21,0,1.57,32,67508936
United Kingdom,2020-02-22,0,1.57,32,67508936
United Kingdom,2020-02-23,3,0.43,35,67508936
United Kingdom,2020-02-24,0,0.43,35,67508936
United Kingdom,2020-02-25,0,0.43,35,67508936
United Kingdom,2020-02-26,0,0.43,35,67508936
United Kingdom,2020-02-27,0,0.43,35,67508936
United Kingdom,2020-02-28,0,0.43,35,67508936
United Kingdom,2020-02-29,0,0.43,35,67508936
United Kingdom,2020-03-01,33,4.71,68,67508936
United Kingdom,2020-03-02,0,4.71,68,67508936
United Kingdom,2020-03-03,0,4.71,68,67508936
United Kingdom,2020-03-04,0,4.71,68,67508936
United Kingdom,2020-03-05,0,4.71,68,67508936
United Kingdom,2020-03-06,0,4.71,68,67508936
United Kingdom,2020-03-07,0,4.71,68,67508936
United Kingdom,2020-03-08,311,44.43,379,67508936
United Kingdom,2020-03-09,0,44.43,379,67508936
United Kingdom,2020-03-10,0,44.43,379,67508936
United Kingdom,2020-03-11,0,44.43,379,67508936
United Kingdom,2020-03-12,0,44.43,379,67508936
United Kingdom,2020-03-13,0,44.43,379,67508936
United Kingdom,2020-03-14,0,44.43,379,67508936
United Kingdom,2020-03-15,1901,271.57,2280,67508936
United Kingdom,2020-03-16,0,271.57,2280,67508936
United Kingdom,2020-03-17,0,271.57,2280,67508936
United Kingdom,2020-03-18,0,271.57,2280,67508936
United Kingdom,2020-03-19,0,271.57,2280,67508936
United Kingdom,2020-03-20,0,271.57,2280,67508936
United Kingdom,2020-03-21,0,271.57,2280,67508936
United Kingdom,2020-03-22,5455,779.29,7735,67508936
United Kingdom,2020-03-23,0,779.29,7735,67508936
United Kingdom,2020-03-24,0,779.29,7735,67508936
United Kingdom,2020-03-25,0,779.29,7735,67508936
United Kingdom,2020-03-26,0,779.29,7735,67508936
United Kingdom,2020-03-27,0,779.29,7735,67508936
United Kingdom,2020-03-28,0,779.29,7735,67508936
United Kingdom,2020-03-29,16046,2292.29,23781,67508936
United Kingdom,2020-03-30,0,2292.29,23781,67508936
United Kingdom,2020-03-31,0,2292.29,23781,67508936
United Kingdom,2020-04-01,0,2292.29,23781,67508936
United Kingdom,2020-04-02,0,2292.29,23781,67508936
United Kingdom,2020-04-03,0,2292.29,23781,67508936
United Kingdom,2020-04-04,0,2292.29,23781,67508936
United Kingdom,2020-04-05,28818,4116.86,52599,67508936
United Kingdom,2020-04-06,0,4116.86,52599,67508936
United Kingdom,2020-04-07,0,4116.86,52599,67508936
United Kingdom,2020-04-08,0,4116.86,52599,67508936
United Kingdom,2020-04-09,0,4116.86,52599,67508936
United Kingdom,2020-04-10,0,4116.86,52599,67508936
United Kingdom,2020-04-11,0,4116.86,52599,67508936
United Kingdom,2020-04-12,32630,4661.43,85229,67508936
United Kingdom,2020-04-13,0,4661.43,85229,67508936
United Kingdom,2020-04-14,0,4661.43,85229,67508936
United Kingdom,2020-04-15,0,4661.43,85229,67508936
United Kingdom,2020-04-16,0,4661.43,85229,67508936
United Kingdom,2020-04-17,0,4661.43,85229,67508936
United Kingdom,2020-04-18,0,4661.43,85229,67508936
United Kingdom,2020-04-19,30969,4424.14,116198,67508936
United Kingdom,2020-04-20,0,4424.14,116198,67508936
United Kingdom,2020-04-21,0,4424.14,116198,67508936
United Kingdom,2020-04-22,0,4424.14,116198,67508936
United Kingdom,2020-04-23,0,4424.14,116198,67508936
United Kingdom,2020-04-24,0,4424.14,116198,67508936
United Kingdom,2020-04-25,0,4424.14,116198,67508936
United Kingdom,2020-04-26,33506,4786.57,149704,67508936
United Kingdom,2020-04-27,0,4786.57,149704,67508936
United Kingdom,2020-04-28,0,4786.57,149704,67508936
United Kingdom,2020-04-29,0,4786.57,149704,67508936
United Kingdom,2020-04-30,0,4786.57,149704,67508936
United Kingdom,2020-05-01,0,4786.57,149704,67508936
United Kingdom,2020-05-02,0,4786.57,149704,67508936
United Kingdom,2020-05-03,31851,4550.14,181555,67508936
United Kingdom,2020-05-04,0,4550.14,181555,67508936
United Kingdom,2020-05-05,0,4550.14,181555,67508936
United Kingdom,2020-05-06,0,4550.14,181555,67508936
United Kingdom,2020-05-07,0,4550.14,181555,67508936
United Kingdom,2020-05-08,0,4550.14,181555,67508936
United Kingdom,2020-05-09,0,4550.14,181555,67508936
United Kingdom,2020-05-10,24027,3432.43,205582,67508936
United Kingdom,2020-05-11,0,3432.43,205582,67508936
United Kingdom,2020-05-12,0,3432.43,205582,67508936
United Kingdom,2020-05-13,0,3432.43,205582,67508936
United Kingdom,2020-05-14,0,3432.43,205582,67508936
United Kingdom,2020-05-15,0,3432.43,205582,67508936
United Kingdom,2020-05-16,0,3432.43,205582,67508936
United Kingdom,2020-05-17,20019,2859.86,225601,67508936
United Kingdom,2020-05-18,0,2859.86,225601,67508936
United Kingdom,2020-05-19,0,2859.86,225601,67508936
United Kingdom,2020-05-20,0,2859.86,225601,67508936
United Kingdom,2020-05-21,0,2859.86,225601,67508936
United Kingdom,2020-05-22,0,2859.86,225601,67508936
United Kingdom,2020-05-23,0,2859.86,225601,67508936
United Kingdom,2020-05-24,16906,2415.14,242507,67508936
United Kingdom,2020-05-25,0,2415.14,242507,67508936
United Kingdom,2020-05-26,0,2415.14,242507,67508936
United Kingdom,2020-05-27,0,2415.14,242507,67508936
United Kingdom,2020-05-28,0,2415.14,242507,67508936
United Kingdom,2020-05-29,0,2415.14,242507,67508936
United Kingdom,2020-05-30,0,2415.14,242507,67508936
United Kingdom,2020-05-31,11713,1673.29,254220,67508936
United Kingdom,2020-06-01,0,1673.29,254220,67508936
United Kingdom,2020-06-02,0,1673.29,254220,67508936
United Kingdom,2020-06-03,0,1673.29,254220,67508936
United Kingdom,2020-06-04,0,1673.29,254220,67508936
United Kingdom,2020-06-05,0,1673.29,254220,67508936
United Kingdom,2020-06-06,0,1673.29,254220,67508936
United Kingdom,2020-06-07,8884,1269.14,263104,67508936
United Kingdom,2020-06-08,0,1269.14,263104,67508936
United Kingdom,2020-06-09,0,1269.14,263104,67508936
United Kingdom,2020-06-10,0,1269.14,263104,67508936
United Kingdom,2020-06-11,0,1269.14,263104,67508936
United Kingdom,2020-06-12,0,1269.14,263104,67508936
United Kingdom,2020-06-13,0,1269.14,263104,67508936
United Kingdom,2020-06-14,7052,1007.43,270156,67508936
United Kingdom,2020-06-15,0,1007.43,270156,67508936
United Kingdom,2020-06-16,0,1007.43,270156,67508936
United Kingdom,2020-06-17,0,1007.43,270156,67508936
United Kingdom,2020-06-18,0,1007.43,270156,67508936
United Kingdom,2020-06-19,0,1007.43,270156,67508936
United Kingdom,2020-06-20,0,1007.43,270156,67508936
United Kingdom,2020-06-21,6892,984.57,277048,67508936
United Kingdom,2020-06-22,0,984.57,277048,67508936
United Kingdom,2020-06-23,0,984.57,277048,67508936
United Kingdom,2020-06-24,0,984.57,277048,67508936
United Kingdom,2020-06-25,0,984.57,277048,67508936
United Kingdom,2020-06-26,0,984.57,277048,67508936
United Kingdom,2020-06-27,0,984.57,277048,67508936
United Kingdom,2020-06-28,5270,752.86,282318,67508936
United Kingdom,2020-06-29,0,752.86,282318,67508936
United Kingdom,2020-06-30,0,752.86,282318,67508936
United Kingdom,2020-07-01,0,752.86,282318,67508936
United Kingdom,2020-07-02,0,752.86,282318,67508936
United Kingdom,2020-07-03,0,752.86,282318,67508936
United Kingdom,2020-07-04,0,752.86,282318,67508936
United Kingdom,2020-07-05,4275,610.71,286593,67508936
United Kingdom,2020-07-06,0,610.71,286593,67508936
United Kingdom,2020-07-07,0,610.71,286593,67508936
United Kingdom,2020-07-08,0,610.71,286593,67508936
United Kingdom,2020-07-09,0,610.71,286593,67508936
United Kingdom,2020-07-10,0,610.71,286593,67508936
United Kingdom,2020-07-11,0,610.71,286593,67508936
United Kingdom,2020-07-12,4283,611.86,290876,67508936
United Kingdom,2020-07-13,0,611.86,290876,67508936
United Kingdom,2020-07-14,0,611.86,290876,67508936
United Kingdom,2020-07-15,0,611.86,290876,67508936
United Kingdom,2020-07-16,0,611.86,290876,67508936
United Kingdom,2020-07-17,0,611.86,290876,67508936
United Kingdom,2020-07-18,0,611.86,290876,67508936
United Kingdom,2020-07-19,4340,620.0,295216,67508936
United Kingdom,2020-07-20,0,620.0,295216,67508936
United Kingdom,2020-07-21,0,620.0,295216,67508936
United Kingdom,2020-07-22,0,620.0,295216,67508936
United Kingdom,2020-07-23,0,620.0,295216,67508936
United Kingdom,2020-07-24,0,620.0,295216,67508936
United Kingdom,2020-07-25,0,620.0,295216,67508936
United Kingdom,2020-07-26,4969,709.86,300185,67508936
United Kingdom,2020-07-27,0,709.86,300185,67508936
United Kingdom,2020-07-28,0,709.86,300185,67508936
United Kingdom,2020-07-29,0,709.86,300185,67508936
United Kingdom,2020-07-30,0,709.86,300185,67508936
United Kingdom,2020-07-31,0,709.86,300185,67508936
United Kingdom,2020-08-01,0,709.86,300185,67508936
United Kingdom,2020-08-02,5524,789.14,305709,67508936
United Kingdom,2020-08-03,0,789.14,305709,67508936
United Kingdom,2020-08-04,0,789.14,305709,67508936
United Kingdom,2020-08-05,0,789.14,305709,67508936
United Kingdom,2020-08-06,0,789.14,305709,67508936
United Kingdom,2020-08-07,0,789.14,305709,67508936
United Kingdom,2020-08-08,0,789.14,305709,67508936
United Kingdom,2020-08-09,6418,916.86,312127,67508936
United Kingdom,2020-08-10,0,916.86,312127,67508936
United Kingdom,2020-08-11,0,916.86,312127,67508936
United Kingdom,2020-08-12,0,916.86,312127,67508936
United Kingdom,2020-08-13,0,916.86,312127,67508936
United Kingdom,2020-08-14,0,916.86,312127,67508936
United Kingdom,2020-08-15,0,916.86,312127,67508936
United Kingdom,2020-08-16,7797,1113.86,319924,67508936
United Kingdom,2020-08-17,0,1113.86,319924,67508936
United Kingdom,2020-08-18,0,1113.86,319924,67508936
United Kingdom,2020-08-19,0,1113.86,319924,67508936
United Kingdom,2020-08-20,0,1113.86,319924,67508936
United Kingdom,2020-08-21,0,1113.86,319924,67508936
United Kingdom,2020-08-22,0,1113.86,319924,67508936
United Kingdom,2020-08-23,7728,1104.0,327652,67508936
United Kingdom,2020-08-24,0,1104.0,327652,67508936
United Kingdom,2020-08-25,0,1104.0,327652,67508936
United Kingdom,2020-08-26,0,1104.0,327652,67508936
United Kingdom,2020-08-27,0,1104.0,327652,67508936
United Kingdom,2020-08-28,0,1104.0,327652,67508936
United Kingdom,2020-08-29,0,1104.0,327652,67508936
United Kingdom,2020-08-30,8854,1264.86,336506,67508936
United Kingdom,2020-08-31,0,1264.86,336506,67508936
United Kingdom,2020-09-01,0,1264.86,336506,67508936
United Kingdom,2020-09-02,0,1264.86,336506,67508936
United Kingdom,2020-09-03,0,1264.86,336506,67508936
United Kingdom,2020-09-04,0,1264.86,336506,67508936
United Kingdom,2020-09-05,0,1264.86,336506,67508936
United Kingdom,2020-09-06,15523,2217.57,352029,67508936
United Kingdom,2020-09-07,0,2217.57,352029,67508936
United Kingdom,2020-09-08,0,2217.57,352029,67508936
United Kingdom,2020-09-09,0,2217.57,352029,67508936
United Kingdom,2020-09-10,0,2217.57,352029,67508936
United Kingdom,2020-09-11,0,2217.57,352029,67508936
United Kingdom,2020-09-12,0,2217.57,352029,67508936
United Kingdom,2020-09-13,22634,3233.43,374663,67508936
United Kingdom,2020-09-14,0,3233.43,374663,67508936
United Kingdom,2020-09-15,0,3233.43,374663,67508936
United Kingdom,2020-09-16,0,3233.43,374663,67508936
United Kingdom,2020-09-17,0,3233.43,374663,67508936
United Kingdom,2020-09-18,0,3233.43,374663,67508936
United Kingdom,2020-09-19,0,3233.43,374663,67508936
United Kingdom,2020-09-20,25850,3692.86,400513,67508936
United Kingdom,2020-09-21,0,3692.86,400513,67508936
United Kingdom,2020-09-22,0,3692.86,400513,67508936
United Kingdom,2020-09-23,0,3692.86,400513,67508936
United Kingdom,2020-09-24,0,3692.86,400513,67508936
United Kingdom,2020-09-25,0,3692.86,400513,67508936
United Kingdom,2020-09-26,0,3692.86,400513,67508936
United Kingdom,2020-09-27,44393,6341.86,444906,67508936
United Kingdom,2020-09-28,0,6341.86,444906,67508936
United Kingdom,2020-09-29,0,6341.86,444906,67508936
United Kingdom,2020-09-30,0,6341.86,444906,67508936
United Kingdom,2020-10-01,0,6341.86,444906,67508936
United Kingdom,2020-10-02,0,6341.86,444906,67508936
United Kingdom,2020-10-03,0,6341.86,444906,67508936
United Kingdom,2020-10-04,74110,10587.14,519016,67508936
United Kingdom,2020-10-05,0,10587.14,519016,67508936
United Kingdom,2020-10-06,0,10587.14,519016,67508936
United Kingdom,2020-10-07,0,10587.14,519016,67508936
United Kingdom,2020-10-08,0,10587.14,519016,67508936
United Kingdom,2020-10-09,0,10587.14,519016,67508936
United Kingdom,2020-10-10,0,10587.14,519016,67508936
United Kingdom,2020-10-11,110514,15787.71,629530,67508936
United Kingdom,2020-10-12,0,15787.71,629530,67508936
United Kingdom,2020-10-13,0,15787.71,629530,67508936
United Kingdom,2020-10-14,0,15787.71,629530,67508936
United Kingdom,2020-10-15,0,15787.71,629530,67508936
United Kingdom,2020-10-16,0,15787.71,629530,67508936
United Kingdom,2020-10-17,0,15787.71,629530,67508936
United Kingdom,2020-10-18,120078,17154.0,749608,67508936
United Kingdom,2020-10-19,0,17154.0,749608,67508936
United Kingdom,2020-10-20,0,17154.0,749608,67508936
United Kingdom,2020-10-21,0,17154.0,749608,67508936
United Kingdom,2020-10-22,0,17154.0,749608,67508936
United Kingdom,2020-10-23,0,17154.0,749608,67508936
United Kingdom,2020-10-24,0,17154.0,749608,67508936
United Kingdom,2020-10-25,151561,21651.57,901169,67508936
United Kingdom,2020-10-26,0,21651.57,901169,67508936
United Kingdom,2020-10-27,0,21651.57,901169,67508936
United Kingdom,2020-10-28,0,21651.57,901169,67508936
United Kingdom,2020-10-29,0,21651.57,901169,67508936
United Kingdom,2020-10-30,0,21651.57,901169,67508936
United Kingdom,2020-10-31,0,21651.57,901169,67508936
United Kingdom,2020-11-01,153892,21984.57,1055061,67508936
United Kingdom,2020-11-02,0,21984.57,1055061,67508936
United Kingdom,2020-11-03,0,21984.57,1055061,67508936
United Kingdom,2020-11-04,0,21984.57,1055061,67508936
United Kingdom,2020-11-05,0,21984.57,1055061,67508936
United Kingdom,2020-11-06,0,21984.57,1055061,67508936
United Kingdom,2020-11-07,0,21984.57,1055061,67508936
United Kingdom,2020-11-08,162260,23180.0,1217321,67508936
United Kingdom,2020-11-09,0,23180.0,1217321,67508936
United Kingdom,2020-11-10,0,23180.0,1217321,67508936
United Kingdom,2020-11-11,0,23180.0,1217321,67508936
United Kingdom,2020-11-12,0,23180.0,1217321,67508936
United Kingdom,2020-11-13,0,23180.0,1217321,67508936
United Kingdom,2020-11-14,0,23180.0,1217321,67508936
United Kingdom,2020-11-15,175280,25040.0,1392601,67508936
United Kingdom,2020-11-16,0,25040.0,1392601,67508936
United Kingdom,2020-11-17,0,25040.0,1392601,67508936
United Kingdom,2020-11-18,0,25040.0,1392601,67508936
United Kingdom,2020-11-19,0,25040.0,1392601,67508936
United Kingdom,2020-11-20,0,25040.0,1392601,67508936
United Kingdom,2020-11-21,0,25040.0,1392601,67508936
United Kingdom,2020-11-22,141113,20159.0,1533714,67508936
United Kingdom,2020-11-23,0,20159.0,1533714,67508936
United Kingdom,2020-11-24,0,20159.0,1533714,67508936
United Kingdom,2020-11-25,0,20159.0,1533714,67508936
United Kingdom,2020-11-26,0,20159.0,1533714,67508936
United Kingdom,2020-11-27,0,20159.0,1533714,67508936
United Kingdom,2020-11-28,0,20159.0,1533714,67508936
United Kingdom,2020-11-29,106260,15180.0,1639974,67508936
United Kingdom,2020-11-30,0,15180.0,1639974,67508936
United Kingdom,2020-12-01,0,15180.0,1639974,67508936
United Kingdom,2020-12-02,0,15180.0,1639974,67508936
United Kingdom,2020-12-03,0,15180.0,1639974,67508936
United Kingdom,2020-12-04,0,15180.0,1639974,67508936
United Kingdom,2020-12-05,0,15180.0,1639974,67508936
United Kingdom,2020-12-06,105190,15027.14,1745164,67508936
United Kingdom,2020-12-07,0,15027.14,1745164,67508936
United Kingdom,2020-12-08,0,15027.14,1745164,67508936
United Kingdom,2020-12-09,0,15027.14,1745164,67508936
United Kingdom,2020-12-10,0,15027.14,1745164,67508936
United Kingdom,2020-12-11,0,15027.14,1745164,67508936
United Kingdom,2020-12-12,0,15027.14,1745164,67508936
United Kingdom,2020-12-13,138488,19784.0,1883652,67508936
United Kingdom,2020-12-14,0,19784.0,1883652,67508936
United Kingdom,2020-12-15,0,19784.0,1883652,67508936
United Kingdom,2020-12-16,0,19784.0,1883652,67508936
United Kingdom,2020-12-17,0,19784.0,1883652,67508936
United Kingdom,2020-12-18,0,19784.0,1883652,67508936
United Kingdom,2020-12-19,0,19784.0,1883652,67508936
United Kingdom,2020-12-20,217712,31101.71,2101364,67508936
United Kingdom,2020-12-21,0,31101.71,2101364,67508936
United Kingdom,2020-12-22,0,31101.71,2101364,67508936
United Kingdom,2020-12-23,0,31101.71,2101364,67508936
United Kingdom,2020-12-24,0,31101.71,2101364,67508936
United Kingdom,2020-12-25,0,31101.71,2101364,67508936
United Kingdom,2020-12-26,0,31101.71,2101364,67508936
United Kingdom,2020-12-27,243069,34724.14,2344433,67508936
United Kingdom,2020-12-28,0,34724.14,2344433,67508936
United Kingdom,2020-12-29,0,34724.14,2344433,67508936
United Kingdom,2020-12-30,0,34724.14,2344433,67508936
United Kingdom,2020-12-31,0,34724.14,2344433,67508936
United Kingdom,2021-01-01,0,34724.14,2344433,67508936
United Kingdom,2021-01-02,0,34724.14,2344433,67508936
United Kingdom,2021-01-03,377718,53959.71,2722151,67508936
United Kingdom,2021-01-04,0,53959.71,2722151,67508936
United Kingdom,2021-01-05,0,53959.71,2722151,67508936
United Kingdom,2021-01-06,0,53959.71,2722151,67508936
United Kingdom,2021-01-07,0,53959.71,2722151,67508936
United Kingdom,2021-01-08,0,53959.71,2722151,67508936
United Kingdom,2021-01-09,0,53959.71,2722151,67508936
United Kingdom,2021-01-10,422675,60382.14,3144826,67508936
United Kingdom,2021-01-11,0,60382.14,3144826,67508936
United Kingdom,2021-01-12,0,60382.14,3144826,67508936
United Kingdom,2021-01-13,0,60382.14,3144826,67508936
United Kingdom,2021-01-14,0,60382.14,3144826,67508936
United Kingdom,2021-01-15,0,60382.14,3144826,67508936
United Kingdom,2021-01-16,0,60382.14,3144826,67508936
United Kingdom,2021-01-17,317881,45411.57,3462707,67508936
United Kingdom,2021-01-18,0,45411.57,3462707,67508936
United Kingdom,2021-01-19,0,45411.57,3462707,67508936
United Kingdom,2021-01-20,0,45411.57,3462707,67508936
United Kingdom,2021-01-21,0,45411.57,3462707,67508936
United Kingdom,2021-01-22,0,45411.57,3462707,67508936
United Kingdom,2021-01-23,0,45411.57,3462707,67508936
United Kingdom,2021-01-24,246142,35163.14,3708849,67508936
United Kingdom,2021-01-25,0,35163.14,3708849,67508936
United Kingdom,2021-01-26,0,35163.14,3708849,67508936
United Kingdom,2021-01-27,0,35163.14,3708849,67508936
United Kingdom,2021-01-28,0,35163.14,3708849,67508936
United Kingdom,2021-01-29,0,35163.14,3708849,67508936
United Kingdom,2021-01-30,0,35163.14,3708849,67508936
United Kingdom,2021-01-31,171875,24553.57,3880724,67508936
United Kingdom,2021-02-01,0,24553.57,3880724,67508936
United Kingdom,2021-02-02,0,24553.57,3880724,67508936
United Kingdom,2021-02-03,0,24553.57,3880724,67508936
United Kingdom,2021-02-04,0,24553.57,3880724,67508936
United Kingdom,2021-02-05,0,24553.57,3880724,67508936
United Kingdom,2021-02-06,0,24553.57,3880724,67508936
United Kingdom,2021-02-07,130901,18700.14,4011625,67508936
United Kingdom,2021-02-08,0,18700.14,4011625,67508936
United Kingdom,2021-02-09,0,18700.14,4011625,67508936
United Kingdom,2021-02-10,0,18700.14,4011625,67508936
United Kingdom,2021-02-11,0,18700.14,4011625,67508936
United Kingdom,2021-02-12,0,18700.14,4011625,67508936
United Kingdom,2021-02-13,0,18700.14,4011625,67508936
United Kingdom,2021-02-14,94014,13430.57,4105639,67508936
United Kingdom,2021-02-15,0,13430.57,4105639,67508936
United Kingdom,2021-02-16,0,13430.57,4105639,67508936
United Kingdom,2021-02-17,0,13430.57,4105639,67508936
United Kingdom,2021-02-18,0,13430.57,4105639,67508936
United Kingdom,2021-02-19,0,13430.57,4105639,67508936
United Kingdom,2021-02-20,0,13430.57,4105639,67508936
United Kingdom,2021-02-21,80167,11452.43,4185806,67508936
United Kingdom,2021-02-22,0,11452.43,4185806,67508936
United Kingdom,2021-02-23,0,11452.43,4185806,67508936
United Kingdom,2021-02-24,0,11452.43,4185806,67508936
United Kingdom,2021-02-25,0,11452.43,4185806,67508936
United Kingdom,2021-02-26,0,11452.43,4185806,67508936
United Kingdom,2021-02-27,0,11452.43,4185806,67508936
United Kingdom,2021-02-28,61484,8783.43,4247290,67508936
United Kingdom,2021-03-01,0,8783.43,4247290,67508936
United Kingdom,2021-03-02,0,8783.43,4247290,67508936
United Kingdom,2021-03-03,0,8783.43,4247290,67508936
United Kingdom,2021-03-04,0,8783.43,4247290,67508936
United Kingdom,2021-03-05,0,8783.43,4247290,67508936
United Kingdom,2021-03-06,0,8783.43,4247290,67508936
United Kingdom,2021-03-07,41508,5929.71,4288798,67508936
United Kingdom,2021-03-08,0,5929.71,4288798,67508936
United Kingdom,2021-03-09,0,5929.71,4288798,67508936
United Kingdom,2021-03-10,0,5929.71,4288798,67508936
United Kingdom,2021-03-11,0,5929.71,4288798,67508936
United Kingdom,2021-03-12,0,5929.71,4288798,67508936
United Kingdom,2021-03-13,0,5929.71,4288798,67508936
United Kingdom,2021-03-14,40316,5759.43,4329114,67508936
United Kingdom,2021-03-15,0,5759.43,4329114,67508936
United Kingdom,2021-03-16,0,5759.43,4329114,67508936
United Kingdom,2021-03-17,0,5759.43,4329114,67508936
United Kingdom,2021-03-18,0,5759.43,4329114,67508936
United Kingdom,2021-03-19,0,5759.43,4329114,67508936
United Kingdom,2021-03-20,0,5759.43,4329114,67508936
United Kingdom,2021-03-21,38162,5451.71,4367276,67508936
United Kingdom,2021-03-22,0,5451.71,4367276,67508936
United Kingdom,2021-03-23,0,5451.71,4367276,67508936
United Kingdom,2021-03-24,0,5451.71,4367276,67508936
United Kingdom,2021-03-25,0,5451.71,4367276,67508936
United Kingdom,2021-03-26,0,5451.71,4367276,67508936
United Kingdom,2021-03-27,0,5451.71,4367276,67508936
United Kingdom,2021-03-28,37987,5426.71,4405263,67508936
United Kingdom,2021-03-29,0,5426.71,4405263,67508936
United Kingdom,2021-03-30,0,5426.71,4405263,67508936
United Kingdom,2021-03-31,0,5426.71,4405263,67508936
United Kingdom,2021-04-01,0,5426.71,4405263,67508936
United Kingdom,2021-04-02,0,5426.71,4405263,67508936
United Kingdom,2021-04-03,0,5426.71,4405263,67508936
United Kingdom,2021-04-04,27123,3874.71,4432386,67508936
United Kingdom,2021-04-05,0,3874.71,4432386,67508936
United Kingdom,2021-04-06,0,3874.71,4432386,67508936
United Kingdom,2021-04-07,0,3874.71,4432386,67508936
United Kingdom,2021-04-08,0,3874.71,4432386,67508936
United Kingdom,2021-04-09,0,3874.71,4432386,67508936
United Kingdom,2021-04-10,0,3874.71,4432386,67508936
United Kingdom,2021-04-11,20330,2904.29,4452716,67508936
United Kingdom,2021-04-12,0,2904.29,4452716,67508936
United Kingdom,2021-04-13,0,2904.29,4452716,67508936
United Kingdom,2021-04-14,0,2904.29,4452716,67508936
United Kingdom,2021-04-15,0,2904.29,4452716,67508936
United Kingdom,2021-04-16,0,2904.29,4452716,67508936
United Kingdom,2021-04-17,0,2904.29,4452716,67508936
United Kingdom,2021-04-18,17336,2476.57,4470052,67508936
United Kingdom,2021-04-19,0,2476.57,4470052,67508936
United Kingdom,2021-04-20,0,2476.57,4470052,67508936
United Kingdom,2021-04-21,0,2476.57,4470052,67508936
United Kingdom,2021-04-22,0,2476.57,4470052,67508936
United Kingdom,2021-04-23,0,2476.57,4470052,67508936
United Kingdom,2021-04-24,0,2476.57,4470052,67508936
United Kingdom,2021-04-25,16722,2388.86,4486774,67508936
United Kingdom,2021-04-26,0,2388.86,4486774,67508936
United Kingdom,2021-04-27,0,2388.86,4486774,67508936
United Kingdom,2021-04-28,0,2388.86,4486774,67508936
United Kingdom,2021-04-29,0,2388.86,4486774,67508936
United Kingdom,2021-04-30,0,2388.86,4486774,67508936
United Kingdom,2021-05-01,0,2388.86,4486774,67508936
United Kingdom,2021-05-02,15041,2148.71,4501815,67508936
United Kingdom,2021-05-03,0,2148.71,4501815,67508936
United Kingdom,2021-05-04,0,2148.71,4501815,67508936
United Kingdom,2021-05-05,0,2148.71,4501815,67508936
United Kingdom,2021-05-06,0,2148.71,4501815,67508936
United Kingdom,2021-05-07,0,2148.71,4501815,67508936
United Kingdom,2021-05-08,0,2148.71,4501815,67508936
United Kingdom,2021-05-09,14468,2066.86,4516283,67508936
United Kingdom,2021-05-10,0,2066.86,4516283,67508936
United Kingdom,2021-05-11,0,2066.86,4516283,67508936
United Kingdom,2021-05-12,0,2066.86,4516283,67508936
United Kingdom,2021-05-13,0,2066.86,4516283,67508936
United Kingdom,2021-05-14,0,2066.86,4516283,67508936
United Kingdom,2021-05-15,0,2066.86,4516283,67508936
United Kingdom,2021-05-16,15509,2215.57,4531792,67508936
United Kingdom,2021-05-17,0,2215.57,4531792,67508936
United Kingdom,2021-05-18,0,2215.57,4531792,67508936
United Kingdom,2021-05-19,0,2215.57,4531792,67508936
United Kingdom,2021-05-20,0,2215.57,4531792,67508936
United Kingdom,2021-05-21,0,2215.57,4531792,67508936
United Kingdom,2021-05-22,0,2215.57,4531792,67508936
United Kingdom,2021-05-23,16918,2416.86,4548710,67508936
United Kingdom,2021-05-24,0,2416.86,4548710,67508936
United Kingdom,2021-05-25,0,2416.86,4548710,67508936
United Kingdom,2021-05-26,0,2416.86,4548710,67508936
United Kingdom,2021-05-27,0,2416.86,4548710,67508936
United Kingdom,2021-05-28,0,2416.86,4548710,67508936
United Kingdom,2021-05-29,0,2416.86,4548710,67508936
United Kingdom,2021-05-30,22380,3197.14,4571090,67508936
United Kingdom,2021-05-31,0,3197.14,4571090,67508936
United Kingdom,2021-06-01,0,3197.14,4571090,67508936
United Kingdom,2021-06-02,0,3197.14,4571090,67508936
United Kingdom,2021-06-03,0,3197.14,4571090,67508936
United Kingdom,2021-06-04,0,3197.14,4571090,67508936
United Kingdom,2021-06-05,0,3197.14,4571090,67508936
United Kingdom,2021-06-06,33779,4825.57,4604869,67508936
United Kingdom,2021-06-07,0,4825.57,4604869,67508936
United Kingdom,2021-06-08,0,4825.57,4604869,67508936
United Kingdom,2021-06-09,0,4825.57,4604869,67508936
United Kingdom,2021-06-10,0,4825.57,4604869,67508936
United Kingdom,2021-06-11,0,4825.57,4604869,67508936
United Kingdom,2021-06-12,0,4825.57,4604869,67508936
United Kingdom,2021-06-13,49979,7139.86,4654848,67508936
United Kingdom,2021-06-14,0,7139.86,4654848,67508936
United Kingdom,2021-06-15,0,7139.86,4654848,67508936
United Kingdom,2021-06-16,0,7139.86,4654848,67508936
United Kingdom,2021-06-17,0,7139.86,4654848,67508936
United Kingdom,2021-06-18,0,7139.86,4654848,67508936
United Kingdom,2021-06-19,0,7139.86,4654848,67508936
United Kingdom,2021-06-20,67059,9579.86,4721907,67508936
United Kingdom,2021-06-21,0,9579.86,4721907,67508936
United Kingdom,2021-06-22,0,9579.86,4721907,67508936
United Kingdom,2021-06-23,0,9579.86,4721907,67508936
United Kingdom,2021-06-24,0,9579.86,4721907,67508936
United Kingdom,2021-06-25,0,9579.86,4721907,67508936
United Kingdom,2021-06-26,0,9579.86,4721907,67508936
United Kingdom,2021-06-27,107478,15354.0,4829385,67508936
United Kingdom,2021-06-28,0,15354.0,4829385,67508936
United Kingdom,2021-06-29,0,15354.0,4829385,67508936
United Kingdom,2021-06-30,0,15354.0,4829385,67508936
United Kingdom,2021-07-01,0,15354.0,4829385,67508936
United Kingdom,2021-07-02,0,15354.0,4829385,67508936
United Kingdom,2021-07-03,0,15354.0,4829385,67508936
United Kingdom,2021-07-04,175476,25068.0,5004861,67508936
United Kingdom,2021-07-05,0,25068.0,5004861,67508936
United Kingdom,2021-07-06,0,25068.0,5004861,67508936
United Kingdom,2021-07-07,0,25068.0,5004861,67508936
United Kingdom,2021-07-08,0,25068.0,5004861,67508936
United Kingdom,2021-07-09,0,25068.0,5004861,67508936
United Kingdom,2021-07-10,0,25068.0,5004861,67508936
United Kingdom,2021-07-11,225580,32225.71,5230441,67508936
United Kingdom,2021-07-12,0,32225.71,5230441,67508936
United Kingdom,2021-07-13,0,32225.71,5230441,67508936
United Kingdom,2021-07-14,0,32225.71,5230441,67508936
United Kingdom,2021-07-15,0,32225.71,5230441,67508936
United Kingdom,2021-07-16,0,32225.71,5230441,67508936
United Kingdom,2021-07-17,0,32225.71,5230441,67508936
United Kingdom,2021-07-18,323274,46182.0,5553715,67508936
United Kingdom,2021-07-19,0,46182.0,5553715,67508936
United Kingdom,2021-07-20,0,46182.0,5553715,67508936
United Kingdom,2021-07-21,0,46182.0,5553715,67508936
United Kingdom,2021-07-22,0,46182.0,5553715,67508936
United Kingdom,2021-07-23,0,46182.0,5553715,67508936
United Kingdom,2021-07-24,0,46182.0,5553715,67508936
United Kingdom,2021-07-25,257101,36728.71,5810816,67508936
United Kingdom,2021-07-26,0,36728.71,5810816,67508936
United Kingdom,2021-07-27,0,36728.71,5810816,67508936
United Kingdom,2021-07-28,0,36728.71,5810816,67508936
United Kingdom,2021-07-29,0,36728.71,5810816,67508936
United Kingdom,2021-07-30,0,36728.71,5810816,67508936
United Kingdom,2021-07-31,0,36728.71,5810816,67508936
United Kingdom,2021-08-01,188020,26860.0,5998836,67508936
United Kingdom,2021-08-02,0,26860.0,5998836,67508936
United Kingdom,2021-08-03,0,26860.0,5998836,67508936
United Kingdom,2021-08-04,0,26860.0,5998836,67508936
United Kingdom,2021-08-05,0,26860.0,5998836,67508936
United Kingdom,2021-08-06,0,26860.0,5998836,67508936
United Kingdom,2021-08-07,0,26860.0,5998836,67508936
United Kingdom,2021-08-08,193901,27700.14,6192737,67508936
United Kingdom,2021-08-09,0,27700.14,6192737,67508936
United Kingdom,2021-08-10,0,27700.14,6192737,67508936
United Kingdom,2021-08-11,0,27700.14,6192737,67508936
United Kingdom,2021-08-12,0,27700.14,6192737,67508936
United Kingdom,2021-08-13,0,27700.14,6192737,67508936
United Kingdom,2021-08-14,0,27700.14,6192737,67508936
United Kingdom,2021-08-15,203157,29022.43,6395894,67508936
United Kingdom,2021-08-16,0,29022.43,6395894,67508936
United Kingdom,2021-08-17,0,29022.43,6395894,67508936
United Kingdom,2021-08-18,0,29022.43,6395894,67508936
United Kingdom,2021-08-19,0,29022.43,6395894,67508936
United Kingdom,2021-08-20,0,29022.43,6395894,67508936
United Kingdom,2021-08-21,0,29022.43,6395894,67508936
United Kingdom,2021-08-22,232682,33240.29,6628576,67508936
United Kingdom,2021-08-23,0,33240.29,6628576,67508936
United Kingdom,2021-08-24,0,33240.29,6628576,67508936
United Kingdom,2021-08-25,0,33240.29,6628576,67508936
United Kingdom,2021-08-26,0,33240.29,6628576,67508936
United Kingdom,2021-08-27,0,33240.29,6628576,67508936
United Kingdom,2021-08-28,0,33240.29,6628576,67508936
United Kingdom,2021-08-29,244811,34973.0,6873387,67508936
United Kingdom,2021-08-30,0,34973.0,6873387,67508936
United Kingdom,2021-08-31,0,34973.0,6873387,67508936
United Kingdom,2021-09-01,0,34973.0,6873387,67508936
United Kingdom,2021-09-02,0,34973.0,6873387,67508936
United Kingdom,2021-09-03,0,34973.0,6873387,67508936
United Kingdom,2021-09-04,0,34973.0,6873387,67508936
United Kingdom,2021-09-05,258216,36888.0,7131603,67508936
United Kingdom,2021-09-06,0,36888.0,7131603,67508936
United Kingdom,2021-09-07,0,36888.0,7131603,67508936
United Kingdom,2021-09-08,0,36888.0,7131603,67508936
United Kingdom,2021-09-09,0,36888.0,7131603,67508936
United Kingdom,2021-09-10,0,36888.0,7131603,67508936
United Kingdom,2021-09-11,0,36888.0,7131603,67508936
United Kingdom,2021-09-12,246171,35167.29,7377774,67508936
United Kingdom,2021-09-13,0,35167.29,7377774,67508936
United Kingdom,2021-09-14,0,35167.29,7377774,67508936
United Kingdom,2021-09-15,0,35167.29,7377774,67508936
United Kingdom,2021-09-16,0,35167.29,7377774,67508936
United Kingdom,2021-09-17,0,35167.29,7377774,67508936
United Kingdom,2021-09-18,0,35167.29,7377774,67508936
United Kingdom,2021-09-19,203289,29041.29,7581063,67508936
United Kingdom,2021-09-20,0,29041.29,7581063,67508936
United Kingdom,2021-09-21,0,29041.29,7581063,67508936
United Kingdom,2021-09-22,0,29041.29,7581063,67508936
United Kingdom,2021-09-23,0,29041.29,7581063,67508936
United Kingdom,2021-09-24,0,29041.29,7581063,67508936
United Kingdom,2021-09-25,0,29041.29,7581063,67508936
United Kingdom,2021-09-26,242060,34580.0,7823123,67508936
United Kingdom,2021-09-27,0,34580.0,7823123,67508936
United Kingdom,2021-09-28,0,34580.0,7823123,67508936
United Kingdom,2021-09-29,0,34580.0,7823123,67508936
United Kingdom,2021-09-30,0,34580.0,7823123,67508936
United Kingdom,2021-10-01,0,34580.0,7823123,67508936
United Kingdom,2021-10-02,0,34580.0,7823123,67508936
United Kingdom,2021-10-03,235286,33612.29,8058409,67508936
United Kingdom,2021-10-04,0,33612.29,8058409,67508936
United Kingdom,2021-10-05,0,33612.29,8058409,67508936
United Kingdom,2021-10-06,0,33612.29,8058409,67508936
United Kingdom,2021-10-07,0,33612.29,8058409,67508936
United Kingdom,2021-10-08,0,33612.29,8058409,67508936
United Kingdom,2021-10-09,0,33612.29,8058409,67508936
United Kingdom,2021-10-10,254728,36389.71,8313137,67508936
United Kingdom,2021-10-11,0,36389.71,8313137,67508936
United Kingdom,2021-10-12,0,36389.71,8313137,67508936
United Kingdom,2021-10-13,0,36389.71,8313137,67508936
United Kingdom,2021-10-14,0,36389.71,8313137,67508936
United Kingdom,2021-10-15,0,36389.71,8313137,67508936
United Kingdom,2021-10-16,0,36389.71,8313137,67508936
United Kingdom,2021-10-17,305103,43586.14,8618240,67508936
United Kingdom,2021-10-18,0,43586.14,8618240,67508936
United Kingdom,2021-10-19,0,43586.14,8618240,67508936
United Kingdom,2021-10-20,0,43586.14,8618240,67508936
United Kingdom,2021-10-21,0,43586.14,8618240,67508936
United Kingdom,2021-10-22,0,43586.14,8618240,67508936
United Kingdom,2021-10-23,0,43586.14,8618240,67508936
United Kingdom,2021-10-24,329421,47060.14,8947661,67508936
United Kingdom,2021-10-25,0,47060.14,8947661,67508936
United Kingdom,2021-10-26,0,47060.14,8947661,67508936
United Kingdom,2021-10-27,0,47060.14,8947661,67508936
United Kingdom,2021-10-28,0,47060.14,8947661,67508936
United Kingdom,2021-10-29,0,47060.14,8947661,67508936
United Kingdom,2021-10-30,0,47060.14,8947661,67508936
United Kingdom,2021-10-31,285143,40734.71,9232804,67508936
United Kingdom,2021-11-01,0,40734.71,9232804,67508936
United Kingdom,2021-11-02,0,40734.71,9232804,67508936
United Kingdom,2021-11-03,0,40734.71,9232804,67508936
United Kingdom,2021-11-04,0,40734.71,9232804,67508936
United Kingdom,2021-11-05,0,40734.71,9232804,67508936
United Kingdom,2021-11-06,0,40734.71,9232804,67508936
United Kingdom,2021-11-07,251477,35925.29,9484281,67508936
United Kingdom,2021-11-08,0,35925.29,9484281,67508936
United Kingdom,2021-11-09,0,35925.29,9484281,67508936
United Kingdom,2021-11-10,0,35925.29,9484281,67508936
United Kingdom,2021-11-11,0,35925.29,9484281,67508936
United Kingdom,2021-11-12,0,35925.29,9484281,67508936
United Kingdom,2021-11-13,0,35925.29,9484281,67508936
United Kingdom,2021-11-14,266098,38014.0,9750379,67508936
United Kingdom,2021-11-15,0,38014.0,9750379,67508936
United Kingdom,2021-11-16,0,38014.0,9750379,67508936
United Kingdom,2021-11-17,0,38014.0,9750379,67508936
United Kingdom,2021-11-18,0,38014.0,9750379,67508936
United Kingdom,2021-11-19,0,38014.0,9750379,67508936
United Kingdom,2021-11-20,0,38014.0,9750379,67508936
United Kingdom,2021-11-21,295358,42194.0,10045737,67508936
United Kingdom,2021-11-22,0,42194.0,10045737,67508936
United Kingdom,2021-11-23,0,42194.0,10045737,67508936
United Kingdom,2021-11-24,0,42194.0,10045737,67508936
United Kingdom,2021-11-25,0,42194.0,10045737,67508936
United Kingdom,2021-11-26,0,42194.0,10045737,67508936
United Kingdom,2021-11-27,0,42194.0,10045737,67508936
United Kingdom,2021-11-28,301042,43006.0,10346779,67508936
United Kingdom,2021-11-29,0,43006.0,10346779,67508936
United Kingdom,2021-11-30,0,43006.0,10346779,67508936
United Kingdom,2021-12-01,0,43006.0,10346779,67508936
United Kingdom,2021-12-02,0,43006.0,10346779,67508936
United Kingdom,2021-12-03,0,43006.0,10346779,67508936
United Kingdom,2021-12-04,0,43006.0,10346779,67508936
United Kingdom,2021-12-05,335799,47971.29,10682578,67508936
United Kingdom,2021-12-06,0,47971.29,10682578,67508936
United Kingdom,2021-12-07,0,47971.29,10682578,67508936
United Kingdom,2021-12-08,0,47971.29,10682578,67508936
United Kingdom,2021-12-09,0,47971.29,10682578,67508936
United Kingdom,2021-12-10,0,47971.29,10682578,67508936
United Kingdom,2021-12-11,0,47971.29,10682578,67508936
United Kingdom,2021-12-12,364101,52014.43,11046679,67508936
United Kingdom,2021-12-13,0,52014.43,11046679,67508936
United Kingdom,2021-12-14,0,52014.43,11046679,67508936
United Kingdom,2021-12-15,0,52014.43,11046679,67508936
United Kingdom,2021-12-16,0,52014.43,11046679,67508936
United Kingdom,2021-12-17,0,52014.43,11046679,67508936
United Kingdom,2021-12-18,0,52014.43,11046679,67508936
United Kingdom,2021-12-19,606364,86623.43,11653043,67508936
United Kingdom,2021-12-20,0,86623.43,11653043,67508936
United Kingdom,2021-12-21,0,86623.43,11653043,67508936
United Kingdom,2021-12-22,0,86623.43,11653043,67508936
United Kingdom,2021-12-23,0,86623.43,11653043,67508936
United Kingdom,2021-12-24,0,86623.43,11653043,67508936
United Kingdom,2021-12-25,0,86623.43,11653043,67508936
United Kingdom,2021-12-26,921736,131676.57,12574779,67508936
United Kingdom,2021-12-27,0,131676.57,12574779,67508936
United Kingdom,2021-12-28,0,131676.57,12574779,67508936
United Kingdom,2021-12-29,0,131676.57,12574779,67508936
United Kingdom,2021-12-30,0,131676.57,12574779,67508936
United Kingdom,2021-12-31,0,131676.57,12574779,67508936
United Kingdom,2022-01-01,0,131676.57,12574779,67508936
United Kingdom,2022-01-02,1292071,184581.57,13866850,67508936
United Kingdom,2022-01-03,0,184581.57,13866850,67508936
United Kingdom,2022-01-04,0,184581.57,13866850,67508936
United Kingdom,2022-01-05,0,184581.57,13866850,67508936
United Kingdom,2022-01-06,0,184581.57,13866850,67508936
United Kingdom,2022-01-07,0,184581.57,13866850,67508936
United Kingdom,2022-01-08,0,184581.57,13866850,67508936
United Kingdom,2022-01-09,1320332,188618.86,15187182,67508936
United Kingdom,2022-01-10,0,188618.86,15187182,67508936
United Kingdom,2022-01-11,0,188618.86,15187182,67508936
United Kingdom,2022-01-12,0,188618.86,15187182,67508936
United Kingdom,2022-01-13,0,188618.86,15187182,67508936
United Kingdom,2022-01-14,0,188618.86,15187182,67508936
United Kingdom,2022-01-15,0,188618.86,15187182,67508936
United Kingdom,2022-01-16,723565,103366.43,15910747,67508936
United Kingdom,2022-01-17,0,103366.43,15910747,67508936
United Kingdom,2022-01-18,0,103366.43,15910747,67508936
United Kingdom,2022-01-19,0,103366.43,15910747,67508936
United Kingdom,2022-01-20,0,103366.43,15910747,67508936
United Kingdom,2022-01-21,0,103366.43,15910747,67508936
United Kingdom,2022-01-22,0,103366.43,15910747,67508936
United Kingdom,2022-01-23,730232,104318.86,16640979,67508936
United Kingdom,2022-01-24,0,104318.86,16640979,67508936
United Kingdom,2022-01-25,0,104318.86,16640979,67508936
United Kingdom,2022-01-26,0,104318.86,16640979,67508936
United Kingdom,2022-01-27,0,104318.86,16640979,67508936
United Kingdom,2022-01-28,0,104318.86,16640979,67508936
United Kingdom,2022-01-29,0,104318.86,16640979,67508936
United Kingdom,2022-01-30,713559,101937.0,17354538,67508936
United Kingdom,2022-01-31,0,101937.0,17354538,67508936
United Kingdom,2022-02-01,0,101937.0,17354538,67508936
United Kingdom,2022-02-02,0,101937.0,17354538,67508936
United Kingdom,2022-02-03,0,101937.0,17354538,67508936
United Kingdom,2022-02-04,0,101937.0,17354538,67508936
United Kingdom,2022-02-05,0,101937.0,17354538,67508936
United Kingdom,2022-02-06,588540,84077.14,17943078,67508936
United Kingdom,2022-02-07,0,84077.14,17943078,67508936
United Kingdom,2022-02-08,0,84077.14,17943078,67508936
United Kingdom,2022-02-09,0,84077.14,17943078,67508936
United Kingdom,2022-02-10,0,84077.14,17943078,67508936
United Kingdom,2022-02-11,0,84077.14,17943078,67508936
United Kingdom,2022-02-12,0,84077.14,17943078,67508936
United Kingdom,2022-02-13,420192,60027.43,18363270,67508936
United Kingdom,2022-02-14,0,60027.43,18363270,67508936
United Kingdom,2022-02-15,0,60027.43,18363270,67508936
United Kingdom,2022-02-16,0,60027.43,18363270,67508936
United Kingdom,2022-02-17,0,60027.43,18363270,67508936
United Kingdom,2022-02-18,0,60027.43,18363270,67508936
United Kingdom,2022-02-19,0,60027.43,18363270,67508936
United Kingdom,2022-02-20,316060,45151.43,18679330,67508936
United Kingdom,2022-02-21,0,45151.43,18679330,67508936
United Kingdom,2022-02-22,0,45151.43,18679330,67508936
United Kingdom,2022-02-23,0,45151.43,18679330,67508936
United Kingdom,2022-02-24,0,45151.43,18679330,67508936
United Kingdom,2022-02-25,0,45151.43,18679330,67508936
United Kingdom,2022-02-26,0,45151.43,18679330,67508936
United Kingdom,2022-02-27,251631,35947.29,18930961,67508936
United Kingdom,2022-02-28,0,35947.29,18930961,67508936
United Kingdom,2022-03-01,0,35947.29,18930961,67508936
United Kingdom,2022-03-02,0,35947.29,18930961,67508936
United Kingdom,2022-03-03,0,35947.29,18930961,67508936
United Kingdom,2022-03-04,0,35947.29,18930961,67508936
United Kingdom,2022-03-05,0,35947.29,18930961,67508936
United Kingdom,2022-03-06,277241,39605.86,19208202,67508936
United Kingdom,2022-03-07,0,39605.86,19208202,67508936
United Kingdom,2022-03-08,0,39605.86,19208202,67508936
United Kingdom,2022-03-09,0,39605.86,19208202,67508936
United Kingdom,2022-03-10,0,39605.86,19208202,67508936
United Kingdom,2022-03-11,0,39605.86,19208202,67508936
United Kingdom,2022-03-12,0,39605.86,19208202,67508936
United Kingdom,2022-03-13,437488,62498.29,19645690,67508936
United Kingdom,2022-03-14,0,62498.29,19645690,67508936
United Kingdom,2022-03-15,0,62498.29,19645690,67508936
United Kingdom,2022-03-16,0,62498.29,19645690,67508936
United Kingdom,2022-03-17,0,62498.29,19645690,67508936
United Kingdom,2022-03-18,0,62498.29,19645690,67508936
United Kingdom,2022-03-19,0,62498.29,19645690,67508936
United Kingdom,2022-03-20,581248,83035.43,20226938,67508936
United Kingdom,2022-03-21,0,83035.43,20226938,67508936
United Kingdom,2022-03-22,0,83035.43,20226938,67508936
United Kingdom,2022-03-23,0,83035.43,20226938,67508936
United Kingdom,2022-03-24,0,83035.43,20226938,67508936
United Kingdom,2022-03-25,0,83035.43,20226938,67508936
United Kingdom,2022-03-26,0,83035.43,20226938,67508936
United Kingdom,2022-03-27,606372,86624.57,20833310,67508936
United Kingdom,2022-03-28,0,86624.57,20833310,67508936
United Kingdom,2022-03-29,0,86624.57,20833310,67508936
United Kingdom,2022-03-30,0,86624.57,20833310,67508936
United Kingdom,2022-03-31,0,86624.57,20833310,67508936
United Kingdom,2022-04-01,0,86624.57,20833310,67508936
United Kingdom,2022-04-02,0,86624.57,20833310,67508936
United Kingdom,2022-04-03,478671,68381.57,21311981,67508936
United Kingdom,2022-04-04,0,68381.57,21311981,67508936
United Kingdom,2022-04-05,0,68381.57,21311981,67508936
United Kingdom,2022-04-06,0,68381.57,21311981,67508936
United Kingdom,2022-04-07,0,68381.57,21311981,67508936
United Kingdom,2022-04-08,0,68381.57,21311981,67508936
United Kingdom,2022-04-09,0,68381.57,21311981,67508936
United Kingdom,2022-04-10,299046,42720.86,21611027,67508936
United Kingdom,2022-04-11,0,42720.86,21611027,67508936
United Kingdom,2022-04-12,0,42720.86,21611027,67508936
United Kingdom,2022-04-13,0,42720.86,21611027,67508936
United Kingdom,2022-04-14,0,42720.86,21611027,67508936
United Kingdom,2022-04-15,0,42720.86,21611027,67508936
United Kingdom,2022-04-16,0,42720.86,21611027,67508936
United Kingdom,2022-04-17,209920,29988.57,21820947,67508936
United Kingdom,2022-04-18,0,29988.57,21820947,67508936
United Kingdom,2022-04-19,0,29988.57,21820947,67508936
United Kingdom,2022-04-20,0,29988.57,21820947,67508936
United Kingdom,2022-04-21,0,29988.57,21820947,67508936
United Kingdom,2022-04-22,0,29988.57,21820947,67508936
United Kingdom,2022-04-23,0,29988.57,21820947,67508936
United Kingdom,2022-04-24,146688,20955.43,21967635,67508936
United Kingdom,2022-04-25,0,20955.43,21967635,67508936
United Kingdom,2022-04-26,0,20955.43,21967635,67508936
United Kingdom,2022-04-27,0,20955.43,21967635,67508936
United Kingdom,2022-04-28,0,20955.43,21967635,67508936
United Kingdom,2022-04-29,0,20955.43,21967635,67508936
United Kingdom,2022-04-30,0,20955.43,21967635,67508936
United Kingdom,2022-05-01,94269,13467.0,22061904,67508936
United Kingdom,2022-05-02,0,13467.0,22061904,67508936
United Kingdom,2022-05-03,0,13467.0,22061904,67508936
United Kingdom,2022-05-04,0,13467.0,22061904,67508936
United Kingdom,2022-05-05,0,13467.0,22061904,67508936
United Kingdom,2022-05-06,0,13467.0,22061904,67508936
United Kingdom,2022-05-07,0,13467.0,22061904,67508936
United Kingdom,2022-05-08,73460,10494.29,22135364,67508936
United Kingdom,2022-05-09,0,10494.29,22135364,67508936
United Kingdom,2022-05-10,0,10494.29,22135364,67508936
United Kingdom,2022-05-11,0,10494.29,22135364,67508936
United Kingdom,2022-05-12,0,10494.29,22135364,67508936
United Kingdom,2022-05-13,0,10494.29,22135364,67508936
United Kingdom,2022-05-14,0,10494.29,22135364,67508936
United Kingdom,2022-05-15,60338,8619.71,22195702,67508936
United Kingdom,2022-05-16,0,8619.71,22195702,67508936
United Kingdom,2022-05-17,0,8619.71,22195702,67508936
United Kingdom,2022-05-18,0,8619.71,22195702,67508936
United Kingdom,2022-05-19,0,8619.71,22195702,67508936
United Kingdom,2022-05-20,0,8619.71,22195702,67508936
United Kingdom,2022-05-21,0,8619.71,22195702,67508936
United Kingdom,2022-05-22,52075,7439.29,22247777,67508936
United Kingdom,2022-05-23,0,7439.29,22247777,67508936
United Kingdom,2022-05-24,0,7439.29,22247777,67508936
United Kingdom,2022-05-25,0,7439.29,22247777,67508936
United Kingdom,2022-05-26,0,7439.29,22247777,67508936
United Kingdom,2022-05-27,0,7439.29,22247777,67508936
United Kingdom,2022-05-28,0,7439.29,22247777,67508936
United Kingdom,2022-05-29,42463,6066.14,22290240,67508936
United Kingdom,2022-05-30,0,6066.14,22290240,67508936
United Kingdom,2022-05-31,0,6066.14,22290240,67508936
United Kingdom,2022-06-01,0,6066.14,22290240,67508936
United Kingdom,2022-06-02,0,6066.14,22290240,67508936
United Kingdom,2022-06-03,0,6066.14,22290240,67508936
United Kingdom,2022-06-04,0,6066.14,22290240,67508936
United Kingdom,2022-06-05,44731,6390.14,22334971,67508936
United Kingdom,2022-06-06,0,6390.14,22334971,67508936
United Kingdom,2022-06-07,0,6390.14,22334971,67508936
United Kingdom,2022-06-08,0,6390.14,22334971,67508936
United Kingdom,2022-06-09,0,6390.14,22334971,67508936
United Kingdom,2022-06-10,0,6390.14,22334971,67508936
United Kingdom,2022-06-11,0,6390.14,22334971,67508936
United Kingdom,2022-06-12,74352,10621.71,22409323,67508936
United Kingdom,2022-06-13,0,10621.71,22409323,67508936
United Kingdom,2022-06-14,0,10621.71,22409323,67508936
United Kingdom,2022-06-15,0,10621.71,22409323,67508936
United Kingdom,2022-06-16,0,10621.71,22409323,67508936
United Kingdom,2022-06-17,0,10621.71,22409323,67508936
United Kingdom,2022-06-18,0,10621.71,22409323,67508936
United Kingdom,2022-06-19,96164,13737.71,22505487,67508936
United Kingdom,2022-06-20,0,13737.71,22505487,67508936
United Kingdom,2022-06-21,0,13737.71,22505487,67508936
United Kingdom,2022-06-22,0,13737.71,22505487,67508936
United Kingdom,2022-06-23,0,13737.71,22505487,67508936
United Kingdom,2022-06-24,0,13737.71,22505487,67508936
United Kingdom,2022-06-25,0,13737.71,22505487,67508936
United Kingdom,2022-06-26,130271,18610.14,22635758,67508936
United Kingdom,2022-06-27,0,18610.14,22635758,67508936
United Kingdom,2022-06-28,0,18610.14,22635758,67508936
United Kingdom,2022-06-29,0,18610.14,22635758,67508936
United Kingdom,2022-06-30,0,18610.14,22635758,67508936
United Kingdom,2022-07-01,0,18610.14,22635758,67508936
United Kingdom,2022-07-02,0,18610.14,22635758,67508936
United Kingdom,2022-07-03,160214,22887.71,22795972,67508936
United Kingdom,2022-07-04,0,22887.71,22795972,67508936
United Kingdom,2022-07-05,0,22887.71,22795972,67508936
United Kingdom,2022-07-06,0,22887.71,22795972,67508936
United Kingdom,2022-07-07,0,22887.71,22795972,67508936
United Kingdom,2022-07-08,0,22887.71,22795972,67508936
United Kingdom,2022-07-09,0,22887.71,22795972,67508936
United Kingdom,2022-07-10,195623,27946.14,22991595,67508936
United Kingdom,2022-07-11,0,27946.14,22991595,67508936
United Kingdom,2022-07-12,0,27946.14,22991595,67508936
United Kingdom,2022-07-13,0,27946.14,22991595,67508936
United Kingdom,2022-07-14,0,27946.14,22991595,67508936
United Kingdom,2022-07-15,0,27946.14,22991595,67508936
United Kingdom,2022-07-16,0,27946.14,22991595,67508936
United Kingdom,2022-07-17,166429,23775.57,23158024,67508936
United Kingdom,2022-07-18,0,23775.57,23158024,67508936
United Kingdom,2022-07-19,0,23775.57,23158024,67508936
United Kingdom,2022-07-20,0,23775.57,23158024,67508936
United Kingdom,2022-07-21,0,23775.57,23158024,67508936
United Kingdom,2022-07-22,0,23775.57,23158024,67508936
United Kingdom,2022-07-23,0,23775.57,23158024,67508936
United Kingdom,2022-07-24,110346,15763.71,23268370,67508936
United Kingdom,2022-07-25,0,15763.71,23268370,67508936
United Kingdom,2022-07-26,0,15763.71,23268370,67508936
United Kingdom,2022-07-27,0,15763.71,23268370,67508936
United Kingdom,2022-07-28,0,15763.71,23268370,67508936
United Kingdom,2022-07-29,0,15763.71,23268370,67508936
United Kingdom,2022-07-30,0,15763.71,23268370,67508936
United Kingdom,2022-07-31,74614,10659.14,23342984,67508936
United Kingdom,2022-08-01,0,10659.14,23342984,67508936
United Kingdom,2022-08-02,0,10659.14,23342984,67508936
United Kingdom,2022-08-03,0,10659.14,23342984,67508936
United Kingdom,2022-08-04,0,10659.14,23342984,67508936
United Kingdom,2022-08-05,0,10659.14,23342984,67508936
United Kingdom,2022-08-06,0,10659.14,23342984,67508936
United Kingdom,2022-08-07,56953,8136.14,23399937,67508936
United Kingdom,2022-08-08,0,8136.14,23399937,67508936
United Kingdom,2022-08-09,0,8136.14,23399937,67508936
United Kingdom,2022-08-10,0,8136.14,23399937,67508936
United Kingdom,2022-08-11,0,8136.14,23399937,67508936
United Kingdom,2022-08-12,0,8136.14,23399937,67508936
United Kingdom,2022-08-13,0,8136.14,23399937,67508936
United Kingdom,2022-08-14,45624,6517.71,23445561,67508936
United Kingdom,2022-08-15,0,6517.71,23445561,67508936
United Kingdom,2022-08-16,0,6517.71,23445561,67508936
United Kingdom,2022-08-17,0,6517.71,23445561,67508936
United Kingdom,2022-08-18,0,6517.71,23445561,67508936
United Kingdom,2022-08-19,0,6517.71,23445561,67508936
United Kingdom,2022-08-20,0,6517.71,23445561,67508936
United Kingdom,2022-08-21,35449,5064.14,23481010,67508936
United Kingdom,2022-08-22,0,5064.14,23481010,67508936
United Kingdom,2022-08-23,0,5064.14,23481010,67508936
United Kingdom,2022-08-24,0,5064.14,23481010,67508936
United Kingdom,2022-08-25,0,5064.14,23481010,67508936
United Kingdom,2022-08-26,0,5064.14,23481010,67508936
United Kingdom,2022-08-27,0,5064.14,23481010,67508936
United Kingdom,2022-08-28,29390,4198.57,23510400,67508936
United Kingdom,2022-08-29,0,4198.57,23510400,67508936
United Kingdom,2022-08-30,0,4198.57,23510400,67508936
United Kingdom,2022-08-31,0,4198.57,23510400,67508936
United Kingdom,2022-09-01,0,4198.57,23510400,67508936
United Kingdom,2022-09-02,0,4198.57,23510400,67508936
United Kingdom,2022-09-03,0,4198.57,23510400,67508936
United Kingdom,2022-09-04,29213,4173.29,23539613,67508936
United Kingdom,2022-09-05,0,4173.29,23539613,67508936
United Kingdom,2022-09-06,0,4173.29,23539613,67508936
United Kingdom,2022-09-07,0,4173.29,23539613,67508936
United Kingdom,2022-09-08,0,4173.29,23539613,67508936
United Kingdom,2022-09-09,0,4173.29,23539613,67508936
United Kingdom,2022-09-10,0,4173.29,23539613,67508936
United Kingdom,2022-09-11,28943,4134.71,23568556,67508936
United Kingdom,2022-09-12,0,4134.71,23568556,67508936
United Kingdom,2022-09-13,0,4134.71,23568556,67508936
United Kingdom,2022-09-14,0,4134.71,23568556,67508936
United Kingdom,2022-09-15,0,4134.71,23568556,67508936
United Kingdom,2022-09-16,0,4134.71,23568556,67508936
United Kingdom,2022-09-17,0,4134.71,23568556,67508936
United Kingdom,2022-09-18,31812,4544.57,23600368,67508936
United Kingdom,2022-09-19,0,4544.57,23600368,67508936
United Kingdom,2022-09-20,0,4544.57,23600368,67508936
United Kingdom,2022-09-21,0,4544.57,23600368,67508936
United Kingdom,2022-09-22,0,4544.57,23600368,67508936
United Kingdom,2022-09-23,0,4544.57,23600368,67508936
United Kingdom,2022-09-24,0,4544.57,23600368,67508936
United Kingdom,2022-09-25,42707,6101.0,23643075,67508936
United Kingdom,2022-09-26,0,6101.0,23643075,67508936
United Kingdom,2022-09-27,0,6101.0,23643075,67508936
United Kingdom,2022-09-28,0,6101.0,23643075,67508936
United Kingdom,2022-09-29,0,6101.0,23643075,67508936
United Kingdom,2022-09-30,0,6101.0,23643075,67508936
United Kingdom,2022-10-01,0,6101.0,23643075,67508936
United Kingdom,2022-10-02,53755,7679.29,23696830,67508936
United Kingdom,2022-10-03,0,7679.29,23696830,67508936
United Kingdom,2022-10-04,0,7679.29,23696830,67508936
United Kingdom,2022-10-05,0,7679.29,23696830,67508936
United Kingdom,2022-10-06,0,7679.29,23696830,67508936
United Kingdom,2022-10-07,0,7679.29,23696830,67508936
United Kingdom,2022-10-08,0,7679.29,23696830,67508936
United Kingdom,2022-10-09,67496,9642.29,23764326,67508936
United Kingdom,2022-10-10,0,9642.29,23764326,67508936
United Kingdom,2022-10-11,0,9642.29,23764326,67508936
United Kingdom,2022-10-12,0,9642.29,23764326,67508936
United Kingdom,2022-10-13,0,9642.29,23764326,67508936
United Kingdom,2022-10-14,0,9642.29,23764326,67508936
United Kingdom,2022-10-15,0,9642.29,23764326,67508936
United Kingdom,2022-10-16,60442,8634.57,23824768,67508936
United Kingdom,2022-10-17,0,8634.57,23824768,67508936
United Kingdom,2022-10-18,0,8634.57,23824768,67508936
United Kingdom,2022-10-19,0,8634.57,23824768,67508936
United Kingdom,2022-10-20,0,8634.57,23824768,67508936
United Kingdom,2022-10-21,0,8634.57,23824768,67508936
United Kingdom,2022-10-22,0,8634.57,23824768,67508936
United Kingdom,2022-10-23,52930,7561.43,23877698,67508936
United Kingdom,2022-10-24,0,7561.43,23877698,67508936
United Kingdom,2022-10-25,0,7561.43,23877698,67508936
United Kingdom,2022-10-26,0,7561.43,23877698,67508936
United Kingdom,2022-10-27,0,7561.43,23877698,67508936
United Kingdom,2022-10-28,0,7561.43,23877698,67508936
United Kingdom,2022-10-29,0,7561.43,23877698,67508936
United Kingdom,2022-10-30,37668,5381.14,23915366,67508936
United Kingdom,2022-10-31,0,5381.14,23915366,67508936
United Kingdom,2022-11-01,0,5381.14,23915366,67508936
United Kingdom,2022-11-02,0,5381.14,23915366,67508936
United Kingdom,2022-11-03,0,5381.14,23915366,67508936
United Kingdom,2022-11-04,0,5381.14,23915366,67508936
United Kingdom,2022-11-05,0,5381.14,23915366,67508936
United Kingdom,2022-11-06,28331,4047.29,23943697,67508936
United Kingdom,2022-11-07,0,4047.29,23943697,67508936
United Kingdom,2022-11-08,0,4047.29,23943697,67508936
United Kingdom,2022-11-09,0,4047.29,23943697,67508936
United Kingdom,2022-11-10,0,4047.29,23943697,67508936
United Kingdom,2022-11-11,0,4047.29,23943697,67508936
United Kingdom,2022-11-12,0,4047.29,23943697,67508936
United Kingdom,2022-11-13,23756,3393.71,23967453,67508936
United Kingdom,2022-11-14,0,3393.71,23967453,67508936
United Kingdom,2022-11-15,0,3393.71,23967453,67508936
United Kingdom,2022-11-16,0,3393.71,23967453,67508936
United Kingdom,2022-11-17,0,3393.71,23967453,67508936
United Kingdom,2022-11-18,0,3393.71,23967453,67508936
United Kingdom,2022-11-19,0,3393.71,23967453,67508936
United Kingdom,2022-11-20,21872,3124.57,23989325,67508936
United Kingdom,2022-11-21,0,3124.57,23989325,67508936
United Kingdom,2022-11-22,0,3124.57,23989325,67508936
United Kingdom,2022-11-23,0,3124.57,23989325,67508936
United Kingdom,2022-11-24,0,3124.57,23989325,67508936
United Kingdom,2022-11-25,0,3124.57,23989325,67508936
United Kingdom,2022-11-26,0,3124.57,23989325,67508936
United Kingdom,2022-11-27,22911,3273.0,24012236,67508936
United Kingdom,2022-11-28,0,3273.0,24012236,67508936
United Kingdom,2022-11-29,0,3273.0,24012236,67508936
United Kingdom,2022-11-30,0,3273.0,24012236,67508936
United Kingdom,2022-12-01,0,3273.0,24012236,67508936
United Kingdom,2022-12-02,0,3273.0,24012236,67508936
United Kingdom,2022-12-03,0,3273.0,24012236,67508936
United Kingdom,2022-12-04,26105,3729.29,24038341,67508936
United Kingdom,2022-12-05,0,3729.29,24038341,67508936
United Kingdom,2022-12-06,0,3729.29,24038341,67508936
United Kingdom,2022-12-07,0,3729.29,24038341,67508936
United Kingdom,2022-12-08,0,3729.29,24038341,67508936
United Kingdom,2022-12-09,0,3729.29,24038341,67508936
United Kingdom,2022-12-10,0,3729.29,24038341,67508936
United Kingdom,2022-12-11,31048,4435.43,24069389,67508936
United Kingdom,2022-12-12,0,4435.43,24069389,67508936
United Kingdom,2022-12-13,0,4435.43,24069389,67508936
United Kingdom,2022-12-14,0,4435.43,24069389,67508936
United Kingdom,2022-12-15,0,4435.43,24069389,67508936
United Kingdom,2022-12-16,0,4435.43,24069389,67508936
United Kingdom,2022-12-17,0,4435.43,24069389,67508936
United Kingdom,2022-12-18,41009,5858.43,24110398,67508936
United Kingdom,2022-12-19,0,5858.43,24110398,67508936
United Kingdom,2022-12-20,0,5858.43,24110398,67508936
United Kingdom,2022-12-21,0,5858.43,24110398,67508936
United Kingdom,2022-12-22,0,5858.43,24110398,67508936
United Kingdom,2022-12-23,0,5858.43,24110398,67508936
United Kingdom,2022-12-24,0,5858.43,24110398,67508936
United Kingdom,2022-12-25,48639,6948.43,24159037,67508936
United Kingdom,2022-12-26,0,6948.43,24159037,67508936
United Kingdom,2022-12-27,0,6948.43,24159037,67508936
United Kingdom,2022-12-28,0,6948.43,24159037,67508936
United Kingdom,2022-12-29,0,6948.43,24159037,67508936
United Kingdom,2022-12-30,0,6948.43,24159037,67508936
United Kingdom,2022-12-31,0,6948.43,24159037,67508936
United Kingdom,2023-01-01,41644,5949.14,24200681,67508936
United Kingdom,2023-01-02,0,5949.14,24200681,67508936
United Kingdom,2023-01-03,0,5949.14,24200681,67508936
United Kingdom,2023-01-04,0,5949.14,24200681,67508936
United Kingdom,2023-01-05,0,5949.14,24200681,67508936
United Kingdom,2023-01-06,0,5949.14,24200681,67508936
United Kingdom,2023-01-07,0,5949.14,24200681,67508936
United Kingdom,2023-01-08,33390,4770.0,24234071,67508936
United Kingdom,2023-01-09,0,4770.0,24234071,67508936
United Kingdom,2023-01-10,0,4770.0,24234071,67508936
United Kingdom,2023-01-11,0,4770.0,24234071,67508936
United Kingdom,2023-01-12,0,4770.0,24234071,67508936
United Kingdom,2023-01-13,0,4770.0,24234071,67508936
United Kingdom,2023-01-14,0,4770.0,24234071,67508936
United Kingdom,2023-01-15,19533,2790.43,24253604,67508936
United Kingdom,2023-01-16,0,2790.43,24253604,67508936
United Kingdom,2023-01-17,0,2790.43,24253604,67508936
United Kingdom,2023-01-18,0,2790.43,24253604,67508936
United Kingdom,2023-01-19,0,2790.43,24253604,67508936
United Kingdom,2023-01-20,0,2790.43,24253604,67508936
United Kingdom,2023-01-21,0,2790.43,24253604,67508936
United Kingdom,2023-01-22,14136,2019.43,24267740,67508936
United Kingdom,2023-01-23,0,2019.43,24267740,67508936
United Kingdom,2023-01-24,0,2019.43,24267740,67508936
United Kingdom,2023-01-25,0,2019.43,24267740,67508936
United Kingdom,2023-01-26,0,2019.43,24267740,67508936
United Kingdom,2023-01-27,0,2019.43,24267740,67508936
United Kingdom,2023-01-28,0,2019.43,24267740,67508936
United Kingdom,2023-01-29,16501,2357.29,24284241,67508936
United Kingdom,2023-01-30,0,2357.29,24284241,67508936
United Kingdom,2023-01-31,0,2357.29,24284241,67508936
United Kingdom,2023-02-01,0,2357.29,24284241,67508936
United Kingdom,2023-02-02,0,2357.29,24284241,67508936
United Kingdom,2023-02-03,0,2357.29,24284241,67508936
United Kingdom,2023-02-04,0,2357.29,24284241,67508936
United Kingdom,2023-02-05,21190,3027.14,24305431,67508936
United Kingdom,2023-02-06,0,3027.14,24305431,67508936
United Kingdom,2023-02-07,0,3027.14,24305431,67508936
United Kingdom,2023-02-08,0,3027.14,24305431,67508936
United Kingdom,2023-02-09,0,3027.14,24305431,67508936
United Kingdom,2023-02-10,0,3027.14,24305431,67508936
United Kingdom,2023-02-11,0,3027.14,24305431,67508936
United Kingdom,2023-02-12,23225,3317.86,24328656,67508936
United Kingdom,2023-02-13,0,3317.86,24328656,67508936
United Kingdom,2023-02-14,0,3317.86,24328656,67508936
United Kingdom,2023-02-15,0,3317.86,24328656,67508936
United Kingdom,2023-02-16,0,3317.86,24328656,67508936
United Kingdom,2023-02-17,0,3317.86,24328656,67508936
United Kingdom,2023-02-18,0,3317.86,24328656,67508936
United Kingdom,2023-02-19,27956,3993.71,24356612,67508936
United Kingdom,2023-02-20,0,3993.71,24356612,67508936
United Kingdom,2023-02-21,0,3993.71,24356612,67508936
United Kingdom,2023-02-22,0,3993.71,24356612,67508936
United Kingdom,2023-02-23,0,3993.71,24356612,67508936
United Kingdom,2023-02-24,0,3993.71,24356612,67508936
United Kingdom,2023-02-25,0,3993.71,24356612,67508936
United Kingdom,2023-02-26,27843,3977.57,24384455,67508936
United Kingdom,2023-02-27,0,3977.57,24384455,67508936
United Kingdom,2023-02-28,0,3977.57,24384455,67508936
United Kingdom,2023-03-01,0,3977.57,24384455,67508936
United Kingdom,2023-03-02,0,3977.57,24384455,67508936
United Kingdom,2023-03-03,0,3977.57,24384455,67508936
United Kingdom,2023-03-04,0,3977.57,24384455,67508936
United Kingdom,2023-03-05,27238,3891.14,24411693,67508936
United Kingdom,2023-03-06,0,3891.14,24411693,67508936
United Kingdom,2023-03-07,0,3891.14,24411693,67508936
United Kingdom,2023-03-08,0,3891.14,24411693,67508936
United Kingdom,2023-03-09,0,3891.14,24411693,67508936
United Kingdom,2023-03-10,0,3891.14,24411693,67508936
United Kingdom,2023-03-11,0,3891.14,24411693,67508936
United Kingdom,2023-03-12,29418,4202.57,24441111,67508936
United Kingdom,2023-03-13,0,4202.57,24441111,67508936
United Kingdom,2023-03-14,0,4202.57,24441111,67508936
United Kingdom,2023-03-15,0,4202.57,24441111,67508936
United Kingdom,2023-03-16,0,4202.57,24441111,67508936
United Kingdom,2023-03-17,0,4202.57,24441111,67508936
United Kingdom,2023-03-18,0,4202.57,24441111,67508936
United Kingdom,2023-03-19,33341,4763.0,24474452,67508936
United Kingdom,2023-03-20,0,4763.0,24474452,67508936
United Kingdom,2023-03-21,0,4763.0,24474452,67508936
United Kingdom,2023-03-22,0,4763.0,24474452,67508936
United Kingdom,2023-03-23,0,4763.0,24474452,67508936
United Kingdom,2023-03-24,0,4763.0,24474452,67508936
United Kingdom,2023-03-25,0,4763.0,24474452,67508936
United Kingdom,2023-03-26,31649,4521.29,24506101,67508936
United Kingdom,2023-03-27,0,4521.29,24506101,67508936
United Kingdom,2023-03-28,0,4521.29,24506101,67508936
United Kingdom,2023-03-29,0,4521.29,24506101,67508936
United Kingdom,2023-03-30,0,4521.29,24506101,67508936
United Kingdom,2023-03-31,0,4521.29,24506101,67508936
United Kingdom,2023-04-01,0,4521.29,24506101,67508936
United Kingdom,2023-04-02,25172,3596.0,24531273,67508936
United Kingdom,2023-04-03,0,3596.0,24531273,67508936
United Kingdom,2023-04-04,0,3596.0,24531273,67508936
United Kingdom,2023-04-05,0,3596.0,24531273,67508936
United Kingdom,2023-04-06,0,3596.0,24531273,67508936
United Kingdom,2023-04-07,0,3596.0,24531273,67508936
United Kingdom,2023-04-08,0,3596.0,24531273,67508936
United Kingdom,2023-04-09,16894,2413.43,24548167,67508936
United Kingdom,2023-04-10,0,2413.43,24548167,67508936
United Kingdom,2023-04-11,0,2413.43,24548167,67508936
United Kingdom,2023-04-12,0,2413.43,24548167,67508936
United Kingdom,2023-04-13,0,2413.43,24548167,67508936
United Kingdom,2023-04-14,0,2413.43,24548167,67508936
United Kingdom,2023-04-15,0,2413.43,24548167,67508936
United Kingdom,2023-04-16,14917,2131.0,24563084,67508936
United Kingdom,2023-04-17,0,2131.0,24563084,67508936
United Kingdom,2023-04-18,0,2131.0,24563084,67508936
United Kingdom,2023-04-19,0,2131.0,24563084,67508936
United Kingdom,2023-04-20,0,2131.0,24563084,67508936
United Kingdom,2023-04-21,0,2131.0,24563084,67508936
United Kingdom,2023-04-22,0,2131.0,24563084,67508936
United Kingdom,2023-04-23,12823,1831.86,24575907,67508936
United Kingdom,2023-04-24,0,1831.86,24575907,67508936
United Kingdom,2023-04-25,0,1831.86,24575907,67508936
United Kingdom,2023-04-26,0,1831.86,24575907,67508936
United Kingdom,2023-04-27,0,1831.86,24575907,67508936
United Kingdom,2023-04-28,0,1831.86,24575907,67508936
United Kingdom,2023-04-29,0,1831.86,24575907,67508936
United Kingdom,2023-04-30,11492,1641.71,24587399,67508936
United Kingdom,2023-05-01,0,1641.71,24587399,67508936
United Kingdom,2023-05-02,0,1641.71,24587399,67508936
United Kingdom,2023-05-03,0,1641.71,24587399,67508936
United Kingdom,2023-05-04,0,1641.71,24587399,67508936
United Kingdom,2023-05-05,0,1641.71,24587399,67508936
United Kingdom,2023-05-06,0,1641.71,24587399,67508936
United Kingdom,2023-05-07,11103,1586.14,24598502,67508936
United Kingdom,2023-05-08,0,1586.14,24598502,67508936
United Kingdom,2023-05-09,0,1586.14,24598502,67508936
United Kingdom,2023-05-10,0,1586.14,24598502,67508936
United Kingdom,2023-05-11,0,1586.14,24598502,67508936
United Kingdom,2023-05-12,0,1586.14,24598502,67508936
United Kingdom,2023-05-13,0,1586.14,24598502,67508936
United Kingdom,2023-05-14,8978,1282.57,24607480,67508936
United Kingdom,2023-05-15,0,1282.57,24607480,67508936
United Kingdom,2023-05-16,0,1282.57,24607480,67508936
United Kingdom,2023-05-17,0,1282.57,24607480,67508936
United Kingdom,2023-05-18,0,1282.57,24607480,67508936
United Kingdom,2023-05-19,0,1282.57,24607480,67508936
United Kingdom,2023-05-20,0,1282.57,24607480,67508936
United Kingdom,2023-05-21,7493,1070.43,24614973,67508936
United Kingdom,2023-05-22,0,1070.43,24614973,67508936
United Kingdom,2023-05-23,0,1070.43,24614973,67508936
United Kingdom,2023-05-24,0,1070.43,24614973,67508936
United Kingdom,2023-05-25,0,1070.43,24614973,67508936
United Kingdom,2023-05-26,0,1070.43,24614973,67508936
United Kingdom,2023-05-27,0,1070.43,24614973,67508936
United Kingdom,2023-05-28,6759,965.57,24621732,67508936
United Kingdom,2023-05-29,0,965.57,24621732,67508936
United Kingdom,2023-05-30,0,965.57,24621732,67508936
United Kingdom,2023-05-31,0,965.57,24621732,67508936
United Kingdom,2023-06-01,0,965.57,24621732,67508936
United Kingdom,2023-06-02,0,965.57,24621732,67508936
United Kingdom,2023-06-03,0,965.57,24621732,67508936
United Kingdom,2023-06-04,5261,751.57,24626993,67508936
United Kingdom,2023-06-05,0,751.57,24626993,67508936
United Kingdom,2023-06-06,0,751.57,24626993,67508936
United Kingdom,2023-06-07,0,751.57,24626993,67508936
United Kingdom,2023-06-08,0,751.57,24626993,67508936
United Kingdom,2023-06-09,0,751.57,24626993,67508936
United Kingdom,2023-06-10,0,751.57,24626993,67508936
United Kingdom,2023-06-11,4895,699.29,24631888,67508936
United Kingdom,2023-06-12,0,699.29,24631888,67508936
United Kingdom,2023-06-13,0,699.29,24631888,67508936
United Kingdom,2023-06-14,0,699.29,24631888,67508936
United Kingdom,2023-06-15,0,699.29,24631888,67508936
United Kingdom,2023-06-16,0,699.29,24631888,67508936
United Kingdom,2023-06-17,0,699.29,24631888,67508936
United Kingdom,2023-06-18,3620,517.14,24635508,67508936
United Kingdom,2023-06-19,0,517.14,24635508,67508936
United Kingdom,2023-06-20,0,517.14,24635508,67508936
United Kingdom,2023-06-21,0,517.14,24635508,67508936
United Kingdom,2023-06-22,0,517.14,24635508,67508936
United Kingdom,2023-06-23,0,517.14,24635508,67508936
United Kingdom,2023-06-24,0,517.14,24635508,67508936
United Kingdom,2023-06-25,2804,400.57,24638312,67508936
United Kingdom,2023-06-26,0,400.57,24638312,67508936
United Kingdom,2023-06-27,0,400.57,24638312,67508936
United Kingdom,2023-06-28,0,400.57,24638312,67508936
United Kingdom,2023-06-29,0,400.57,24638312,67508936
United Kingdom,2023-06-30,0,400.57,24638312,67508936
United Kingdom,2023-07-01,0,400.57,24638312,67508936
United Kingdom,2023-07-02,2194,313.43,24640506,67508936
United Kingdom,2023-07-03,0,313.43,24640506,67508936
United Kingdom,2023-07-04,0,313.43,24640506,67508936
United Kingdom,2023-07-05,0,313.43,24640506,67508936
United Kingdom,2023-07-06,0,313.43,24640506,67508936
United Kingdom,2023-07-07,0,313.43,24640506,67508936
United Kingdom,2023-07-08,0,313.43,24640506,67508936
United Kingdom,2023-07-09,2455,350.71,24642961,67508936
United Kingdom,2023-07-10,0,350.71,24642961,67508936
United Kingdom,2023-07-11,0,350.71,24642961,67508936
United Kingdom,2023-07-12,0,350.71,24642961,67508936
United Kingdom,2023-07-13,0,350.71,24642961,67508936
United Kingdom,2023-07-14,0,350.71,24642961,67508936
United Kingdom,2023-07-15,0,350.71,24642961,67508936
United Kingdom,2023-07-16,3114,444.86,24646075,67508936
United Kingdom,2023-07-17,0,444.86,24646075,67508936
United Kingdom,2023-07-18,0,444.86,24646075,67508936
United Kingdom,2023-07-19,0,444.86,24646075,67508936
United Kingdom,2023-07-20,0,444.86,24646075,67508936
United Kingdom,2023-07-21,0,444.86,24646075,67508936
United Kingdom,2023-07-22,0,444.86,24646075,67508936
United Kingdom,2023-07-23,3618,516.86,24649693,67508936
United Kingdom,2023-07-24,0,516.86,24649693,67508936
United Kingdom,2023-07-25,0,516.86,24649693,67508936
United Kingdom,2023-07-26,0,516.86,24649693,67508936
United Kingdom,2023-07-27,0,516.86,24649693,67508936
United Kingdom,2023-07-28,0,516.86,24649693,67508936
United Kingdom,2023-07-29,0,516.86,24649693,67508936
United Kingdom,2023-07-30,4677,668.14,24654370,67508936
United Kingdom,2023-07-31,0,668.14,24654370,67508936
United Kingdom,2023-08-01,0,668.14,24654370,67508936
United Kingdom,2023-08-02,0,668.14,24654370,67508936
United Kingdom,2023-08-03,0,668.14,24654370,67508936
United Kingdom,2023-08-04,0,668.14,24654370,67508936
United Kingdom,2023-08-05,0,668.14,24654370,67508936
United Kingdom,2023-08-06,6313,901.86,24660683,67508936
United Kingdom,2023-08-07,0,901.86,24660683,67508936
United Kingdom,2023-08-08,0,901.86,24660683,67508936
United Kingdom,2023-08-09,0,901.86,24660683,67508936
United Kingdom,2023-08-10,0,901.86,24660683,67508936
United Kingdom,2023-08-11,0,901.86,24660683,67508936
United Kingdom,2023-08-12,0,901.86,24660683,67508936
United Kingdom,2023-08-13,7777,1111.0,24668460,67508936
United Kingdom,2023-08-14,0,1111.0,24668460,67508936
United Kingdom,2023-08-15,0,1111.0,24668460,67508936
United Kingdom,2023-08-16,0,1111.0,24668460,67508936
United Kingdom,2023-08-17,0,1111.0,24668460,67508936
United Kingdom,2023-08-18,0,1111.0,24668460,67508936
United Kingdom,2023-08-19,0,1111.0,24668460,67508936
United Kingdom,2023-08-20,8546,1220.86,24677006,67508936
United Kingdom,2023-08-21,0,1220.86,24677006,67508936
United Kingdom,2023-08-22,0,1220.86,24677006,67508936
United Kingdom,2023-08-23,0,1220.86,24677006,67508936
United Kingdom,2023-08-24,0,1220.86,24677006,67508936
United Kingdom,2023-08-25,0,1220.86,24677006,67508936
United Kingdom,2023-08-26,0,1220.86,24677006,67508936
United Kingdom,2023-08-27,8988,1284.0,24685994,67508936
United Kingdom,2023-08-28,0,1284.0,24685994,67508936
United Kingdom,2023-08-29,0,1284.0,24685994,67508936
United Kingdom,2023-08-30,0,1284.0,24685994,67508936
United Kingdom,2023-08-31,0,1284.0,24685994,67508936
United Kingdom,2023-09-01,0,1284.0,24685994,67508936
United Kingdom,2023-09-02,0,1284.0,24685994,67508936
United Kingdom,2023-09-03,10471,1495.86,24696465,67508936
United Kingdom,2023-09-04,0,1495.86,24696465,67508936
United Kingdom,2023-09-05,0,1495.86,24696465,67508936
United Kingdom,2023-09-06,0,1495.86,24696465,67508936
United Kingdom,2023-09-07,0,1495.86,24696465,67508936
United Kingdom,2023-09-08,0,1495.86,24696465,67508936
United Kingdom,2023-09-09,0,1495.86,24696465,67508936
United Kingdom,2023-09-10,13933,1990.43,24710398,67508936
United Kingdom,2023-09-11,0,1990.43,24710398,67508936
United Kingdom,2023-09-12,0,1990.43,24710398,67508936
United Kingdom,2023-09-13,0,1990.43,24710398,67508936
United Kingdom,2023-09-14,0,1990.43,24710398,67508936
United Kingdom,2023-09-15,0,1990.43,24710398,67508936
United Kingdom,2023-09-16,0,1990.43,24710398,67508936
United Kingdom,2023-09-17,12273,1753.29,24722671,67508936
United Kingdom,2023-09-18,0,1753.29,24722671,67508936
United Kingdom,2023-09-19,0,1753.29,24722671,67508936
United Kingdom,2023-09-20,0,1753.29,24722671,67508936
United Kingdom,2023-09-21,0,1753.29,24722671,67508936
United Kingdom,2023-09-22,0,1753.29,24722671,67508936
United Kingdom,2023-09-23,0,1753.29,24722671,67508936
United Kingdom,2023-09-24,13562,1937.43,24736233,67508936
United Kingdom,2023-09-25,0,1937.43,24736233,67508936
United Kingdom,2023-09-26,0,1937.43,24736233,67508936
United Kingdom,2023-09-27,0,1937.43,24736233,67508936
United Kingdom,2023-09-28,0,1937.43,24736233,67508936
United Kingdom,2023-09-29,0,1937.43,24736233,67508936
United Kingdom,2023-09-30,0,1937.43,24736233,67508936
United Kingdom,2023-10-01,17422,2488.86,24753655,67508936
United Kingdom,2023-10-02,0,2488.86,24753655,67508936
United Kingdom,2023-10-03,0,2488.86,24753655,67508936
United Kingdom,2023-10-04,0,2488.86,24753655,67508936
United Kingdom,2023-10-05,0,2488.86,24753655,67508936
United Kingdom,2023-10-06,0,2488.86,24753655,67508936
United Kingdom,2023-10-07,0,2488.86,24753655,67508936
United Kingdom,2023-10-08,17083,2440.43,24770738,67508936
United Kingdom,2023-10-09,0,2440.43,24770738,67508936
United Kingdom,2023-10-10,0,2440.43,24770738,67508936
United Kingdom,2023-10-11,0,2440.43,24770738,67508936
United Kingdom,2023-10-12,0,2440.43,24770738,67508936
United Kingdom,2023-10-13,0,2440.43,24770738,67508936
United Kingdom,2023-10-14,0,2440.43,24770738,67508936
United Kingdom,2023-10-15,13260,1894.29,24783998,67508936
United Kingdom,2023-10-16,0,1894.29,24783998,67508936
United Kingdom,2023-10-17,0,1894.29,24783998,67508936
United Kingdom,2023-10-18,0,1894.29,24783998,67508936
United Kingdom,2023-10-19,0,1894.29,24783998,67508936
United Kingdom,2023-10-20,0,1894.29,24783998,67508936
United Kingdom,2023-10-21,0,1894.29,24783998,67508936
United Kingdom,2023-10-22,9271,1324.43,24793269,67508936
United Kingdom,2023-10-23,0,1324.43,24793269,67508936
United Kingdom,2023-10-24,0,1324.43,24793269,67508936
United Kingdom,2023-10-25,0,1324.43,24793269,67508936
United Kingdom,2023-10-26,0,1324.43,24793269,67508936
United Kingdom,2023-10-27,0,1324.43,24793269,67508936
United Kingdom,2023-10-28,0,1324.43,24793269,67508936
United Kingdom,2023-10-29,7325,1046.43,24800594,67508936
United Kingdom,2023-10-30,0,1046.43,24800594,67508936
United Kingdom,2023-10-31,0,1046.43,24800594,67508936
United Kingdom,2023-11-01,0,1046.43,24800594,67508936
United Kingdom,2023-11-02,0,1046.43,24800594,67508936
United Kingdom,2023-11-03,0,1046.43,24800594,67508936
United Kingdom,2023-11-04,0,1046.43,24800594,67508936
United Kingdom,2023-11-05,6597,942.43,24807191,67508936
United Kingdom,2023-11-06,0,942.43,24807191,67508936
United Kingdom,2023-11-07,0,942.43,24807191,67508936
United Kingdom,2023-11-08,0,942.43,24807191,67508936
United Kingdom,2023-11-09,0,942.43,24807191,67508936
United Kingdom,2023-11-10,0,942.43,24807191,67508936
United Kingdom,2023-11-11,0,942.43,24807191,67508936
United Kingdom,2023-11-12,4868,695.43,24812059,67508936
United Kingdom,2023-11-13,0,695.43,24812059,67508936
United Kingdom,2023-11-14,0,695.43,24812059,67508936
United Kingdom,2023-11-15,0,695.43,24812059,67508936
United Kingdom,2023-11-16,0,695.43,24812059,67508936
United Kingdom,2023-11-17,0,695.43,24812059,67508936
United Kingdom,2023-11-18,0,695.43,24812059,67508936
United Kingdom,2023-11-19,5221,745.86,24817280,67508936
United Kingdom,2023-11-20,0,745.86,24817280,67508936
United Kingdom,2023-11-21,0,745.86,24817280,67508936
United Kingdom,2023-11-22,0,745.86,24817280,67508936
United Kingdom,2023-11-23,0,745.86,24817280,67508936
United Kingdom,2023-11-24,0,745.86,24817280,67508936
United Kingdom,2023-11-25,0,745.86,24817280,67508936
United Kingdom,2023-11-26,4731,675.86,24822011,67508936
United Kingdom,2023-11-27,0,675.86,24822011,67508936
United Kingdom,2023-11-28,0,675.86,24822011,67508936
United Kingdom,2023-11-29,0,675.86,24822011,67508936
United Kingdom,2023-11-30,0,675.86,24822011,67508936
United Kingdom,2023-12-01,0,675.86,24822011,67508936
United Kingdom,2023-12-02,0,675.86,24822011,67508936
United Kingdom,2023-12-03,5389,769.86,24827400,67508936
United Kingdom,2023-12-04,0,769.86,24827400,67508936
United Kingdom,2023-12-05,0,769.86,24827400,67508936
United Kingdom,2023-12-06,0,769.86,24827400,67508936
United Kingdom,2023-12-07,0,769.86,24827400,67508936
United Kingdom,2023-12-08,0,769.86,24827400,67508936
United Kingdom,2023-12-09,0,769.86,24827400,67508936
United Kingdom,2023-12-10,7541,1077.29,24834941,67508936
United Kingdom,2023-12-11,0,1077.29,24834941,67508936
United Kingdom,2023-12-12,0,1077.29,24834941,67508936
United Kingdom,2023-12-13,0,1077.29,24834941,67508936
United Kingdom,2023-12-14,0,1077.29,24834941,67508936
United Kingdom,2023-12-15,0,1077.29,24834941,67508936
United Kingdom,2023-12-16,0,1077.29,24834941,67508936
United Kingdom,2023-12-17,9462,1351.71,24844403,67508936
United Kingdom,2023-12-18,0,1351.71,24844403,67508936
United Kingdom,2023-12-19,0,1351.71,24844403,67508936
United Kingdom,2023-12-20,0,1351.71,24844403,67508936
United Kingdom,2023-12-21,0,1351.71,24844403,67508936
United Kingdom,2023-12-22,0,1351.71,24844403,67508936
United Kingdom,2023-12-23,0,1351.71,24844403,67508936
United Kingdom,2023-12-24,10703,1529.0,24855106,67508936
United Kingdom,2023-12-25,0,1529.0,24855106,67508936
United Kingdom,2023-12-26,0,1529.0,24855106,67508936
United Kingdom,2023-12-27,0,1529.0,24855106,67508936
United Kingdom,2023-12-28,0,1529.0,24855106,67508936
United Kingdom,2023-12-29,0,1529.0,24855106,67508936
United Kingdom,2023-12-30,0,1529.0,24855106,67508936
United Kingdom,2023-12-31,10153,1450.43,24865259,67508936
United Kingdom,2024-01-01,0,1450.43,24865259,67508936
United Kingdom,2024-01-02,0,1450.43,24865259,67508936
United Kingdom,2024-01-03,0,1450.43,24865259,67508936
United Kingdom,2024-01-04,0,1450.43,24865259,67508936
United Kingdom,2024-01-05,0,1450.43,24865259,67508936
United Kingdom,2024-01-06,0,1450.43,24865259,67508936
United Kingdom,2024-01-07,8845,1263.57,24874104,67508936
United Kingdom,2024-01-08,0,1263.57,24874104,67508936
United Kingdom,2024-01-09,0,1263.57,24874104,67508936
United Kingdom,2024-01-10,0,1263.57,24874104,67508936
United Kingdom,2024-01-11,0,1263.57,24874104,67508936
United Kingdom,2024-01-12,0,1263.57,24874104,67508936
United Kingdom,2024-01-13,0,1263.57,24874104,67508936
United Kingdom,2024-01-14,6753,964.71,24880857,67508936
United Kingdom,2024-01-15,0,964.71,24880857,67508936
United Kingdom,2024-01-16,0,964.71,24880857,67508936
United Kingdom,2024-01-17,0,964.71,24880857,67508936
United Kingdom,2024-01-18,0,964.71,24880857,67508936
United Kingdom,2024-01-19,0,964.71,24880857,67508936
United Kingdom,2024-01-20,0,964.71,24880857,67508936
United Kingdom,2024-01-21,6538,934.0,24887395,67508936
United Kingdom,2024-01-22,0,934.0,24887395,67508936
United Kingdom,2024-01-23,0,934.0,24887395,67508936
United Kingdom,2024-01-24,0,934.0,24887395,67508936
United Kingdom,2024-01-25,0,934.0,24887395,67508936
United Kingdom,2024-01-26,0,934.0,24887395,67508936
United Kingdom,2024-01-27,0,934.0,24887395,67508936
United Kingdom,2024-01-28,6597,942.43,24893992,67508936
United Kingdom,2024-01-29,0,942.43,24893992,67508936
United Kingdom,2024-01-30,0,942.43,24893992,67508936
United Kingdom,2024-01-31,0,942.43,24893992,67508936
United Kingdom,2024-02-01,0,942.43,24893992,67508936
United Kingdom,2024-02-02,0,942.43,24893992,67508936
United Kingdom,2024-02-03,0,942.43,24893992,67508936
United Kingdom,2024-02-04,5155,736.43,24899147,67508936
United Kingdom,2024-02-05,0,736.43,24899147,67508936
United Kingdom,2024-02-06,0,736.43,24899147,67508936
United Kingdom,2024-02-07,0,736.43,24899147,67508936
United Kingdom,2024-02-08,0,736.43,24899147,67508936
United Kingdom,2024-02-09,0,736.43,24899147,67508936
United Kingdom,2024-02-10,0,736.43,24899147,67508936
United Kingdom,2024-02-11,4066,580.86,24903213,67508936
United Kingdom,2024-02-12,0,580.86,24903213,67508936
United Kingdom,2024-02-13,0,580.86,24903213,67508936
United Kingdom,2024-02-14,0,580.86,24903213,67508936
United Kingdom,2024-02-15,0,580.86,24903213,67508936
United Kingdom,2024-02-16,0,580.86,24903213,67508936
United Kingdom,2024-02-17,0,580.86,24903213,67508936
United Kingdom,2024-02-18,2877,411.0,24906090,67508936
United Kingdom,2024-02-19,0,411.0,24906090,67508936
United Kingdom,2024-02-20,0,411.0,24906090,67508936
United Kingdom,2024-02-21,0,411.0,24906090,67508936
United Kingdom,2024-02-22,0,411.0,24906090,67508936
United Kingdom,2024-02-23,0,411.0,24906090,67508936
United Kingdom,2024-02-24,0,411.0,24906090,67508936
United Kingdom,2024-02-25,1977,282.43,24908067,67508936
United Kingdom,2024-02-26,0,282.43,24908067,67508936
United Kingdom,2024-02-27,0,282.43,24908067,67508936
United Kingdom,2024-02-28,0,282.43,24908067,67508936
United Kingdom,2024-02-29,0,282.43,24908067,67508936
United Kingdom,2024-03-01,0,282.43,24908067,67508936
United Kingdom,2024-03-02,0,282.43,24908067,67508936
United Kingdom,2024-03-03,1570,224.29,24909637,67508936
United Kingdom,2024-03-04,0,224.29,24909637,67508936
United Kingdom,2024-03-05,0,224.29,24909637,67508936
United Kingdom,2024-03-06,0,224.29,24909637,67508936
United Kingdom,2024-03-07,0,224.29,24909637,67508936
United Kingdom,2024-03-08,0,224.29,24909637,67508936
United Kingdom,2024-03-09,0,224.29,24909637,67508936
United Kingdom,2024-03-10,1603,229.0,24911240,67508936
United Kingdom,2024-03-11,0,229.0,24911240,67508936
United Kingdom,2024-03-12,0,229.0,24911240,67508936
United Kingdom,2024-03-13,0,229.0,24911240,67508936
United Kingdom,2024-03-14,0,229.0,24911240,67508936
United Kingdom,2024-03-15,0,229.0,24911240,67508936
United Kingdom,2024-03-16,0,229.0,24911240,67508936
United Kingdom,2024-03-17,1717,245.29,24912957,67508936
United Kingdom,2024-03-18,0,245.29,24912957,67508936
United Kingdom,2024-03-19,0,245.29,24912957,67508936
United Kingdom,2024-03-20,0,245.29,24912957,67508936
United Kingdom,2024-03-21,0,245.29,24912957,67508936
United Kingdom,2024-03-22,0,245.29,24912957,67508936
United Kingdom,2024-03-23,0,245.29,24912957,67508936
United Kingdom,2024-03-24,1502,214.57,24914459,67508936
United Kingdom,2024-03-25,0,214.57,24914459,67508936
United Kingdom,2024-03-26,0,214.57,24914459,67508936
United Kingdom,2024-03-27,0,214.57,24914459,67508936
United Kingdom,2024-03-28,0,214.57,24914459,67508936
United Kingdom,2024-03-29,0,214.57,24914459,67508936
United Kingdom,2024-03-30,0,214.57,24914459,67508936
United Kingdom,2024-03-31,1456,208.0,24915915,67508936
United Kingdom,2024-04-01,0,208.0,24915915,67508936
United Kingdom,2024-04-02,0,208.0,24915915,67508936
United Kingdom,2024-04-03,0,208.0,24915915,67508936
United Kingdom,2024-04-04,0,208.0,24915915,67508936
United Kingdom,2024-04-05,0,208.0,24915915,67508936
United Kingdom,2024-04-06,0,208.0,24915915,67508936
United Kingdom,2024-04-07,1577,225.29,24917492,67508936
United Kingdom,2024-04-08,0,225.29,24917492,67508936
United Kingdom,2024-04-09,0,225.29,24917492,67508936
United Kingdom,2024-04-10,0,225.29,24917492,67508936
United Kingdom,2024-04-11,0,225.29,24917492,67508936
United Kingdom,2024-04-12,0,225.29,24917492,67508936
United Kingdom,2024-04-13,0,225.29,24917492,67508936
United Kingdom,2024-04-14,1480,211.43,24918972,67508936
United Kingdom,2024-04-15,0,211.43,24918972,67508936
United Kingdom,2024-04-16,0,211.43,24918972,67508936
United Kingdom,2024-04-17,0,211.43,24918972,67508936
United Kingdom,2024-04-18,0,211.43,24918972,67508936
United Kingdom,2024-04-19,0,211.43,24918972,67508936
United Kingdom,2024-04-20,0,211.43,24918972,67508936
United Kingdom,2024-04-21,1625,232.14,24920597,67508936
United Kingdom,2024-04-22,0,232.14,24920597,67508936
United Kingdom,2024-04-23,0,232.14,24920597,67508936
United Kingdom,2024-04-24,0,232.14,24920597,67508936
United Kingdom,2024-04-25,0,232.14,24920597,67508936
United Kingdom,2024-04-26,0,232.14,24920597,67508936
United Kingdom,2024-04-27,0,232.14,24920597,67508936
United Kingdom,2024-04-28,2050,292.86,24922647,67508936
United Kingdom,2024-04-29,0,292.86,24922647,67508936
United Kingdom,2024-04-30,0,292.86,24922647,67508936
United Kingdom,2024-05-01,0,292.86,24922647,67508936
United Kingdom,2024-05-02,0,292.86,24922647,67508936
United Kingdom,2024-05-03,0,292.86,24922647,67508936
United Kingdom,2024-05-04,0,292.86,24922647,67508936
United Kingdom,2024-05-05,2847,406.71,24925494,67508936
United Kingdom,2024-05-06,0,406.71,24925494,67508936
United Kingdom,2024-05-07,0,406.71,24925494,67508936
United Kingdom,2024-05-08,0,406.71,24925494,67508936
United Kingdom,2024-05-09,0,406.71,24925494,67508936
United Kingdom,2024-05-10,0,406.71,24925494,67508936
United Kingdom,2024-05-11,0,406.71,24925494,67508936
United Kingdom,2024-05-12,2949,421.29,24928443,67508936
United Kingdom,2024-05-13,0,421.29,24928443,67508936
United Kingdom,2024-05-14,0,421.29,24928443,67508936
United Kingdom,2024-05-15,0,421.29,24928443,67508936
United Kingdom,2024-05-16,0,421.29,24928443,67508936
United Kingdom,2024-05-17,0,421.29,24928443,67508936
United Kingdom,2024-05-18,0,421.29,24928443,67508936
United Kingdom,2024-05-19,2597,371.0,24931040,67508936
United Kingdom,2024-05-20,0,371.0,24931040,67508936
United Kingdom,2024-05-21,0,371.0,24931040,67508936
United Kingdom,2024-05-22,0,371.0,24931040,67508936
United Kingdom,2024-05-23,0,371.0,24931040,67508936
United Kingdom,2024-05-24,0,371.0,24931040,67508936
United Kingdom,2024-05-25,0,371.0,24931040,67508936
United Kingdom,2024-05-26,2282,326.0,24933322,67508936
United Kingdom,2024-05-27,0,326.0,24933322,67508936
United Kingdom,2024-05-28,0,326.0,24933322,67508936
United Kingdom,2024-05-29,0,326.0,24933322,67508936
United Kingdom,2024-05-30,0,326.0,24933322,67508936
United Kingdom,2024-05-31,0,326.0,24933322,67508936
United Kingdom,2024-06-01,0,326.0,24933322,67508936
United Kingdom,2024-06-02,2413,344.71,24935735,67508936
United Kingdom,2024-06-03,0,344.71,24935735,67508936
United Kingdom,2024-06-04,0,344.71,24935735,67508936
United Kingdom,2024-06-05,0,344.71,24935735,67508936
United Kingdom,2024-06-06,0,344.71,24935735,67508936
United Kingdom,2024-06-07,0,344.71,24935735,67508936
United Kingdom,2024-06-08,0,344.71,24935735,67508936
United Kingdom,2024-06-09,2872,410.29,24938607,67508936
United Kingdom,2024-06-10,0,410.29,24938607,67508936
United Kingdom,2024-06-11,0,410.29,24938607,67508936
United Kingdom,2024-06-12,0,410.29,24938607,67508936
United Kingdom,2024-06-13,0,410.29,24938607,67508936
United Kingdom,2024-06-14,0,410.29,24938607,67508936
United Kingdom,2024-06-15,0,410.29,24938607,67508936
United Kingdom,2024-06-16,3843,549.0,24942450,67508936
United Kingdom,2024-06-17,0,549.0,24942450,67508936
United Kingdom,2024-06-18,0,549.0,24942450,67508936
United Kingdom,2024-06-19,0,549.0,24942450,67508936
United Kingdom,2024-06-20,0,549.0,24942450,67508936
United Kingdom,2024-06-21,0,549.0,24942450,67508936
United Kingdom,2024-06-22,0,549.0,24942450,67508936
United Kingdom,2024-06-23,4843,691.86,24947293,67508936
United Kingdom,2024-06-24,0,691.86,24947293,67508936
United Kingdom,2024-06-25,0,691.86,24947293,67508936
United Kingdom,2024-06-26,0,691.86,24947293,67508936
United Kingdom,2024-06-27,0,691.86,24947293,67508936
United Kingdom,2024-06-28,0,691.86,24947293,67508936
United Kingdom,2024-06-29,0,691.86,24947293,67508936
United Kingdom,2024-06-30,4846,692.29,24952139,67508936
United Kingdom,2024-07-01,0,692.29,24952139,67508936
United Kingdom,2024-07-02,0,692.29,24952139,67508936
United Kingdom,2024-07-03,0,692.29,24952139,67508936
United Kingdom,2024-07-04,0,692.29,24952139,67508936
United Kingdom,2024-07-05,0,692.29,24952139,67508936
United Kingdom,2024-07-06,0,692.29,24952139,67508936
United Kingdom,2024-07-07,4706,672.29,24956845,67508936
United Kingdom,2024-07-08,0,672.29,24956845,67508936
United Kingdom,2024-07-09,0,672.29,24956845,67508936
United Kingdom,2024-07-10,0,672.29,24956845,67508936
United Kingdom,2024-07-11,0,672.29,24956845,67508936
United Kingdom,2024-07-12,0,672.29,24956845,67508936
United Kingdom,2024-07-13,0,672.29,24956845,67508936
United Kingdom,2024-07-14,5215,745.0,24962060,67508936
United Kingdom,2024-07-15,0,745.0,24962060,67508936
United Kingdom,2024-07-16,0,745.0,24962060,67508936
United Kingdom,2024-07-17,0,745.0,24962060,67508936
United Kingdom,2024-07-18,0,745.0,24962060,67508936
United Kingdom,2024-07-19,0,745.0,24962060,67508936
United Kingdom,2024-07-20,0,745.0,24962060,67508936
United Kingdom,2024-07-21,5038,719.71,24967098,67508936
United Kingdom,2024-07-22,0,719.71,24967098,67508936
United Kingdom,2024-07-23,0,719.71,24967098,67508936
United Kingdom,2024-07-24,0,719.71,24967098,67508936
United Kingdom,2024-07-25,0,719.71,24967098,67508936
United Kingdom,2024-07-26,0,719.71,24967098,67508936
United Kingdom,2024-07-27,0,719.71,24967098,67508936
United Kingdom,2024-07-28,4131,590.14,24971229,67508936
United Kingdom,2024-07-29,0,590.14,24971229,67508936
United Kingdom,2024-07-30,0,590.14,24971229,67508936
United Kingdom,2024-07-31,0,590.14,24971229,67508936
United Kingdom,2024-08-01,0,590.14,24971229,67508936
United Kingdom,2024-08-02,0,590.14,24971229,67508936
United Kingdom,2024-08-03,0,590.14,24971229,67508936
United Kingdom,2024-08-04,3400,485.71,24974629,67508936
United States,2020-01-05,0,,0,338289856
United States,2020-01-06,0,,0,338289856
United States,2020-01-07,0,,0,338289856
United States,2020-01-08,0,,0,338289856
United States,2020-01-09,0,,0,338289856
United States,2020-01-10,0,0.0,0,338289856
United States,2020-01-11,0,0.0,0,338289856
United States,2020-01-12,0,0.0,0,338289856
United States,2020-01-13,0,0.0,0,338289856
United States,2020-01-14,0,0.0,0,338289856
United States,2020-01-15,0,0.0,0,338289856
United States,2020-01-16,0,0.0,0,338289856
United States,2020-01-17,0,0.0,0,338289856
United States,2020-01-18,0,0.0,0,338289856
United States,2020-01-19,0,0.0,0,338289856
United States,2020-01-20,0,0.0,0,338289856
United States,2020-01-21,0,0.0,0,338289856
United States,2020-01-22,0,0.0,0,338289856
United States,2020-01-23,0,0.0,0,338289856
United States,2020-01-24,0,0.0,0,338289856
United States,2020-01-25,0,0.0,0,338289856
United States,2020-01-26,7,1.0,7,338289856
United States,2020-01-27,0,1.0,7,338289856
United States,2020-01-28,0,1.0,7,338289856
United States,2020-01-29,0,1.0,7,338289856
United States,2020-01-30,0,1.0,7,338289856
United States,2020-01-31,0,1.0,7,338289856
United States,2020-02-01,0,1.0,7,338289856
United States,2020-02-02,2,0.29,9,338289856
United States,2020-02-03,0,0.29,9,338289856
United States,2020-02-04,0,0.29,9,338289856
United States,2020-02-05,0,0.29,9,338289856
United States,2020-02-06,0,0.29,9,338289856
United States,2020-02-07,0,0.29,9,338289856
United States,2020-02-08,0,0.29,9,338289856
United States,2020-02-09,11,1.57,20,338289856
United States,2020-02-10,0,1.57,20,338289856
United States,2020-02-11,0,1.57,20,338289856
United States,2020-02-12,0,1.57,20,338289856
United States,2020-02-13,0,1.57,20,338289856
United States,2020-02-14,0,1.57,20,338289856
United States,2020-02-15,0,1.57,20,338289856
United States,2020-02-16,4,0.57,24,338289856
United States,2020-02-17,0,0.57,24,338289856
United States,2020-02-18,0,0.57,24,338289856
United States,2020-02-19,0,0.57,24,338289856
United States,2020-02-20,0,0.57,24,338289856
United States,2020-02-21,0,0.57,24,338289856
United States,2020-02-22,0,0.57,24,338289856
United States,2020-02-23,16,2.29,40,338289856
United States,2020-02-24,0,2.29,40,338289856
United States,2020-02-25,0,2.29,40,338289856
United States,2020-02-26,0,2.29,40,338289856
United States,2020-02-27,0,2.29,40,338289856
United States,2020-02-28,0,2.29,40,338289856
United States,2020-02-29,0,2.29,40,338289856
United States,2020-03-01,33,4.71,73,338289856
United States,2020-03-02,0,4.71,73,338289856
United States,2020-03-03,0,4.71,73,338289856
United States,2020-03-04,0,4.71,73,338289856
United States,2020-03-05,0,4.71,73,338289856
United States,2020-03-06,0,4.71,73,338289856
United States,2020-03-07,0,4.71,73,338289856
United States,2020-03-08,391,55.86,464,338289856
United States,2020-03-09,0,55.86,464,338289856
United States,2020-03-10,0,55.86,464,338289856
United States,2020-03-11,0,55.86,464,338289856
United States,2020-03-12,0,55.86,464,338289856
United States,2020-03-13,0,55.86,464,338289856
United States,2020-03-14,0,55.86,464,338289856
United States,2020-03-15,3465,495.0,3929,338289856
United States,2020-03-16,0,495.0,3929,338289856
United States,2020-03-17,0,495.0,3929,338289856
United States,2020-03-18,0,495.0,3929,338289856
United States,2020-03-19,0,495.0,3929,338289856
United States,2020-03-20,0,495.0,3929,338289856
United States,2020-03-21,0,495.0,3929,338289856
United States,2020-03-22,27486,3926.57,31415,338289856
United States,2020-03-23,0,3926.57,31415,338289856
United States,2020-03-24,0,3926.57,31415,338289856
United States,2020-03-25,0,3926.57,31415,338289856
United States,2020-03-26,0,3926.57,31415,338289856
United States,2020-03-27,0,3926.57,31415,338289856
United States,2020-03-28,0,3926.57,31415,338289856
United States,2020-03-29,94894,13556.29,126309,338289856
United States,2020-03-30,0,13556.29,126309,338289856
United States,2020-03-31,0,13556.29,126309,338289856
United States,2020-04-01,0,13556.29,126309,338289856
United States,2020-04-02,0,13556.29,126309,338289856
United States,2020-04-03,0,13556.29,126309,338289856
United States,2020-04-04,0,13556.29,126309,338289856
United States,2020-04-05,176151,25164.43,302460,338289856
United States,2020-04-06,0,25164.43,302460,338289856
United States,2020-04-07,0,25164.43,302460,338289856
United States,2020-04-08,0,25164.43,302460,338289856
United States,2020-04-09,0,25164.43,302460,338289856
United States,2020-04-10,0,25164.43,302460,338289856
United States,2020-04-11,0,25164.43,302460,338289856
United States,2020-04-12,219172,31310.29,521632,338289856
United States,2020-04-13,0,31310.29,521632,338289856
United States,2020-04-14,0,31310.29,521632,338289856
United States,2020-04-15,0,31310.29,521632,338289856
United States,2020-04-16,0,31310.29,521632,338289856
United States,2020-04-17,0,31310.29,521632,338289856
United States,2020-04-18,0,31310.29,521632,338289856
United States,2020-04-19,196150,28021.43,717782,338289856
United States,2020-04-20,0,28021.43,717782,338289856
United States,2020-04-21,0,28021.43,717782,338289856
United States,2020-04-22,0,28021.43,717782,338289856
United States,2020-04-23,0,28021.43,717782,338289856
United States,2020-04-24,0,28021.43,717782,338289856
United States,2020-04-25,0,28021.43,717782,338289856
United States,2020-04-26,205165,29309.29,922947,338289856
United States,2020-04-27,0,29309.29,922947,338289856
United States,2020-04-28,0,29309.29,922947,338289856
United States,2020-04-29,0,29309.29,922947,338289856
United States,2020-04-30,0,29309.29,922947,338289856
United States,2020-05-01,0,29309.29,922947,338289856
United States,2020-05-02,0,29309.29,922947,338289856
United States,2020-05-03,198436,28348.0,1121383,338289856
United States,2020-05-04,0,28348.0,1121383,338289856
United States,2020-05-05,0,28348.0,1121383,338289856
United States,2020-05-06,0,28348.0,1121383,338289856
United States,2020-05-07,0,28348.0,1121383,338289856
United States,2020-05-08,0,28348.0,1121383,338289856
United States,2020-05-09,0,28348.0,1121383,338289856
United States,2020-05-10,182246,26035.14,1303629,338289856
United States,2020-05-11,0,26035.14,1303629,338289856
United States,2020-05-12,0,26035.14,1303629,338289856
United States,2020-05-13,0,26035.14,1303629,338289856
United States,2020-05-14,0,26035.14,1303629,338289856
United States,2020-05-15,0,26035.14,1303629,338289856
United States,2020-05-16,0,26035.14,1303629,338289856
United States,2020-05-17,169032,24147.43,1472661,338289856
United States,2020-05-18,0,24147.43,1472661,338289856
United States,2020-05-19,0,24147.43,1472661,338289856
United States,2020-05-20,0,24147.43,1472661,338289856
United States,2020-05-21,0,24147.43,1472661,338289856
United States,2020-05-22,0,24147.43,1472661,338289856
United States,2020-05-23,0,24147.43,1472661,338289856
United States,2020-05-24,166325,23760.71,1638986,338289856
United States,2020-05-25,0,23760.71,1638986,338289856
United States,2020-05-26,0,23760.71,1638986,338289856
United States,2020-05-27,0,23760.71,1638986,338289856
United States,2020-05-28,0,23760.71,1638986,338289856
United States,2020-05-29,0,23760.71,1638986,338289856
United States,2020-05-30,0,23760.71,1638986,338289856
United States,2020-05-31,146436,20919.43,1785422,338289856
United States,2020-06-01,0,20919.43,1785422,338289856
United States,2020-06-02,0,20919.43,1785422,338289856
United States,2020-06-03,0,20919.43,1785422,338289856
United States,2020-06-04,0,20919.43,1785422,338289856
United States,2020-06-05,0,20919.43,1785422,338289856
United States,2020-06-06,0,20919.43,1785422,338289856
United States,2020-06-07,149780,21397.14,1935202,338289856
United States,2020-06-08,0,21397.14,1935202,338289856
United States,2020-06-09,0,21397.14,1935202,338289856
United States,2020-06-10,0,21397.14,1935202,338289856
United States,2020-06-11,0,21397.14,1935202,338289856
United States,2020-06-12,0,21397.14,1935202,338289856
United States,2020-06-13,0,21397.14,1935202,338289856
United States,2020-06-14,151876,21696.57,2087078,338289856
United States,2020-06-15,0,21696.57,2087078,338289856
United States,2020-06-16,0,21696.57,2087078,338289856
United States,2020-06-17,0,21696.57,2087078,338289856
United States,2020-06-18,0,21696.57,2087078,338289856
United States,2020-06-19,0,21696.57,2087078,338289856
United States,2020-06-20,0,21696.57,2087078,338289856
United States,2020-06-21,180021,25717.29,2267099,338289856
United States,2020-06-22,0,25717.29,2267099,338289856
United States,2020-06-23,0,25717.29,2267099,338289856
United States,2020-06-24,0,25717.29,2267099,338289856
United States,2020-06-25,0,25717.29,2267099,338289856
United States,2020-06-26,0,25717.29,2267099,338289856
United States,2020-06-27,0,25717.29,2267099,338289856
United States,2020-06-28,258278,36896.86,2525377,338289856
United States,2020-06-29,0,36896.86,2525377,338289856
United States,2020-06-30,0,36896.86,2525377,338289856
United States,2020-07-01,0,36896.86,2525377,338289856
United States,2020-07-02,0,36896.86,2525377,338289856
United States,2020-07-03,0,36896.86,2525377,338289856
United States,2020-07-04,0,36896.86,2525377,338289856
United States,2020-07-05,342166,48880.86,2867543,338289856
United States,2020-07-06,0,48880.86,2867543,338289856
United States,2020-07-07,0,48880.86,2867543,338289856
United States,2020-07-08,0,48880.86,2867543,338289856
United States,2020-07-09,0,48880.86,2867543,338289856
United States,2020-07-10,0,48880.86,2867543,338289856
United States,2020-07-11,0,48880.86,2867543,338289856
United States,2020-07-12,392205,56029.29,3259748,338289856
United States,2020-07-13,0,56029.29,3259748,338289856
United States,2020-07-14,0,56029.29,3259748,338289856
United States,2020-07-15,0,56029.29,3259748,338289856
United States,2020-07-16,0,56029.29,3259748,338289856
United States,2020-07-17,0,56029.29,3259748,338289856
United States,2020-07-18,0,56029.29,3259748,338289856
United States,2020-07-19,466267,66609.57,3726015,338289856
United States,2020-07-20,0,66609.57,3726015,338289856
United States,2020-07-21,0,66609.57,3726015,338289856
United States,2020-07-22,0,66609.57,3726015,338289856
United States,2020-07-23,0,66609.57,3726015,338289856
United States,2020-07-24,0,66609.57,3726015,338289856
United States,2020-07-25,0,66609.57,3726015,338289856
United States,2020-07-26,467901,66843.0,4193916,338289856
United States,2020-07-27,0,66843.0,4193916,338289856
United States,2020-07-28,0,66843.0,4193916,338289856
United States,2020-07-29,0,66843.0,4193916,338289856
United States,2020-07-30,0,66843.0,4193916,338289856
United States,2020-07-31,0,66843.0,4193916,338289856
United States,2020-08-01,0,66843.0,4193916,338289856
United States,2020-08-02,431250,61607.14,4625166,338289856
United States,2020-08-03,0,61607.14,4625166,338289856
United States,2020-08-04,0,61607.14,4625166,338289856
United States,2020-08-05,0,61607.14,4625166,338289856
United States,2020-08-06,0,61607.14,4625166,338289856
United States,2020-08-07,0,61607.14,4625166,338289856
United States,2020-08-08,0,61607.14,4625166,338289856
United States,2020-08-09,375909,53701.29,5001075,338289856
United States,2020-08-10,0,53701.29,5001075,338289856
United States,2020-08-11,0,53701.29,5001075,338289856
United States,2020-08-12,0,53701.29,5001075,338289856
United States,2020-08-13,0,53701.29,5001075,338289856
United States,2020-08-14,0,53701.29,5001075,338289856
United States,2020-08-15,0,53701.29,5001075,338289856
United States,2020-08-16,362662,51808.86,5363737,338289856
United States,2020-08-17,0,51808.86,5363737,338289856
United States,2020-08-18,0,51808.86,5363737,338289856
United States,2020-08-19,0,51808.86,5363737,338289856
United States,2020-08-20,0,51808.86,5363737,338289856
United States,2020-08-21,0,51808.86,5363737,338289856
United States,2020-08-22,0,51808.86,5363737,338289856
United States,2020-08-23,315788,45112.57,5679525,338289856
United States,2020-08-24,0,45112.57,5679525,338289856
United States,2020-08-25,0,45112.57,5679525,338289856
United States,2020-08-26,0,45112.57,5679525,338289856
United States,2020-08-27,0,45112.57,5679525,338289856
United States,2020-08-28,0,45112.57,5679525,338289856
United States,2020-08-29,0,45112.57,5679525,338289856
United States,2020-08-30,294946,42135.14,5974471,338289856
United States,2020-08-31,0,42135.14,5974471,338289856
United States,2020-09-01,0,42135.14,5974471,338289856
United States,2020-09-02,0,42135.14,5974471,338289856
United States,2020-09-03,0,42135.14,5974471,338289856
United States,2020-09-04,0,42135.14,5974471,338289856
United States,2020-09-05,0,42135.14,5974471,338289856
United States,2020-09-06,295253,42179.0,6269724,338289856
United States,2020-09-07,0,42179.0,6269724,338289856
United States,2020-09-08,0,42179.0,6269724,338289856
United States,2020-09-09,0,42179.0,6269724,338289856
United States,2020-09-10,0,42179.0,6269724,338289856
United States,2020-09-11,0,42179.0,6269724,338289856
United States,2020-09-12,0,42179.0,6269724,338289856
United States,2020-09-13,245621,35088.71,6515345,338289856
United States,2020-09-14,0,35088.71,6515345,338289856
United States,2020-09-15,0,35088.71,6515345,338289856
United States,2020-09-16,0,35088.71,6515345,338289856
United States,2020-09-17,0,35088.71,6515345,338289856
United States,2020-09-18,0,35088.71,6515345,338289856
United States,2020-09-19,0,35088.71,6515345,338289856
United States,2020-09-20,280977,40139.57,6796322,338289856
United States,2020-09-21,0,40139.57,6796322,338289856
United States,2020-09-22,0,40139.57,6796322,338289856
United States,2020-09-23,0,40139.57,6796322,338289856
United States,2020-09-24,0,40139.57,6796322,338289856
United States,2020-09-25,0,40139.57,6796322,338289856
United States,2020-09-26,0,40139.57,6796322,338289856
United States,2020-09-27,304774,43539.14,7101096,338289856
United States,2020-09-28,0,43539.14,7101096,338289856
United States,2020-09-29,0,43539.14,7101096,338289856
United States,2020-09-30,0,43539.14,7101096,338289856
United States,2020-10-01,0,43539.14,7101096,338289856
United States,2020-10-02,0,43539.14,7101096,338289856
United States,2020-10-03,0,43539.14,7101096,338289856
United States,2020-10-04,298348,42621.14,7399444,338289856
United States,2020-10-05,0,42621.14,7399444,338289856
United States,2020-10-06,0,42621.14,7399444,338289856
United States,2020-10-07,0,42621.14,7399444,338289856
United States,2020-10-08,0,42621.14,7399444,338289856
United States,2020-10-09,0,42621.14,7399444,338289856
United States,2020-10-10,0,42621.14,7399444,338289856
United States,2020-10-11,334249,47749.86,7733693,338289856
United States,2020-10-12,0,47749.86,7733693,338289856
United States,2020-10-13,0,47749.86,7733693,338289856
United States,2020-10-14,0,47749.86,7733693,338289856
United States,2020-10-15,0,47749.86,7733693,338289856
United States,2020-10-16,0,47749.86,7733693,338289856
United States,2020-10-17,0,47749.86,7733693,338289856
United States,2020-10-18,387634,55376.29,8121327,338289856
United States,2020-10-19,0,55376.29,8121327,338289856
United States,2020-10-20,0,55376.29,8121327,338289856
United States,2020-10-21,0,55376.29,8121327,338289856
United States,2020-10-22,0,55376.29,8121327,338289856
United States,2020-10-23,0,55376.29,8121327,338289856
United States,2020-10-24,0,55376.29,8121327,338289856
United States,2020-10-25,449438,64205.43,8570765,338289856
United States,2020-10-26,0,64205.43,8570765,338289856
United States,2020-10-27,0,64205.43,8570765,338289856
United States,2020-10-28,0,64205.43,8570765,338289856
United States,2020-10-29,0,64205.43,8570765,338289856
United States,2020-10-30,0,64205.43,8570765,338289856
United States,2020-10-31,0,64205.43,8570765,338289856
United States,2020-11-01,559394,79913.43,9130159,338289856
United States,2020-11-02,0,79913.43,9130159,338289856
United States,2020-11-03,0,79913.43,9130159,338289856
United States,2020-11-04,0,79913.43,9130159,338289856
United States,2020-11-05,0,79913.43,9130159,338289856
United States,2020-11-06,0,79913.43,9130159,338289856
United States,2020-11-07,0,79913.43,9130159,338289856
United States,2020-11-08,790094,112870.57,9920253,338289856
United States,2020-11-09,0,112870.57,9920253,338289856
United States,2020-11-10,0,112870.57,9920253,338289856
United States,2020-11-11,0,112870.57,9920253,338289856
United States,2020-11-12,0,112870.57,9920253,338289856
United States,2020-11-13,0,112870.57,9920253,338289856
United States,2020-11-14,0,112870.57,9920253,338289856
United States,2020-11-15,1004845,143549.29,10925098,338289856
United States,2020-11-16,0,143549.29,10925098,338289856
United States,2020-11-17,0,143549.29,10925098,338289856
United States,2020-11-18,0,143549.29,10925098,338289856
United States,2020-11-19,0,143549.29,10925098,338289856
United States,2020-11-20,0,143549.29,10925098,338289856
United States,2020-11-21,0,143549.29,10925098,338289856
United States,2020-11-22,1175483,167926.14,12100581,338289856
United States,2020-11-23,0,167926.14,12100581,338289856
United States,2020-11-24,0,167926.14,12100581,338289856
United States,2020-11-25,0,167926.14,12100581,338289856
United States,2020-11-26,0,167926.14,12100581,338289856
United States,2020-11-27,0,167926.14,12100581,338289856
United States,2020-11-28,0,167926.14,12100581,338289856
United States,2020-11-29,1162401,166057.29,13262982,338289856
United States,2020-11-30,0,166057.29,13262982,338289856
United States,2020-12-01,0,166057.29,13262982,338289856
United States,2020-12-02,0,166057.29,13262982,338289856
United States,2020-12-03,0,166057.29,13262982,338289856
United States,2020-12-04,0,166057.29,13262982,338289856
United States,2020-12-05,0,166057.29,13262982,338289856
United States,2020-12-06,1280932,182990.29,14543914,338289856
United States,2020-12-07,0,182990.29,14543914,338289856
United States,2020-12-08,0,182990.29,14543914,338289856
United States,2020-12-09,0,182990.29,14543914,338289856
United States,2020-12-10,0,182990.29,14543914,338289856
United States,2020-12-11,0,182990.29,14543914,338289856
United States,2020-12-12,0,182990.29,14543914,338289856
United States,2020-12-13,1468482,209783.14,16012396,338289856
United States,2020-12-14,0,209783.14,16012396,338289856
United States,2020-12-15,0,209783.14,16012396,338289856
United States,2020-12-16,0,209783.14,16012396,338289856
United States,2020-12-17,0,209783.14,16012396,338289856
United States,2020-12-18,0,209783.14,16012396,338289856
United States,2020-12-19,0,209783.14,16012396,338289856
United States,2020-12-20,1517928,216846.86,17530324,338289856
United States,2020-12-21,0,216846.86,17530324,338289856
United States,2020-12-22,0,216846.86,17530324,338289856
United States,2020-12-23,0,216846.86,17530324,338289856
United States,2020-12-24,0,216846.86,17530324,338289856
United States,2020-12-25,0,216846.86,17530324,338289856
United States,2020-12-26,0,216846.86,17530324,338289856
United States,2020-12-27,1360122,194303.14,18890446,338289856
United States,2020-12-28,0,194303.14,18890446,338289856
United States,2020-12-29,0,194303.14,18890446,338289856
United States,2020-12-30,0,194303.14,18890446,338289856
United States,2020-12-31,0,194303.14,18890446,338289856
United States,2021-01-01,0,194303.14,18890446,338289856
United States,2021-01-02,0,194303.14,18890446,338289856
United States,2021-01-03,1380995,197285.0,20271441,338289856
United States,2021-01-04,0,197285.0,20271441,338289856
United States,2021-01-05,0,197285.0,20271441,338289856
United States,2021-01-06,0,197285.0,20271441,338289856
United States,2021-01-07,0,197285.0,20271441,338289856
United States,2021-01-08,0,197285.0,20271441,338289856
United States,2021-01-09,0,197285.0,20271441,338289856
United States,2021-01-10,1667151,238164.43,21938592,338289856
United States,2021-01-11,0,238164.43,21938592,338289856
United States,2021-01-12,0,238164.43,21938592,338289856
United States,2021-01-13,0,238164.43,21938592,338289856
United States,2021-01-14,0,238164.43,21938592,338289856
United States,2021-01-15,0,238164.43,21938592,338289856
United States,2021-01-16,0,238164.43,21938592,338289856
United States,2021-01-17,1589955,227136.43,23528547,338289856
United States,2021-01-18,0,227136.43,23528547,338289856
United States,2021-01-19,0,227136.43,23528547,338289856
United States,2021-01-20,0,227136.43,23528547,338289856
United States,2021-01-21,0,227136.43,23528547,338289856
United States,2021-01-22,0,227136.43,23528547,338289856
United States,2021-01-23,0,227136.43,23528547,338289856
United States,2021-01-24,1265861,180837.29,24794408,338289856
United States,2021-01-25,0,180837.29,24794408,338289856
United States,2021-01-26,0,180837.29,24794408,338289856
United States,2021-01-27,0,180837.29,24794408,338289856
United States,2021-01-28,0,180837.29,24794408,338289856
United States,2021-01-29,0,180837.29,24794408,338289856
United States,2021-01-30,0,180837.29,24794408,338289856
United States,2021-01-31,1068625,152660.71,25863033,338289856
United States,2021-02-01,0,152660.71,25863033,338289856
United States,2021-02-02,0,152660.71,25863033,338289856
United States,2021-02-03,0,152660.71,25863033,338289856
United States,2021-02-04,0,152660.71,25863033,338289856
United States,2021-02-05,0,152660.71,25863033,338289856
United States,2021-02-06,0,152660.71,25863033,338289856
United States,2021-02-07,857250,122464.29,26720283,338289856
United States,2021-02-08,0,122464.29,26720283,338289856
United States,2021-02-09,0,122464.29,26720283,338289856
United States,2021-02-10,0,122464.29,26720283,338289856
United States,2021-02-11,0,122464.29,26720283,338289856
United States,2021-02-12,0,122464.29,26720283,338289856
United States,2021-02-13,0,122464.29,26720283,338289856
United States,2021-02-14,670572,95796.0,27390855,338289856
United States,2021-02-15,0,95796.0,27390855,338289856
United States,2021-02-16,0,95796.0,27390855,338289856
United States,2021-02-17,0,95796.0,27390855,338289856
United States,2021-02-18,0,95796.0,27390855,338289856
United States,2021-02-19,0,95796.0,27390855,338289856
United States,2021-02-20,0,95796.0,27390855,338289856
United States,2021-02-21,473485,67640.71,27864340,338289856
United States,2021-02-22,0,67640.71,27864340,338289856
United States,2021-02-23,0,67640.71,27864340,338289856
United States,2021-02-24,0,67640.71,27864340,338289856
United States,2021-02-25,0,67640.71,27864340,338289856
United States,2021-02-26,0,67640.71,27864340,338289856
United States,2021-02-27,0,67640.71,27864340,338289856
United States,2021-02-28,465751,66535.86,28330091,338289856
United States,2021-03-01,0,66535.86,28330091,338289856
United States,2021-03-02,0,66535.86,28330091,338289856
United States,2021-03-03,0,66535.86,28330091,338289856
United States,2021-03-04,0,66535.86,28330091,338289856
United States,2021-03-05,0,66535.86,28330091,338289856
United States,2021-03-06,0,66535.86,28330091,338289856
United States,2021-03-07,420739,60105.57,28750830,338289856
United States,2021-03-08,0,60105.57,28750830,338289856
United States,2021-03-09,0,60105.57,28750830,338289856
United States,2021-03-10,0,60105.57,28750830,338289856
United States,2021-03-11,0,60105.57,28750830,338289856
United States,2021-03-12,0,60105.57,28750830,338289856
United States,2021-03-13,0,60105.57,28750830,338289856
United States,2021-03-14,384000,54857.14,29134830,338289856
United States,2021-03-15,0,54857.14,29134830,338289856
United States,2021-03-16,0,54857.14,29134830,338289856
United States,2021-03-17,0,54857.14,29134830,338289856
United States,2021-03-18,0,54857.14,29134830,338289856
United States,2021-03-19,0,54857.14,29134830,338289856
United States,2021-03-20,0,54857.14,29134830,338289856
United States,2021-03-21,379551,54221.57,29514381,338289856
United States,2021-03-22,0,54221.57,29514381,338289856
United States,2021-03-23,0,54221.57,29514381,338289856
United States,2021-03-24,0,54221.57,29514381,338289856
United States,2021-03-25,0,54221.57,29514381,338289856
United States,2021-03-26,0,54221.57,29514381,338289856
United States,2021-03-27,0,54221.57,29514381,338289856
United States,2021-03-28,417818,59688.29,29932199,338289856
United States,2021-03-29,0,59688.29,29932199,338289856
United States,2021-03-30,0,59688.29,29932199,338289856
United States,2021-03-31,0,59688.29,29932199,338289856
United States,2021-04-01,0,59688.29,29932199,338289856
United States,2021-04-02,0,59688.29,29932199,338289856
United States,2021-04-03,0,59688.29,29932199,338289856
United States,2021-04-04,449960,64280.0,30382159,338289856
United States,2021-04-05,0,64280.0,30382159,338289856
United States,2021-04-06,0,64280.0,30382159,338289856
United States,2021-04-07,0,64280.0,30382159,338289856
United States,2021-04-08,0,64280.0,30382159,338289856
United States,2021-04-09,0,64280.0,30382159,338289856
United States,2021-04-10,0,64280.0,30382159,338289856
United States,2021-04-11,455950,65135.71,30838109,338289856
United States,2021-04-12,0,65135.71,30838109,338289856
United States,2021-04-13,0,65135.71,30838109,338289856
United States,2021-04-14,0,65135.71,30838109,338289856
United States,2021-04-15,0,65135.71,30838109,338289856
United States,2021-04-16,0,65135.71,30838109,338289856
United States,2021-04-17,0,65135.71,30838109,338289856
United States,2021-04-18,467217,66745.29,31305326,338289856
United States,2021-04-19,0,66745.29,31305326,338289856
United States,2021-04-20,0,66745.29,31305326,338289856
United States,2021-04-21,0,66745.29,31305326,338289856
United States,2021-04-22,0,66745.29,31305326,338289856
United States,2021-04-23,0,66745.29,31305326,338289856
United States,2021-04-24,0,66745.29,31305326,338289856
United States,2021-04-25,406095,58013.57,31711421,338289856
United States,2021-04-26,0,58013.57,31711421,338289856
United States,2021-04-27,0,58013.57,31711421,338289856
United States,2021-04-28,0,58013.57,31711421,338289856
United States,2021-04-29,0,58013.57,31711421,338289856
United States,2021-04-30,0,58013.57,31711421,338289856
United States,2021-05-01,0,58013.57,31711421,338289856
United States,2021-05-02,338407,48343.86,32049828,338289856
United States,2021-05-03,0,48343.86,32049828,338289856
United States,2021-05-04,0,48343.86,32049828,338289856
United States,2021-05-05,0,48343.86,32049828,338289856
United States,2021-05-06,0,48343.86,32049828,338289856
United States,2021-05-07,0,48343.86,32049828,338289856
United States,2021-05-08,0,48343.86,32049828,338289856
United States,2021-05-09,292324,41760.57,32342152,338289856
United States,2021-05-10,0,41760.57,32342152,338289856
United States,2021-05-11,0,41760.57,32342152,338289856
United States,2021-05-12,0,41760.57,32342152,338289856
United States,2021-05-13,0,41760.57,32342152,338289856
United States,2021-05-14,0,41760.57,32342152,338289856
United States,2021-05-15,0,41760.57,32342152,338289856
United States,2021-05-16,233350,33335.71,32575502,338289856
United States,2021-05-17,0,33335.71,32575502,338289856
United States,2021-05-18,0,33335.71,32575502,338289856
United States,2021-05-19,0,33335.71,32575502,338289856
United States,2021-05-20,0,33335.71,32575502,338289856
United States,2021-05-21,0,33335.71,32575502,338289856
United States,2021-05-22,0,33335.71,32575502,338289856
United States,2021-05-23,181609,25944.14,32757111,338289856
United States,2021-05-24,0,25944.14,32757111,338289856
United States,2021-05-25,0,25944.14,32757111,338289856
United States,2021-05-26,0,25944.14,32757111,338289856
United States,2021-05-27,0,25944.14,32757111,338289856
United States,2021-05-28,0,25944.14,32757111,338289856
United States,2021-05-29,0,25944.14,32757111,338289856
United States,2021-05-30,147811,21115.86,32904922,338289856
United States,2021-05-31,0,21115.86,32904922,338289856
United States,2021-06-01,0,21115.86,32904922,338289856
United States,2021-06-02,0,21115.86,32904922,338289856
United States,2021-06-03,0,21115.86,32904922,338289856
United States,2021-06-04,0,21115.86,32904922,338289856
United States,2021-06-05,0,21115.86,32904922,338289856
United States,2021-06-06,99112,14158.86,33004034,338289856
United States,2021-06-07,0,14158.86,33004034,338289856
United States,2021-06-08,0,14158.86,33004034,338289856
United States,2021-06-09,0,14158.86,33004034,338289856
United States,2021-06-10,0,14158.86,33004034,338289856
United States,2021-06-11,0,14158.86,33004034,338289856
United States,2021-06-12,0,14158.86,33004034,338289856
United States,2021-06-13,99565,14223.57,33103599,338289856
United States,2021-06-14,0,14223.57,33103599,338289856
United States,2021-06-15,0,14223.57,33103599,338289856
United States,2021-06-16,0,14223.57,33103599,338289856
United States,2021-06-17,0,14223.57,33103599,338289856
United States,2021-06-18,0,14223.57,33103599,338289856
United States,2021-06-19,0,14223.57,33103599,338289856
United States,2021-06-20,80627,11518.14,33184226,338289856
United States,2021-06-21,0,11518.14,33184226,338289856
United States,2021-06-22,0,11518.14,33184226,338289856
United States,2021-06-23,0,11518.14,33184226,338289856
United States,2021-06-24,0,11518.14,33184226,338289856
United States,2021-06-25,0,11518.14,33184226,338289856
United States,2021-06-26,0,11518.14,33184226,338289856
United States,2021-06-27,87637,12519.57,33271863,338289856
United States,2021-06-28,0,12519.57,33271863,338289856
United States,2021-06-29,0,12519.57,33271863,338289856
United States,2021-06-30,0,12519.57,33271863,338289856
United States,2021-07-01,0,12519.57,33271863,338289856
United States,2021-07-02,0,12519.57,33271863,338289856
United States,2021-07-03,0,12519.57,33271863,338289856
United States,2021-07-04,97037,13862.43,33368900,338289856
United States,2021-07-05,0,13862.43,33368900,338289856
United States,2021-07-06,0,13862.43,33368900,338289856
United States,2021-07-07,0,13862.43,33368900,338289856
United States,2021-07-08,0,13862.43,33368900,338289856
United States,2021-07-09,0,13862.43,33368900,338289856
United States,2021-07-10,0,13862.43,33368900,338289856
United States,2021-07-11,286510,40930.0,33655410,338289856
United States,2021-07-12,0,40930.0,33655410,338289856
United States,2021-07-13,0,40930.0,33655410,338289856
United States,2021-07-14,0,40930.0,33655410,338289856
United States,2021-07-15,0,40930.0,33655410,338289856
United States,2021-07-16,0,40930.0,33655410,338289856
United States,2021-07-17,0,40930.0,33655410,338289856
United States,2021-07-18,222579,31797.0,33877989,338289856
United States,2021-07-19,0,31797.0,33877989,338289856
United States,2021-07-20,0,31797.0,33877989,338289856
United States,2021-07-21,0,31797.0,33877989,338289856
United States,2021-07-22,0,31797.0,33877989,338289856
United States,2021-07-23,0,31797.0,33877989,338289856
United States,2021-07-24,0,31797.0,33877989,338289856
United States,2021-07-25,359027,51289.57,34237016,338289856
United States,2021-07-26,0,51289.57,34237016,338289856
United States,2021-07-27,0,51289.57,34237016,338289856
United States,2021-07-28,0,51289.57,34237016,338289856
United States,2021-07-29,0,51289.57,34237016,338289856
United States,2021-07-30,0,51289.57,34237016,338289856
United States,2021-07-31,0,51289.57,34237016,338289856
United States,2021-08-01,547086,78155.14,34784102,338289856
United States,2021-08-02,0,78155.14,34784102,338289856
United States,2021-08-03,0,78155.14,34784102,338289856
United States,2021-08-04,0,78155.14,34784102,338289856
United States,2021-08-05,0,78155.14,34784102,338289856
United States,2021-08-06,0,78155.14,34784102,338289856
United States,2021-08-07,0,78155.14,34784102,338289856
United States,2021-08-08,743056,106150.86,35527158,338289856
United States,2021-08-09,0,106150.86,35527158,338289856
United States,2021-08-10,0,106150.86,35527158,338289856
United States,2021-08-11,0,106150.86,35527158,338289856
United States,2021-08-12,0,106150.86,35527158,338289856
United States,2021-08-13,0,106150.86,35527158,338289856
United States,2021-08-14,0,106150.86,35527158,338289856
United States,2021-08-15,886464,126637.71,36413622,338289856
United States,2021-08-16,0,126637.71,36413622,338289856
United States,2021-08-17,0,126637.71,36413622,338289856
United States,2021-08-18,0,126637.71,36413622,338289856
United States,2021-08-19,0,126637.71,36413622,338289856
United States,2021-08-20,0,126637.71,36413622,338289856
United States,2021-08-21,0,126637.71,36413622,338289856
United States,2021-08-22,1019966,145709.43,37433588,338289856
United States,2021-08-23,0,145709.43,37433588,338289856
United States,2021-08-24,0,145709.43,37433588,338289856
United States,2021-08-25,0,145709.43,37433588,338289856
United States,2021-08-26,0,145709.43,37433588,338289856
United States,2021-08-27,0,145709.43,37433588,338289856
United States,2021-08-28,0,145709.43,37433588,338289856
United States,2021-08-29,1094890,156412.86,38528478,338289856
United States,2021-08-30,0,156412.86,38528478,338289856
United States,2021-08-31,0,156412.86,38528478,338289856
United States,2021-09-01,0,156412.86,38528478,338289856
United States,2021-09-02,0,156412.86,38528478,338289856
United States,2021-09-03,0,156412.86,38528478,338289856
United States,2021-09-04,0,156412.86,38528478,338289856
United States,2021-09-05,1144251,163464.43,39672729,338289856
United States,2021-09-06,0,163464.43,39672729,338289856
United States,2021-09-07,0,163464.43,39672729,338289856
United States,2021-09-08,0,163464.43,39672729,338289856
United States,2021-09-09,0,163464.43,39672729,338289856
United States,2021-09-10,0,163464.43,39672729,338289856
United States,2021-09-11,0,163464.43,39672729,338289856
United States,2021-09-12,1022570,146081.43,40695299,338289856
United States,2021-09-13,0,146081.43,40695299,338289856
United States,2021-09-14,0,146081.43,40695299,338289856
United States,2021-09-15,0,146081.43,40695299,338289856
United States,2021-09-16,0,146081.43,40695299,338289856
United States,2021-09-17,0,146081.43,40695299,338289856
United States,2021-09-18,0,146081.43,40695299,338289856
United States,2021-09-19,1037454,148207.71,41732753,338289856
United States,2021-09-20,0,148207.71,41732753,338289856
United States,2021-09-21,0,148207.71,41732753,338289856
United States,2021-09-22,0,148207.71,41732753,338289856
United States,2021-09-23,0,148207.71,41732753,338289856
United States,2021-09-24,0,148207.71,41732753,338289856
United States,2021-09-25,0,148207.71,41732753,338289856
United States,2021-09-26,852294,121756.29,42585047,338289856
United States,2021-09-27,0,121756.29,42585047,338289856
United States,2021-09-28,0,121756.29,42585047,338289856
United States,2021-09-29,0,121756.29,42585047,338289856
United States,2021-09-30,0,121756.29,42585047,338289856
United States,2021-10-01,0,121756.29,42585047,338289856
United States,2021-10-02,0,121756.29,42585047,338289856
United States,2021-10-03,755688,107955.43,43340735,338289856
United States,2021-10-04,0,107955.43,43340735,338289856
United States,2021-10-05,0,107955.43,43340735,338289856
United States,2021-10-06,0,107955.43,43340735,338289856
United States,2021-10-07,0,107955.43,43340735,338289856
United States,2021-10-08,0,107955.43,43340735,338289856
United States,2021-10-09,0,107955.43,43340735,338289856
United States,2021-10-10,681984,97426.29,44022719,338289856
United States,2021-10-11,0,97426.29,44022719,338289856
United States,2021-10-12,0,97426.29,44022719,338289856
United States,2021-10-13,0,97426.29,44022719,338289856
United States,2021-10-14,0,97426.29,44022719,338289856
United States,2021-10-15,0,97426.29,44022719,338289856
United States,2021-10-16,0,97426.29,44022719,338289856
United States,2021-10-17,582237,83176.71,44604956,338289856
United States,2021-10-18,0,83176.71,44604956,338289856
United States,2021-10-19,0,83176.71,44604956,338289856
United States,2021-10-20,0,83176.71,44604956,338289856
United States,2021-10-21,0,83176.71,44604956,338289856
United States,2021-10-22,0,83176.71,44604956,338289856
United States,2021-10-23,0,83176.71,44604956,338289856
United States,2021-10-24,508543,72649.0,45113499,338289856
United States,2021-10-25,0,72649.0,45113499,338289856
United States,2021-10-26,0,72649.0,45113499,338289856
United States,2021-10-27,0,72649.0,45113499,338289856
United States,2021-10-28,0,72649.0,45113499,338289856
United States,2021-10-29,0,72649.0,45113499,338289856
United States,2021-10-30,0,72649.0,45113499,338289856
United States,2021-10-31,526186,75169.43,45639685,338289856
United States,2021-11-01,0,75169.43,45639685,338289856
United States,2021-11-02,0,75169.43,45639685,338289856
United States,2021-11-03,0,75169.43,45639685,338289856
United States,2021-11-04,0,75169.43,45639685,338289856
United States,2021-11-05,0,75169.43,45639685,338289856
United States,2021-11-06,0,75169.43,45639685,338289856
United States,2021-11-07,510211,72887.29,46149896,338289856
United States,2021-11-08,0,72887.29,46149896,338289856
United States,2021-11-09,0,72887.29,46149896,338289856
United States,2021-11-10,0,72887.29,46149896,338289856
United States,2021-11-11,0,72887.29,46149896,338289856
United States,2021-11-12,0,72887.29,46149896,338289856
United States,2021-11-13,0,72887.29,46149896,338289856
United States,2021-11-14,557180,79597.14,46707076,338289856
United States,2021-11-15,0,79597.14,46707076,338289856
United States,2021-11-16,0,79597.14,46707076,338289856
United States,2021-11-17,0,79597.14,46707076,338289856
United States,2021-11-18,0,79597.14,46707076,338289856
United States,2021-11-19,0,79597.14,46707076,338289856
United States,2021-11-20,0,79597.14,46707076,338289856
United States,2021-11-21,676876,96696.57,47383952,338289856
United States,2021-11-22,0,96696.57,47383952,338289856
United States,2021-11-23,0,96696.57,47383952,338289856
United States,2021-11-24,0,96696.57,47383952,338289856
United States,2021-11-25,0,96696.57,47383952,338289856
United States,2021-11-26,0,96696.57,47383952,338289856
United States,2021-11-27,0,96696.57,47383952,338289856
United States,2021-11-28,592394,84627.71,47976346,338289856
United States,2021-11-29,0,84627.71,47976346,338289856
United States,2021-11-30,0,84627.71,47976346,338289856
United States,2021-12-01,0,84627.71,47976346,338289856
United States,2021-12-02,0,84627.71,47976346,338289856
United States,2021-12-03,0,84627.71,47976346,338289856
United States,2021-12-04,0,84627.71,47976346,338289856
United States,2021-12-05,751017,107288.14,48727363,338289856
United States,2021-12-06,0,107288.14,48727363,338289856
United States,2021-12-07,0,107288.14,48727363,338289856
United States,2021-12-08,0,107288.14,48727363,338289856
United States,2021-12-09,0,107288.14,48727363,338289856
United States,2021-12-10,0,107288.14,48727363,338289856
United States,2021-12-11,0,107288.14,48727363,338289856
United States,2021-12-12,834969,119281.29,49562332,338289856
United States,2021-12-13,0,119281.29,49562332,338289856
United States,2021-12-14,0,119281.29,49562332,338289856
United States,2021-12-15,0,119281.29,49562332,338289856
United States,2021-12-16,0,119281.29,49562332,338289856
United States,2021-12-17,0,119281.29,49562332,338289856
United States,2021-12-18,0,119281.29,49562332,338289856
United States,2021-12-19,899109,128444.14,50461441,338289856
United States,2021-12-20,0,128444.14,50461441,338289856
United States,2021-12-21,0,128444.14,50461441,338289856
United States,2021-12-22,0,128444.14,50461441,338289856
United States,2021-12-23,0,128444.14,50461441,338289856
United States,2021-12-24,0,128444.14,50461441,338289856
United States,2021-12-25,0,128444.14,50461441,338289856
United States,2021-12-26,1417419,202488.43,51878860,338289856
United States,2021-12-27,0,202488.43,51878860,338289856
United States,2021-12-28,0,202488.43,51878860,338289856
United States,2021-12-29,0,202488.43,51878860,338289856
United States,2021-12-30,0,202488.43,51878860,338289856
United States,2021-12-31,0,202488.43,51878860,338289856
United States,2022-01-01,0,202488.43,51878860,338289856
United States,2022-01-02,2712038,387434.0,54590898,338289856
United States,2022-01-03,0,387434.0,54590898,338289856
United States,2022-01-04,0,387434.0,54590898,338289856
United States,2022-01-05,0,387434.0,54590898,338289856
United States,2022-01-06,0,387434.0,54590898,338289856
United States,2022-01-07,0,387434.0,54590898,338289856
United States,2022-01-08,0,387434.0,54590898,338289856
United States,2022-01-09,4682897,668985.29,59273795,338289856
United States,2022-01-10,0,668985.29,59273795,338289856
United States,2022-01-11,0,668985.29,59273795,338289856
United States,2022-01-12,0,668985.29,59273795,338289856
United States,2022-01-13,0,668985.29,59273795,338289856
United States,2022-01-14,0,668985.29,59273795,338289856
United States,2022-01-15,0,668985.29,59273795,338289856
United States,2022-01-16,5650933,807276.14,64924728,338289856
United States,2022-01-17,0,807276.14,64924728,338289856
United States,2022-01-18,0,807276.14,64924728,338289856
United States,2022-01-19,0,807276.14,64924728,338289856
United States,2022-01-20,0,807276.14,64924728,338289856
United States,2022-01-21,0,807276.14,64924728,338289856
United States,2022-01-22,0,807276.14,64924728,338289856
United States,2022-01-23,5042888,720412.57,69967616,338289856
United States,2022-01-24,0,720412.57,69967616,338289856
United States,2022-01-25,0,720412.57,69967616,338289856
United States,2022-01-26,0,720412.57,69967616,338289856
United States,2022-01-27,0,720412.57,69967616,338289856
United States,2022-01-28,0,720412.57,69967616,338289856
United States,2022-01-29,0,720412.57,69967616,338289856
United States,2022-01-30,3789262,541323.14,73756878,338289856
United States,2022-01-31,0,541323.14,73756878,338289856
United States,2022-02-01,0,541323.14,73756878,338289856
United States,2022-02-02,0,541323.14,73756878,338289856
United States,2022-02-03,0,541323.14,73756878,338289856
United States,2022-02-04,0,541323.14,73756878,338289856
United States,2022-02-05,0,541323.14,73756878,338289856
United States,2022-02-06,2188710,312672.86,75945588,338289856
United States,2022-02-07,0,312672.86,75945588,338289856
United States,2022-02-08,0,312672.86,75945588,338289856
United States,2022-02-09,0,312672.86,75945588,338289856
United States,2022-02-10,0,312672.86,75945588,338289856
United States,2022-02-11,0,312672.86,75945588,338289856
United States,2022-02-12,0,312672.86,75945588,338289856
United States,2022-02-13,1222112,174587.43,77167700,338289856
United States,2022-02-14,0,174587.43,77167700,338289856
United States,2022-02-15,0,174587.43,77167700,338289856
United States,2022-02-16,0,174587.43,77167700,338289856
United States,2022-02-17,0,174587.43,77167700,338289856
United States,2022-02-18,0,174587.43,77167700,338289856
United States,2022-02-19,0,174587.43,77167700,338289856
United States,2022-02-20,708156,101165.14,77875856,338289856
United States,2022-02-21,0,101165.14,77875856,338289856
United States,2022-02-22,0,101165.14,77875856,338289856
United States,2022-02-23,0,101165.14,77875856,338289856
United States,2022-02-24,0,101165.14,77875856,338289856
United States,2022-02-25,0,101165.14,77875856,338289856
United States,2022-02-26,0,101165.14,77875856,338289856
United States,2022-02-27,458272,65467.43,78334128,338289856
United States,2022-02-28,0,65467.43,78334128,338289856
United States,2022-03-01,0,65467.43,78334128,338289856
United States,2022-03-02,0,65467.43,78334128,338289856
United States,2022-03-03,0,65467.43,78334128,338289856
United States,2022-03-04,0,65467.43,78334128,338289856
United States,2022-03-05,0,65467.43,78334128,338289856
United States,2022-03-06,332509,47501.29,78666637,338289856
United States,2022-03-07,0,47501.29,78666637,338289856
United States,2022-03-08,0,47501.29,78666637,338289856
United States,2022-03-09,0,47501.29,78666637,338289856
United States,2022-03-10,0,47501.29,78666637,338289856
United States,2022-03-11,0,47501.29,78666637,338289856
United States,2022-03-12,0,47501.29,78666637,338289856
United States,2022-03-13,234332,33476.0,78900969,338289856
United States,2022-03-14,0,33476.0,78900969,338289856
United States,2022-03-15,0,33476.0,78900969,338289856
United States,2022-03-16,0,33476.0,78900969,338289856
United States,2022-03-17,0,33476.0,78900969,338289856
United States,2022-03-18,0,33476.0,78900969,338289856
United States,2022-03-19,0,33476.0,78900969,338289856
United States,2022-03-20,208740,29820.0,79109709,338289856
United States,2022-03-21,0,29820.0,79109709,338289856
United States,2022-03-22,0,29820.0,79109709,338289856
United States,2022-03-23,0,29820.0,79109709,338289856
United States,2022-03-24,0,29820.0,79109709,338289856
United States,2022-03-25,0,29820.0,79109709,338289856
United States,2022-03-26,0,29820.0,79109709,338289856
United States,2022-03-27,193469,27638.43,79303178,338289856
United States,2022-03-28,0,27638.43,79303178,338289856
United States,2022-03-29,0,27638.43,79303178,338289856
United States,2022-03-30,0,27638.43,79303178,338289856
United States,2022-03-31,0,27638.43,79303178,338289856
United States,2022-04-01,0,27638.43,79303178,338289856
United States,2022-04-02,0,27638.43,79303178,338289856
United States,2022-04-03,194464,27780.57,79497642,338289856
United States,2022-04-04,0,27780.57,79497642,338289856
United States,2022-04-05,0,27780.57,79497642,338289856
United States,2022-04-06,0,27780.57,79497642,338289856
United States,2022-04-07,0,27780.57,79497642,338289856
United States,2022-04-08,0,27780.57,79497642,338289856
United States,2022-04-09,0,27780.57,79497642,338289856
United States,2022-04-10,201192,28741.71,79698834,338289856
United States,2022-04-11,0,28741.71,79698834,338289856
United States,2022-04-12,0,28741.71,79698834,338289856
United States,2022-04-13,0,28741.71,79698834,338289856
United States,2022-04-14,0,28741.71,79698834,338289856
United States,2022-04-15,0,28741.71,79698834,338289856
United States,2022-04-16,0,28741.71,79698834,338289856
United States,2022-04-17,247939,35419.86,79946773,338289856
United States,2022-04-18,0,35419.86,79946773,338289856
United States,2022-04-19,0,35419.86,79946773,338289856
United States,2022-04-20,0,35419.86,79946773,338289856
United States,2022-04-21,0,35419.86,79946773,338289856
United States,2022-04-22,0,35419.86,79946773,338289856
United States,2022-04-23,0,35419.86,79946773,338289856
United States,2022-04-24,300721,42960.14,80247494,338289856
United States,2022-04-25,0,42960.14,80247494,338289856
United States,2022-04-26,0,42960.14,80247494,338289856
United States,2022-04-27,0,42960.14,80247494,338289856
United States,2022-04-28,0,42960.14,80247494,338289856
United States,2022-04-29,0,42960.14,80247494,338289856
United States,2022-04-30,0,42960.14,80247494,338289856
United States,2022-05-01,378549,54078.43,80626043,338289856
United States,2022-05-02,0,54078.43,80626043,338289856
United States,2022-05-03,0,54078.43,80626043,338289856
United States,2022-05-04,0,54078.43,80626043,338289856
United States,2022-05-05,0,54078.43,80626043,338289856
United States,2022-05-06,0,54078.43,80626043,338289856
United States,2022-05-07,0,54078.43,80626043,338289856
United States,2022-05-08,465658,66522.57,81091701,338289856
United States,2022-05-09,0,66522.57,81091701,338289856
United States,2022-05-10,0,66522.57,81091701,338289856
United States,2022-05-11,0,66522.57,81091701,338289856
United States,2022-05-12,0,66522.57,81091701,338289856
United States,2022-05-13,0,66522.57,81091701,338289856
United States,2022-05-14,0,66522.57,81091701,338289856
United States,2022-05-15,604955,86422.14,81696656,338289856
United States,2022-05-16,0,86422.14,81696656,338289856
United States,2022-05-17,0,86422.14,81696656,338289856
United States,2022-05-18,0,86422.14,81696656,338289856
United States,2022-05-19,0,86422.14,81696656,338289856
United States,2022-05-20,0,86422.14,81696656,338289856
United States,2022-05-21,0,86422.14,81696656,338289856
United States,2022-05-22,734495,104927.86,82431151,338289856
United States,2022-05-23,0,104927.86,82431151,338289856
United States,2022-05-24,0,104927.86,82431151,338289856
United States,2022-05-25,0,104927.86,82431151,338289856
United States,2022-05-26,0,104927.86,82431151,338289856
United States,2022-05-27,0,104927.86,82431151,338289856
United States,2022-05-28,0,104927.86,82431151,338289856
United States,2022-05-29,740720,105817.14,83171871,338289856
United States,2022-05-30,0,105817.14,83171871,338289856
United States,2022-05-31,0,105817.14,83171871,338289856
United States,2022-06-01,0,105817.14,83171871,338289856
United States,2022-06-02,0,105817.14,83171871,338289856
United States,2022-06-03,0,105817.14,83171871,338289856
United States,2022-06-04,0,105817.14,83171871,338289856
United States,2022-06-05,675627,96518.14,83847498,338289856
United States,2022-06-06,0,96518.14,83847498,338289856
United States,2022-06-07,0,96518.14,83847498,338289856
United States,2022-06-08,0,96518.14,83847498,338289856
United States,2022-06-09,0,96518.14,83847498,338289856
United States,2022-06-10,0,96518.14,83847498,338289856
United States,2022-06-11,0,96518.14,83847498,338289856
United States,2022-06-12,741044,105863.43,84588542,338289856
United States,2022-06-13,0,105863.43,84588542,338289856
United States,2022-06-14,0,105863.43,84588542,338289856
United States,2022-06-15,0,105863.43,84588542,338289856
United States,2022-06-16,0,105863.43,84588542,338289856
United States,2022-06-17,0,105863.43,84588542,338289856
United States,2022-06-18,0,105863.43,84588542,338289856
United States,2022-06-19,672256,96036.57,85260798,338289856
United States,2022-06-20,0,96036.57,85260798,338289856
United States,2022-06-21,0,96036.57,85260798,338289856
United States,2022-06-22,0,96036.57,85260798,338289856
United States,2022-06-23,0,96036.57,85260798,338289856
United States,2022-06-24,0,96036.57,85260798,338289856
United States,2022-06-25,0,96036.57,85260798,338289856
United States,2022-06-26,709637,101376.71,85970435,338289856
United States,2022-06-27,0,101376.71,85970435,338289856
United States,2022-06-28,0,101376.71,85970435,338289856
United States,2022-06-29,0,101376.71,85970435,338289856
United States,2022-06-30,0,101376.71,85970435,338289856
United States,2022-07-01,0,101376.71,85970435,338289856
United States,2022-07-02,0,101376.71,85970435,338289856
United States,2022-07-03,773772,110538.86,86744207,338289856
United States,2022-07-04,0,110538.86,86744207,338289856
United States,2022-07-05,0,110538.86,86744207,338289856
United States,2022-07-06,0,110538.86,86744207,338289856
United States,2022-07-07,0,110538.86,86744207,338289856
United States,2022-07-08,0,110538.86,86744207,338289856
United States,2022-07-09,0,110538.86,86744207,338289856
United States,2022-07-10,743769,106252.71,87487976,338289856
United States,2022-07-11,0,106252.71,87487976,338289856
United States,2022-07-12,0,106252.71,87487976,338289856
United States,2022-07-13,0,106252.71,87487976,338289856
United States,2022-07-14,0,106252.71,87487976,338289856
United States,2022-07-15,0,106252.71,87487976,338289856
United States,2022-07-16,0,106252.71,87487976,338289856
United States,2022-07-17,888229,126889.86,88376205,338289856
United States,2022-07-18,0,126889.86,88376205,338289856
United States,2022-07-19,0,126889.86,88376205,338289856
United States,2022-07-20,0,126889.86,88376205,338289856
United States,2022-07-21,0,126889.86,88376205,338289856
United States,2022-07-22,0,126889.86,88376205,338289856
United States,2022-07-23,0,126889.86,88376205,338289856
United States,2022-07-24,908695,129813.57,89284900,338289856
United States,2022-07-25,0,129813.57,89284900,338289856
United States,2022-07-26,0,129813.57,89284900,338289856
United States,2022-07-27,0,129813.57,89284900,338289856
United States,2022-07-28,0,129813.57,89284900,338289856
United States,2022-07-29,0,129813.57,89284900,338289856
United States,2022-07-30,0,129813.57,89284900,338289856
United States,2022-07-31,947983,135426.14,90232883,338289856
United States,2022-08-01,0,135426.14,90232883,338289856
United States,2022-08-02,0,135426.14,90232883,338289856
United States,2022-08-03,0,135426.14,90232883,338289856
United States,2022-08-04,0,135426.14,90232883,338289856
United States,2022-08-05,0,135426.14,90232883,338289856
United States,2022-08-06,0,135426.14,90232883,338289856
United States,2022-08-07,788051,112578.71,91020934,338289856
United States,2022-08-08,0,112578.71,91020934,338289856
United States,2022-08-09,0,112578.71,91020934,338289856
United States,2022-08-10,0,112578.71,91020934,338289856
United States,2022-08-11,0,112578.71,91020934,338289856
United States,2022-08-12,0,112578.71,91020934,338289856
United States,2022-08-13,0,112578.71,91020934,338289856
United States,2022-08-14,701618,100231.14,91722552,338289856
United States,2022-08-15,0,100231.14,91722552,338289856
United States,2022-08-16,0,100231.14,91722552,338289856
United States,2022-08-17,0,100231.14,91722552,338289856
United States,2022-08-18,0,100231.14,91722552,338289856
United States,2022-08-19,0,100231.14,91722552,338289856
United States,2022-08-20,0,100231.14,91722552,338289856
United States,2022-08-21,644925,92132.14,92367477,338289856
United States,2022-08-22,0,92132.14,92367477,338289856
United States,2022-08-23,0,92132.14,92367477,338289856
United States,2022-08-24,0,92132.14,92367477,338289856
United States,2022-08-25,0,92132.14,92367477,338289856
United States,2022-08-26,0,92132.14,92367477,338289856
United States,2022-08-27,0,92132.14,92367477,338289856
United States,2022-08-28,610329,87189.86,92977806,338289856
United States,2022-08-29,0,87189.86,92977806,338289856
United States,2022-08-30,0,87189.86,92977806,338289856
United States,2022-08-31,0,87189.86,92977806,338289856
United States,2022-09-01,0,87189.86,92977806,338289856
United States,2022-09-02,0,87189.86,92977806,338289856
United States,2022-09-03,0,87189.86,92977806,338289856
United States,2022-09-04,580363,82909.0,93558169,338289856
United States,2022-09-05,0,82909.0,93558169,338289856
United States,2022-09-06,0,82909.0,93558169,338289856
United States,2022-09-07,0,82909.0,93558169,338289856
United States,2022-09-08,0,82909.0,93558169,338289856
United States,2022-09-09,0,82909.0,93558169,338289856
United States,2022-09-10,0,82909.0,93558169,338289856
United States,2022-09-11,449509,64215.57,94007678,338289856
United States,2022-09-12,0,64215.57,94007678,338289856
United States,2022-09-13,0,64215.57,94007678,338289856
United States,2022-09-14,0,64215.57,94007678,338289856
United States,2022-09-15,0,64215.57,94007678,338289856
United States,2022-09-16,0,64215.57,94007678,338289856
United States,2022-09-17,0,64215.57,94007678,338289856
United States,2022-09-18,406901,58128.71,94414579,338289856
United States,2022-09-19,0,58128.71,94414579,338289856
United States,2022-09-20,0,58128.71,94414579,338289856
United States,2022-09-21,0,58128.71,94414579,338289856
United States,2022-09-22,0,58128.71,94414579,338289856
United States,2022-09-23,0,58128.71,94414579,338289856
United States,2022-09-24,0,58128.71,94414579,338289856
United States,2022-09-25,368725,52675.0,94783304,338289856
United States,2022-09-26,0,52675.0,94783304,338289856
United States,2022-09-27,0,52675.0,94783304,338289856
United States,2022-09-28,0,52675.0,94783304,338289856
United States,2022-09-29,0,52675.0,94783304,338289856
United States,2022-09-30,0,52675.0,94783304,338289856
United States,2022-10-01,0,52675.0,94783304,338289856
United States,2022-10-02,321234,45890.57,95104538,338289856
United States,2022-10-03,0,45890.57,95104538,338289856
United States,2022-10-04,0,45890.57,95104538,338289856
United States,2022-10-05,0,45890.57,95104538,338289856
United States,2022-10-06,0,45890.57,95104538,338289856
United States,2022-10-07,0,45890.57,95104538,338289856
United States,2022-10-08,0,45890.57,95104538,338289856
United States,2022-10-09,280584,40083.43,95385122,338289856
United States,2022-10-10,0,40083.43,95385122,338289856
United States,2022-10-11,0,40083.43,95385122,338289856
United States,2022-10-12,0,40083.43,95385122,338289856
United States,2022-10-13,0,40083.43,95385122,338289856
United States,2022-10-14,0,40083.43,95385122,338289856
United States,2022-10-15,0,40083.43,95385122,338289856
United States,2022-10-16,251280,35897.14,95636402,338289856
United States,2022-10-17,0,35897.14,95636402,338289856
United States,2022-10-18,0,35897.14,95636402,338289856
United States,2022-10-19,0,35897.14,95636402,338289856
United States,2022-10-20,0,35897.14,95636402,338289856
United States,2022-10-21,0,35897.14,95636402,338289856
United States,2022-10-22,0,35897.14,95636402,338289856
United States,2022-10-23,283734,40533.43,95920136,338289856
United States,2022-10-24,0,40533.43,95920136,338289856
United States,2022-10-25,0,40533.43,95920136,338289856
United States,2022-10-26,0,40533.43,95920136,338289856
United States,2022-10-27,0,40533.43,95920136,338289856
United States,2022-10-28,0,40533.43,95920136,338289856
United States,2022-10-29,0,40533.43,95920136,338289856
United States,2022-10-30,255156,36450.86,96175292,338289856
United States,2022-10-31,0,36450.86,96175292,338289856
United States,2022-11-01,0,36450.86,96175292,338289856
United States,2022-11-02,0,36450.86,96175292,338289856
United States,2022-11-03,0,36450.86,96175292,338289856
United States,2022-11-04,0,36450.86,96175292,338289856
United States,2022-11-05,0,36450.86,96175292,338289856
United States,2022-11-06,267304,38186.29,96442596,338289856
United States,2022-11-07,0,38186.29,96442596,338289856
United States,2022-11-08,0,38186.29,96442596,338289856
United States,2022-11-09,0,38186.29,96442596,338289856
United States,2022-11-10,0,38186.29,96442596,338289856
United States,2022-11-11,0,38186.29,96442596,338289856
United States,2022-11-12,0,38186.29,96442596,338289856
United States,2022-11-13,282897,40413.86,96725493,338289856
United States,2022-11-14,0,40413.86,96725493,338289856
United States,2022-11-15,0,40413.86,96725493,338289856
United States,2022-11-16,0,40413.86,96725493,338289856
United States,2022-11-17,0,40413.86,96725493,338289856
United States,2022-11-18,0,40413.86,96725493,338289856
United States,2022-11-19,0,40413.86,96725493,338289856
United States,2022-11-20,274984,39283.43,97000477,338289856
United States,2022-11-21,0,39283.43,97000477,338289856
United States,2022-11-22,0,39283.43,97000477,338289856
United States,2022-11-23,0,39283.43,97000477,338289856
United States,2022-11-24,0,39283.43,97000477,338289856
United States,2022-11-25,0,39283.43,97000477,338289856
United States,2022-11-26,0,39283.43,97000477,338289856
United States,2022-11-27,300171,42881.57,97300648,338289856
United States,2022-11-28,0,42881.57,97300648,338289856
United States,2022-11-29,0,42881.57,97300648,338289856
United States,2022-11-30,0,42881.57,97300648,338289856
United States,2022-12-01,0,42881.57,97300648,338289856
United States,2022-12-02,0,42881.57,97300648,338289856
United States,2022-12-03,0,42881.57,97300648,338289856
United States,2022-12-04,302599,43228.43,97603247,338289856
United States,2022-12-05,0,43228.43,97603247,338289856
United States,2022-12-06,0,43228.43,97603247,338289856
United States,2022-12-07,0,43228.43,97603247,338289856
United States,2022-12-08,0,43228.43,97603247,338289856
United States,2022-12-09,0,43228.43,97603247,338289856
United States,2022-12-10,0,43228.43,97603247,338289856
United States,2022-12-11,462223,66031.86,98065470,338289856
United States,2022-12-12,0,66031.86,98065470,338289856
United States,2022-12-13,0,66031.86,98065470,338289856
United States,2022-12-14,0,66031.86,98065470,338289856
United States,2022-12-15,0,66031.86,98065470,338289856
United States,2022-12-16,0,66031.86,98065470,338289856
United States,2022-12-17,0,66031.86,98065470,338289856
United States,2022-12-18,446014,63716.29,98511484,338289856
United States,2022-12-19,0,63716.29,98511484,338289856
United States,2022-12-20,0,63716.29,98511484,338289856
United States,2022-12-21,0,63716.29,98511484,338289856
United States,2022-12-22,0,63716.29,98511484,338289856
United States,2022-12-23,0,63716.29,98511484,338289856
United States,2022-12-24,0,63716.29,98511484,338289856
United States,2022-12-25,508009,72572.71,99019493,338289856
United States,2022-12-26,0,72572.71,99019493,338289856
United States,2022-12-27,0,72572.71,99019493,338289856
United States,2022-12-28,0,72572.71,99019493,338289856
United States,2022-12-29,0,72572.71,99019493,338289856
United States,2022-12-30,0,72572.71,99019493,338289856
United States,2022-12-31,0,72572.71,99019493,338289856
United States,2023-01-01,392203,56029.0,99411696,338289856
United States,2023-01-02,0,56029.0,99411696,338289856
United States,2023-01-03,0,56029.0,99411696,338289856
United States,2023-01-04,0,56029.0,99411696,338289856
United States,2023-01-05,0,56029.0,99411696,338289856
United States,2023-01-06,0,56029.0,99411696,338289856
United States,2023-01-07,0,56029.0,99411696,338289856
United States,2023-01-08,471714,67387.71,99883410,338289856
United States,2023-01-09,0,67387.71,99883410,338289856
United States,2023-01-10,0,67387.71,99883410,338289856
United States,2023-01-11,0,67387.71,99883410,338289856
United States,2023-01-12,0,67387.71,99883410,338289856
United States,2023-01-13,0,67387.71,99883410,338289856
United States,2023-01-14,0,67387.71,99883410,338289856
United States,2023-01-15,448092,64013.14,100331502,338289856
United States,2023-01-16,0,64013.14,100331502,338289856
United States,2023-01-17,0,64013.14,100331502,338289856
United States,2023-01-18,0,64013.14,100331502,338289856
United States,2023-01-19,0,64013.14,100331502,338289856
United States,2023-01-20,0,64013.14,100331502,338289856
United States,2023-01-21,0,64013.14,100331502,338289856
United States,2023-01-22,308025,44003.57,100639527,338289856
United States,2023-01-23,0,44003.57,100639527,338289856
United States,2023-01-24,0,44003.57,100639527,338289856
United States,2023-01-25,0,44003.57,100639527,338289856
United States,2023-01-26,0,44003.57,100639527,338289856
United States,2023-01-27,0,44003.57,100639527,338289856
United States,2023-01-28,0,44003.57,100639527,338289856
United States,2023-01-29,294867,42123.86,100934394,338289856
United States,2023-01-30,0,42123.86,100934394,338289856
United States,2023-01-31,0,42123.86,100934394,338289856
United States,2023-02-01,0,42123.86,100934394,338289856
United States,2023-02-02,0,42123.86,100934394,338289856
United States,2023-02-03,0,42123.86,100934394,338289856
United States,2023-02-04,0,42123.86,100934394,338289856
United States,2023-02-05,285402,40771.71,101219796,338289856
United States,2023-02-06,0,40771.71,101219796,338289856
United States,2023-02-07,0,40771.71,101219796,338289856
United States,2023-02-08,0,40771.71,101219796,338289856
United States,2023-02-09,0,40771.71,101219796,338289856
United States,2023-02-10,0,40771.71,101219796,338289856
United States,2023-02-11,0,40771.71,101219796,338289856
United States,2023-02-12,278228,39746.86,101498024,338289856
United States,2023-02-13,0,39746.86,101498024,338289856
United States,2023-02-14,0,39746.86,101498024,338289856
United States,2023-02-15,0,39746.86,101498024,338289856
United States,2023-02-16,0,39746.86,101498024,338289856
United States,2023-02-17,0,39746.86,101498024,338289856
United States,2023-02-18,0,39746.86,101498024,338289856
United States,2023-02-19,254372,36338.86,101752396,338289856
United States,2023-02-20,0,36338.86,101752396,338289856
United States,2023-02-21,0,36338.86,101752396,338289856
United States,2023-02-22,0,36338.86,101752396,338289856
United States,2023-02-23,0,36338.86,101752396,338289856
United States,2023-02-24,0,36338.86,101752396,338289856
United States,2023-02-25,0,36338.86,101752396,338289856
United States,2023-02-26,267168,38166.86,102019564,338289856
United States,2023-02-27,0,38166.86,102019564,338289856
United States,2023-02-28,0,38166.86,102019564,338289856
United States,2023-03-01,0,38166.86,102019564,338289856
United States,2023-03-02,0,38166.86,102019564,338289856
United States,2023-03-03,0,38166.86,102019564,338289856
United States,2023-03-04,0,38166.86,102019564,338289856
United States,2023-03-05,227828,32546.86,102247392,338289856
United States,2023-03-06,0,32546.86,102247392,338289856
United States,2023-03-07,0,32546.86,102247392,338289856
United States,2023-03-08,0,32546.86,102247392,338289856
United States,2023-03-09,0,32546.86,102247392,338289856
United States,2023-03-10,0,32546.86,102247392,338289856
United States,2023-03-11,0,32546.86,102247392,338289856
United States,2023-03-12,170593,24370.43,102417985,338289856
United States,2023-03-13,0,24370.43,102417985,338289856
United States,2023-03-14,0,24370.43,102417985,338289856
United States,2023-03-15,0,24370.43,102417985,338289856
United States,2023-03-16,0,24370.43,102417985,338289856
United States,2023-03-17,0,24370.43,102417985,338289856
United States,2023-03-18,0,24370.43,102417985,338289856
United States,2023-03-19,126613,18087.57,102544598,338289856
United States,2023-03-20,0,18087.57,102544598,338289856
United States,2023-03-21,0,18087.57,102544598,338289856
United States,2023-03-22,0,18087.57,102544598,338289856
United States,2023-03-23,0,18087.57,102544598,338289856
United States,2023-03-24,0,18087.57,102544598,338289856
United States,2023-03-25,0,18087.57,102544598,338289856
United States,2023-03-26,152968,21852.57,102697566,338289856
United States,2023-03-27,0,21852.57,102697566,338289856
United States,2023-03-28,0,21852.57,102697566,338289856
United States,2023-03-29,0,21852.57,102697566,338289856
United States,2023-03-30,0,21852.57,102697566,338289856
United States,2023-03-31,0,21852.57,102697566,338289856
United States,2023-04-01,0,21852.57,102697566,338289856
United States,2023-04-02,176358,25194.0,102873924,338289856
United States,2023-04-03,0,25194.0,102873924,338289856
United States,2023-04-04,0,25194.0,102873924,338289856
United States,2023-04-05,0,25194.0,102873924,338289856
United States,2023-04-06,0,25194.0,102873924,338289856
United States,2023-04-07,0,25194.0,102873924,338289856
United States,2023-04-08,0,25194.0,102873924,338289856
United States,2023-04-09,103472,14781.71,102977396,338289856
United States,2023-04-10,0,14781.71,102977396,338289856
United States,2023-04-11,0,14781.71,102977396,338289856
United States,2023-04-12,0,14781.71,102977396,338289856
United States,2023-04-13,0,14781.71,102977396,338289856
United States,2023-04-14,0,14781.71,102977396,338289856
United States,2023-04-15,0,14781.71,102977396,338289856
United States,2023-04-16,104057,14865.29,103081453,338289856
United States,2023-04-17,0,14865.29,103081453,338289856
United States,2023-04-18,0,14865.29,103081453,338289856
United States,2023-04-19,0,14865.29,103081453,338289856
United States,2023-04-20,0,14865.29,103081453,338289856
United States,2023-04-21,0,14865.29,103081453,338289856
United States,2023-04-22,0,14865.29,103081453,338289856
United States,2023-04-23,98467,14066.71,103179920,338289856
United States,2023-04-24,0,14066.71,103179920,338289856
United States,2023-04-25,0,14066.71,103179920,338289856
United States,2023-04-26,0,14066.71,103179920,338289856
United States,2023-04-27,0,14066.71,103179920,338289856
United States,2023-04-28,0,14066.71,103179920,338289856
United States,2023-04-29,0,14066.71,103179920,338289856
United States,2023-04-30,86484,12354.86,103266404,338289856
United States,2023-05-01,0,12354.86,103266404,338289856
United States,2023-05-02,0,12354.86,103266404,338289856
United States,2023-05-03,0,12354.86,103266404,338289856
United States,2023-05-04,0,12354.86,103266404,338289856
United States,2023-05-05,0,12354.86,103266404,338289856
United States,2023-05-06,0,12354.86,103266404,338289856
United States,2023-05-07,77165,11023.57,103343569,338289856
United States,2023-05-08,0,11023.57,103343569,338289856
United States,2023-05-09,0,11023.57,103343569,338289856
United States,2023-05-10,0,11023.57,103343569,338289856
United States,2023-05-11,0,11023.57,103343569,338289856
United States,2023-05-12,0,11023.57,103343569,338289856
United States,2023-05-13,0,11023.57,103343569,338289856
United States,2023-05-14,93260,13322.86,103436829,338289856
United States,2023-05-15,0,13322.86,103436829,338289856
United States,2023-05-16,0,13322.86,103436829,338289856
United States,2023-05-17,0,13322.86,103436829,338289856
United States,2023-05-18,0,13322.86,103436829,338289856
United States,2023-05-19,0,13322.86,103436829,338289856
United States,2023-05-20,0,13322.86,103436829,338289856
United States,2023-05-21,,,103436829,338289856
United States,2023-05-22,,,103436829,338289856
United States,2023-05-23,,,103436829,338289856
United States,2023-05-24,,,103436829,338289856
United States,2023-05-25,,,103436829,338289856
United States,2023-05-26,,,103436829,338289856
United States,2023-05-27,,,103436829,338289856
United States,2023-05-28,,,103436829,338289856
United States,2023-05-29,,,103436829,338289856
United States,2023-05-30,,,103436829,338289856
United States,2023-05-31,,,103436829,338289856
United States,2023-06-01,,,103436829,338289856
United States,2023-06-02,,,103436829,338289856
United States,2023-06-03,,,103436829,338289856
United States,2023-06-04,,,103436829,338289856
United States,2023-06-05,,,103436829,338289856
United States,2023-06-06,,,103436829,338289856
United States,2023-06-07,,,103436829,338289856
United States,2023-06-08,,,103436829,338289856
United States,2023-06-09,,,103436829,338289856
United States,2023-06-10,,,103436829,338289856
United States,2023-06-11,,,103436829,338289856
United States,2023-06-12,,,103436829,338289856
United States,2023-06-13,,,103436829,338289856
United States,2023-06-14,,,103436829,338289856
United States,2023-06-15,,,103436829,338289856
United States,2023-06-16,,,103436829,338289856
United States,2023-06-17,,,103436829,338289856
United States,2023-06-18,,,103436829,338289856
United States,2023-06-19,,,103436829,338289856
United States,2023-06-20,,,103436829,338289856
United States,2023-06-21,,,103436829,338289856
United States,2023-06-22,,,103436829,338289856
United States,2023-06-23,,,103436829,338289856
United States,2023-06-24,,,103436829,338289856
United States,2023-06-25,,,103436829,338289856
United States,2023-06-26,,,103436829,338289856
United States,2023-06-27,,,103436829,338289856
United States,2023-06-28,,,103436829,338289856
United States,2023-06-29,,,103436829,338289856
United States,2023-06-30,,,103436829,338289856
United States,2023-07-01,,,103436829,338289856
United States,2023-07-02,,,103436829,338289856
United States,2023-07-03,,,103436829,338289856
United States,2023-07-04,,,103436829,338289856
United States,2023-07-05,,,103436829,338289856
United States,2023-07-06,,,103436829,338289856
United States,2023-07-07,,,103436829,338289856
United States,2023-07-08,,,103436829,338289856
United States,2023-07-09,,,103436829,338289856
United States,2023-07-10,,,103436829,338289856
United States,2023-07-11,,,103436829,338289856
United States,2023-07-12,,,103436829,338289856
United States,2023-07-13,,,103436829,338289856
United States,2023-07-14,,,103436829,338289856
United States,2023-07-15,,,103436829,338289856
United States,2023-07-16,,,103436829,338289856
United States,2023-07-17,,,103436829,338289856
United States,2023-07-18,,,103436829,338289856
United States,2023-07-19,,,103436829,338289856
United States,2023-07-20,,,103436829,338289856
United States,2023-07-21,,,103436829,338289856
United States,2023-07-22,,,103436829,338289856
United States,2023-07-23,,,103436829,338289856
United States,2023-07-24,,,103436829,338289856
United States,2023-07-25,,,103436829,338289856
United States,2023-07-26,,,103436829,338289856
United States,2023-07-27,,,103436829,338289856
United States,2023-07-28,,,103436829,338289856
United States,2023-07-29,,,103436829,338289856
United States,2023-07-30,,,103436829,338289856
United States,2023-07-31,,,103436829,338289856
United States,2023-08-01,,,103436829,338289856
United States,2023-08-02,,,103436829,338289856
United States,2023-08-03,,,103436829,338289856
United States,2023-08-04,,,103436829,338289856
United States,2023-08-05,,,103436829,338289856
United States,2023-08-06,,,103436829,338289856
United States,2023-08-07,,,103436829,338289856
United States,2023-08-08,,,103436829,338289856
United States,2023-08-09,,,103436829,338289856
United States,2023-08-10,,,103436829,338289856
United States,2023-08-11,,,103436829,338289856
United States,2023-08-12,,,103436829,338289856
United States,2023-08-13,,,103436829,338289856
United States,2023-08-14,,,103436829,338289856
United States,2023-08-15,,,103436829,338289856
United States,2023-08-16,,,103436829,338289856
United States,2023-08-17,,,103436829,338289856
United States,2023-08-18,,,103436829,338289856
United States,2023-08-19,,,103436829,338289856
United States,2023-08-20,,,103436829,338289856
United States,2023-08-21,,,103436829,338289856
United States,2023-08-22,,,103436829,338289856
United States,2023-08-23,,,103436829,338289856
United States,2023-08-24,,,103436829,338289856
United States,2023-08-25,,,103436829,338289856
United States,2023-08-26,,,103436829,338289856
United States,2023-08-27,,,103436829,338289856
United States,2023-08-28,,,103436829,338289856
United States,2023-08-29,,,103436829,338289856
United States,2023-08-30,,,103436829,338289856
United States,2023-08-31,,,103436829,338289856
United States,2023-09-01,,,103436829,338289856
United States,2023-09-02,,,103436829,338289856
United States,2023-09-03,,,103436829,338289856
United States,2023-09-04,,,103436829,338289856
United States,2023-09-05,,,103436829,338289856
United States,2023-09-06,,,103436829,338289856
United States,2023-09-07,,,103436829,338289856
United States,2023-09-08,,,103436829,338289856
United States,2023-09-09,,,103436829,338289856
United States,2023-09-10,,,103436829,338289856
United States,2023-09-11,,,103436829,338289856
United States,2023-09-12,,,103436829,338289856
United States,2023-09-13,,,103436829,338289856
United States,2023-09-14,,,103436829,338289856
United States,2023-09-15,,,103436829,338289856
United States,2023-09-16,,,103436829,338289856
United States,2023-09-17,,,103436829,338289856
United States,2023-09-18,,,103436829,338289856
United States,2023-09-19,,,103436829,338289856
United States,2023-09-20,,,103436829,338289856
United States,2023-09-21,,,103436829,338289856
United States,2023-09-22,,,103436829,338289856
United States,2023-09-23,,,103436829,338289856
United States,2023-09-24,,,103436829,338289856
United States,2023-09-25,,,103436829,338289856
United States,2023-09-26,,,103436829,338289856
United States,2023-09-27,,,103436829,338289856
United States,2023-09-28,,,103436829,338289856
United States,2023-09-29,,,103436829,338289856
United States,2023-09-30,,,103436829,338289856
United States,2023-10-01,,,103436829,338289856
United States,2023-10-02,,,103436829,338289856
United States,2023-10-03,,,103436829,338289856
United States,2023-10-04,,,103436829,338289856
United States,2023-10-05,,,103436829,338289856
United States,2023-10-06,,,103436829,338289856
United States,2023-10-07,,,103436829,338289856
United States,2023-10-08,,,103436829,338289856
United States,2023-10-09,,,103436829,338289856
United States,2023-10-10,,,103436829,338289856
United States,2023-10-11,,,103436829,338289856
United States,2023-10-12,,,103436829,338289856
United States,2023-10-13,,,103436829,338289856
United States,2023-10-14,,,103436829,338289856
United States,2023-10-15,,,103436829,338289856
United States,2023-10-16,,,103436829,338289856
United States,2023-10-17,,,103436829,338289856
United States,2023-10-18,,,103436829,338289856
United States,2023-10-19,,,103436829,338289856
United States,2023-10-20,,,103436829,338289856
United States,2023-10-21,,,103436829,338289856
United States,2023-10-22,,,103436829,338289856
United States,2023-10-23,,,103436829,338289856
United States,2023-10-24,,,103436829,338289856
United States,2023-10-25,,,103436829,338289856
United States,2023-10-26,,,103436829,338289856
United States,2023-10-27,,,103436829,338289856
United States,2023-10-28,,,103436829,338289856
United States,2023-10-29,,,103436829,338289856
United States,2023-10-30,,,103436829,338289856
United States,2023-10-31,,,103436829,338289856
United States,2023-11-01,,,103436829,338289856
United States,2023-11-02,,,103436829,338289856
United States,2023-11-03,,,103436829,338289856
United States,2023-11-04,,,103436829,338289856
United States,2023-11-05,,,103436829,338289856
United States,2023-11-06,,,103436829,338289856
United States,2023-11-07,,,103436829,338289856
United States,2023-11-08,,,103436829,338289856
United States,2023-11-09,,,103436829,338289856
United States,2023-11-10,,,103436829,338289856
United States,2023-11-11,,,103436829,338289856
United States,2023-11-12,,,103436829,338289856
United States,2023-11-13,,,103436829,338289856
United States,2023-11-14,,,103436829,338289856
United States,2023-11-15,,,103436829,338289856
United States,2023-11-16,,,103436829,338289856
United States,2023-11-17,,,103436829,338289856
United States,2023-11-18,,,103436829,338289856
United States,2023-11-19,,,103436829,338289856
United States,2023-11-20,,,103436829,338289856
United States,2023-11-21,,,103436829,338289856
United States,2023-11-22,,,103436829,338289856
United States,2023-11-23,,,103436829,338289856
United States,2023-11-24,,,103436829,338289856
United States,2023-11-25,,,103436829,338289856
United States,2023-11-26,,,103436829,338289856
United States,2023-11-27,,,103436829,338289856
United States,2023-11-28,,,103436829,338289856
United States,2023-11-29,,,103436829,338289856
United States,2023-11-30,,,103436829,338289856
United States,2023-12-01,,,103436829,338289856
United States,2023-12-02,,,103436829,338289856
United States,2023-12-03,,,103436829,338289856
United States,2023-12-04,,,103436829,338289856
United States,2023-12-05,,,103436829,338289856
United States,2023-12-06,,,103436829,338289856
United States,2023-12-07,,,103436829,338289856
United States,2023-12-08,,,103436829,338289856
United States,2023-12-09,,,103436829,338289856
United States,2023-12-10,,,103436829,338289856
United States,2023-12-11,,,103436829,338289856
United States,2023-12-12,,,103436829,338289856
United States,2023-12-13,,,103436829,338289856
United States,2023-12-14,,,103436829,338289856
United States,2023-12-15,,,103436829,338289856
United States,2023-12-16,,,103436829,338289856
United States,2023-12-17,,,103436829,338289856
United States,2023-12-18,,,103436829,338289856
United States,2023-12-19,,,103436829,338289856
United States,2023-12-20,,,103436829,338289856
United States,2023-12-21,,,103436829,338289856
United States,2023-12-22,,,103436829,338289856
United States,2023-12-23,,,103436829,338289856
United States,2023-12-24,,,103436829,338289856
United States,2023-12-25,,,103436829,338289856
United States,2023-12-26,,,103436829,338289856
United States,2023-12-27,,,103436829,338289856
United States,2023-12-28,,,103436829,338289856
United States,2023-12-29,,,103436829,338289856
United States,2023-12-30,,,103436829,338289856
United States,2023-12-31,,,103436829,338289856
United States,2024-01-01,,,103436829,338289856
United States,2024-01-02,,,103436829,338289856
United States,2024-01-03,,,103436829,338289856
United States,2024-01-04,,,103436829,338289856
United States,2024-01-05,,,103436829,338289856
United States,2024-01-06,,,103436829,338289856
United States,2024-01-07,,,103436829,338289856
United States,2024-01-08,,,103436829,338289856
United States,2024-01-09,,,103436829,338289856
United States,2024-01-10,,,103436829,338289856
United States,2024-01-11,,,103436829,338289856
United States,2024-01-12,,,103436829,338289856
United States,2024-01-13,,,103436829,338289856
United States,2024-01-14,,,103436829,338289856
United States,2024-01-15,,,103436829,338289856
United States,2024-01-16,,,103436829,338289856
United States,2024-01-17,,,103436829,338289856
United States,2024-01-18,,,103436829,338289856
United States,2024-01-19,,,103436829,338289856
United States,2024-01-20,,,103436829,338289856
United States,2024-01-21,,,103436829,338289856
United States,2024-01-22,,,103436829,338289856
United States,2024-01-23,,,103436829,338289856
United States,2024-01-24,,,103436829,338289856
United States,2024-01-25,,,103436829,338289856
United States,2024-01-26,,,103436829,338289856
United States,2024-01-27,,,103436829,338289856
United States,2024-01-28,,,103436829,338289856
United States,2024-01-29,,,103436829,338289856
United States,2024-01-30,,,103436829,338289856
United States,2024-01-31,,,103436829,338289856
United States,2024-02-01,,,103436829,338289856
United States,2024-02-02,,,103436829,338289856
United States,2024-02-03,,,103436829,338289856
United States,2024-02-04,,,103436829,338289856
United States,2024-02-05,,,103436829,338289856
United States,2024-02-06,,,103436829,338289856
United States,2024-02-07,,,103436829,338289856
United States,2024-02-08,,,103436829,338289856
United States,2024-02-09,,,103436829,338289856
United States,2024-02-10,,,103436829,338289856
United States,2024-02-11,,,103436829,338289856
United States,2024-02-12,,,103436829,338289856
United States,2024-02-13,,,103436829,338289856
United States,2024-02-14,,,103436829,338289856
United States,2024-02-15,,,103436829,338289856
United States,2024-02-16,,,103436829,338289856
United States,2024-02-17,,,103436829,338289856
United States,2024-02-18,,,103436829,338289856
United States,2024-02-19,,,103436829,338289856
United States,2024-02-20,,,103436829,338289856
United States,2024-02-21,,,103436829,338289856
United States,2024-02-22,,,103436829,338289856
United States,2024-02-23,,,103436829,338289856
United States,2024-02-24,,,103436829,338289856
United States,2024-02-25,,,103436829,338289856
United States,2024-02-26,,,103436829,338289856
United States,2024-02-27,,,103436829,338289856
United States,2024-02-28,,,103436829,338289856
United States,2024-02-29,,,103436829,338289856
United States,2024-03-01,,,103436829,338289856
United States,2024-03-02,,,103436829,338289856
United States,2024-03-03,,,103436829,338289856
United States,2024-03-04,,,103436829,338289856
United States,2024-03-05,,,103436829,338289856
United States,2024-03-06,,,103436829,338289856
United States,2024-03-07,,,103436829,338289856
United States,2024-03-08,,,103436829,338289856
United States,2024-03-09,,,103436829,338289856
United States,2024-03-10,,,103436829,338289856
United States,2024-03-11,,,103436829,338289856
United States,2024-03-12,,,103436829,338289856
United States,2024-03-13,,,103436829,338289856
United States,2024-03-14,,,103436829,338289856
United States,2024-03-15,,,103436829,338289856
United States,2024-03-16,,,103436829,338289856
United States,2024-03-17,,,103436829,338289856
United States,2024-03-18,,,103436829,338289856
United States,2024-03-19,,,103436829,338289856
United States,2024-03-20,,,103436829,338289856
United States,2024-03-21,,,103436829,338289856
United States,2024-03-22,,,103436829,338289856
United States,2024-03-23,,,103436829,338289856
United States,2024-03-24,,,103436829,338289856
United States,2024-03-25,,,103436829,338289856
United States,2024-03-26,,,103436829,338289856
United States,2024-03-27,,,103436829,338289856
United States,2024-03-28,,,103436829,338289856
United States,2024-03-29,,,103436829,338289856
United States,2024-03-30,,,103436829,338289856
United States,2024-03-31,,,103436829,338289856
United States,2024-04-01,,,103436829,338289856
United States,2024-04-02,,,103436829,338289856
United States,2024-04-03,,,103436829,338289856
United States,2024-04-04,,,103436829,338289856
United States,2024-04-05,,,103436829,338289856
United States,2024-04-06,,,103436829,338289856
United States,2024-04-07,,,103436829,338289856
United States,2024-04-08,,,103436829,338289856
United States,2024-04-09,,,103436829,338289856
United States,2024-04-10,,,103436829,338289856
United States,2024-04-11,,,103436829,338289856
United States,2024-04-12,,,103436829,338289856
United States,2024-04-13,,,103436829,338289856
United States,2024-04-14,,,103436829,338289856
United States,2024-04-15,,,103436829,338289856
United States,2024-04-16,,,103436829,338289856
United States,2024-04-17,,,103436829,338289856
United States,2024-04-18,,,103436829,338289856
United States,2024-04-19,,,103436829,338289856
United States,2024-04-20,,,103436829,338289856
United States,2024-04-21,,,103436829,338289856
United States,2024-04-22,,,103436829,338289856
United States,2024-04-23,,,103436829,338289856
United States,2024-04-24,,,103436829,338289856
United States,2024-04-25,,,103436829,338289856
United States,2024-04-26,,,103436829,338289856
United States,2024-04-27,,,103436829,338289856
United States,2024-04-28,,,103436829,338289856
United States,2024-04-29,,,103436829,338289856
United States,2024-04-30,,,103436829,338289856
United States,2024-05-01,,,103436829,338289856
United States,2024-05-02,,,103436829,338289856
United States,2024-05-03,,,103436829,338289856
United States,2024-05-04,,,103436829,338289856
United States,2024-05-05,,,103436829,338289856
United States,2024-05-06,,,103436829,338289856
United States,2024-05-07,,,103436829,338289856
United States,2024-05-08,,,103436829,338289856
United States,2024-05-09,,,103436829,338289856
United States,2024-05-10,,,103436829,338289856
United States,2024-05-11,,,103436829,338289856
United States,2024-05-12,,,103436829,338289856
United States,2024-05-13,,,103436829,338289856
United States,2024-05-14,,,103436829,338289856
United States,2024-05-15,,,103436829,338289856
United States,2024-05-16,,,103436829,338289856
United States,2024-05-17,,,103436829,338289856
United States,2024-05-18,,,103436829,338289856
United States,2024-05-19,,,103436829,338289856
United States,2024-05-20,,,103436829,338289856
United States,2024-05-21,,,103436829,338289856
United States,2024-05-22,,,103436829,338289856
United States,2024-05-23,,,103436829,338289856
United States,2024-05-24,,,103436829,338289856
United States,2024-05-25,,,103436829,338289856
United States,2024-05-26,,,103436829,338289856
United States,2024-05-27,,,103436829,338289856
United States,2024-05-28,,,103436829,338289856
United States,2024-05-29,,,103436829,338289856
United States,2024-05-30,,,103436829,338289856
United States,2024-05-31,,,103436829,338289856
United States,2024-06-01,,,103436829,338289856
United States,2024-06-02,,,103436829,338289856
United States,2024-06-03,,,103436829,338289856
United States,2024-06-04,,,103436829,338289856
United States,2024-06-05,,,103436829,338289856
United States,2024-06-06,,,103436829,338289856
United States,2024-06-07,,,103436829,338289856
United States,2024-06-08,,,103436829,338289856
United States,2024-06-09,,,103436829,338289856
United States,2024-06-10,,,103436829,338289856
United States,2024-06-11,,,103436829,338289856
United States,2024-06-12,,,103436829,338289856
United States,2024-06-13,,,103436829,338289856
United States,2024-06-14,,,103436829,338289856
United States,2024-06-15,,,103436829,338289856
United States,2024-06-16,,,103436829,338289856
United States,2024-06-17,,,103436829,338289856
United States,2024-06-18,,,103436829,338289856
United States,2024-06-19,,,103436829,338289856
United States,2024-06-20,,,103436829,338289856
United States,2024-06-21,,,103436829,338289856
United States,2024-06-22,,,103436829,338289856
United States,2024-06-23,,,103436829,338289856
United States,2024-06-24,,,103436829,338289856
United States,2024-06-25,,,103436829,338289856
United States,2024-06-26,,,103436829,338289856
United States,2024-06-27,,,103436829,338289856
United States,2024-06-28,,,103436829,338289856
United States,2024-06-29,,,103436829,338289856
United States,2024-06-30,,,103436829,338289856
United States,2024-07-01,,,103436829,338289856
United States,2024-07-02,,,103436829,338289856
United States,2024-07-03,,,103436829,338289856
United States,2024-07-04,,,103436829,338289856
United States,2024-07-05,,,103436829,338289856
United States,2024-07-06,,,103436829,338289856
United States,2024-07-07,,,103436829,338289856
United States,2024-07-08,,,103436829,338289856
United States,2024-07-09,,,103436829,338289856
United States,2024-07-10,,,103436829,338289856
United States,2024-07-11,,,103436829,338289856
United States,2024-07-12,,,103436829,338289856
United States,2024-07-13,,,103436829,338289856
United States,2024-07-14,,,103436829,338289856
United States,2024-07-15,,,103436829,338289856
United States,2024-07-16,,,103436829,338289856
United States,2024-07-17,,,103436829,338289856
United States,2024-07-18,,,103436829,338289856
United States,2024-07-19,,,103436829,338289856
United States,2024-07-20,,,103436829,338289856
United States,2024-07-21,,,103436829,338289856
United States,2024-07-22,,,103436829,338289856
United States,2024-07-23,,,103436829,338289856
United States,2024-07-24,,,103436829,338289856
United States,2024-07-25,,,103436829,338289856
United States,2024-07-26,,,103436829,338289856
United States,2024-07-27,,,103436829,338289856
United States,2024-07-28,,,103436829,338289856
United States,2024-07-29,,,103436829,338289856
United States,2024-07-30,,,103436829,338289856
United States,2024-07-31,,,103436829,338289856
United States,2024-08-01,,,103436829,338289856
United States,2024-08-02,,,103436829,338289856
United States,2024-08-03,,,103436829,338289856
United States,2024-08-04,,,103436829,338289856
World,2020-01-05,2,,2,7975105024
World,2020-01-06,0,,2,7975105024
World,2020-01-07,0,,2,7975105024
World,2020-01-08,0,,2,7975105024
World,2020-01-09,0,,2,7975105024
World,2020-01-10,0,0.29,2,7975105024
World,2020-01-11,0,0.29,2,7975105024
World,2020-01-12,45,6.43,47,7975105024
World,2020-01-13,0,6.43,47,7975105024
World,2020-01-14,0,6.43,47,7975105024
World,2020-01-15,0,6.43,47,7975105024
World,2020-01-16,0,6.43,47,7975105024
World,2020-01-17,0,6.43,47,7975105024
World,2020-01-18,0,6.43,47,7975105024
World,2020-01-19,90,12.86,137,7975105024
World,2020-01-20,0,12.86,137,7975105024
World,2020-01-21,0,12.86,137,7975105024
World,2020-01-22,0,12.86,137,7975105024
World,2020-01-23,0,12.86,137,7975105024
World,2020-01-24,0,12.86,137,7975105024
World,2020-01-25,0,12.86,137,7975105024
World,2020-01-26,1896,270.86,2032,7975105024
World,2020-01-27,0,270.86,2032,7975105024
World,2020-01-28,0,270.86,2032,7975105024
World,2020-01-29,0,270.86,2032,7975105024
World,2020-01-30,0,270.86,2032,7975105024
World,2020-01-31,0,270.86,2032,7975105024
World,2020-02-01,0,270.86,2032,7975105024
World,2020-02-02,12538,1791.14,14570,7975105024
World,2020-02-03,0,1791.14,14570,7975105024
World,2020-02-04,0,1791.14,14570,7975105024
World,2020-02-05,0,1791.14,14570,7975105024
World,2020-02-06,0,1791.14,14570,7975105024
World,2020-02-07,0,1791.14,14570,7975105024
World,2020-02-08,0,1791.14,14570,7975105024
World,2020-02-09,22985,3283.57,37555,7975105024
World,2020-02-10,0,3283.57,37555,7975105024
World,2020-02-11,0,3283.57,37555,7975105024
World,2020-02-12,0,3283.57,37555,7975105024
World,2020-02-13,0,3283.57,37555,7975105024
World,2020-02-14,0,3283.57,37555,7975105024
World,2020-02-15,0,3283.57,37555,7975105024
World,2020-02-16,31449,4492.71,69004,7975105024
World,2020-02-17,0,4492.71,69004,7975105024
World,2020-02-18,0,4492.71,69004,7975105024
World,2020-02-19,0,4492.71,69004,7975105024
World,2020-02-20,0,4492.71,69004,7975105024
World,2020-02-21,0,4492.71,69004,7975105024
World,2020-02-22,0,4492.71,69004,7975105024
World,2020-02-23,9242,1320.29,78246,7975105024
World,2020-02-24,0,1320.29,78246,7975105024
World,2020-02-25,0,1320.29,78246,7975105024
World,2020-02-26,0,1320.29,78246,7975105024
World,2020-02-27,0,1320.29,78246,7975105024
World,2020-02-28,0,1320.29,78246,7975105024
World,2020-02-29,0,1320.29,78246,7975105024
World,2020-03-01,8268,1181.14,86514,7975105024
World,2020-03-02,0,1181.14,86514,7975105024
World,2020-03-03,0,1181.14,86514,7975105024
World,2020-03-04,0,1181.14,86514,7975105024
World,2020-03-05,0,1181.14,86514,7975105024
World,2020-03-06,0,1181.14,86514,7975105024
World,2020-03-07,0,1181.14,86514,7975105024
World,2020-03-08,20206,2886.57,106720,7975105024
World,2020-03-09,0,2886.57,106720,7975105024
World,2020-03-10,0,2886.57,106720,7975105024
World,2020-03-11,0,2886.57,106720,7975105024
World,2020-03-12,0,2886.57,106720,7975105024
World,2020-03-13,0,2886.57,106720,7975105024
World,2020-03-14,0,2886.57,106720,7975105024
World,2020-03-15,60434,8633.43,167154,7975105024
World,2020-03-16,0,8633.43,167154,7975105024
World,2020-03-17,0,8633.43,167154,7975105024
World,2020-03-18,0,8633.43,167154,7975105024
World,2020-03-19,0,8633.43,167154,7975105024
World,2020-03-20,0,8633.43,167154,7975105024
World,2020-03-21,0,8633.43,167154,7975105024
World,2020-03-22,171320,24474.29,338474,7975105024
World,2020-03-23,0,24474.29,338474,7975105024
World,2020-03-24,0,24474.29,338474,7975105024
World,2020-03-25,0,24474.29,338474,7975105024
World,2020-03-26,0,24474.29,338474,7975105024
World,2020-03-27,0,24474.29,338474,7975105024
World,2020-03-28,0,24474.29,338474,7975105024
World,2020-03-29,351479,50211.29,689952,7975105024
World,2020-03-30,0,50211.29,689952,7975105024
World,2020-03-31,0,50211.29,689952,7975105024
World,2020-04-01,0,50211.29,689952,7975105024
World,2020-04-02,0,50211.29,689952,7975105024
World,2020-04-03,0,50211.29,689952,7975105024
World,2020-04-04,0,50211.29,689952,7975105024
World,2020-04-05,466289,66612.71,1156214,7975105024
World,2020-04-06,0,66612.71,1156214,7975105024
World,2020-04-07,0,66612.71,1156214,7975105024
World,2020-04-08,0,66612.71,1156214,7975105024
World,2020-04-09,0,66612.71,1156214,7975105024
World,2020-04-10,0,66612.71,1156214,7975105024
World,2020-04-11,0,66612.71,1156214,7975105024
World,2020-04-12,524359,74908.43,1680573,7975105024
World,2020-04-13,0,74908.43,1680573,7975105024
World,2020-04-14,0,74908.43,1680573,7975105024
World,2020-04-15,0,74908.43,1680573,7975105024
World,2020-04-16,0,74908.43,1680573,7975105024
World,2020-04-17,0,74908.43,1680573,7975105024
World,2020-04-18,0,74908.43,1680573,7975105024
World,2020-04-19,507006,72429.43,2187579,7975105024
World,2020-04-20,0,72429.43,2187579,7975105024
World,2020-04-21,0,72429.43,2187579,7975105024
World,2020-04-22,0,72429.43,2187579,7975105024
World,2020-04-23,0,72429.43,2187579,7975105024
World,2020-04-24,0,72429.43,2187579,7975105024
World,2020-04-25,0,72429.43,2187579,7975105024
World,2020-04-26,540268,77181.14,2727847,7975105024
World,2020-04-27,0,77181.14,2727847,7975105024
World,2020-04-28,0,77181.14,2727847,7975105024
World,2020-04-29,0,77181.14,2727847,7975105024
World,2020-04-30,0,77181.14,2727847,7975105024
World,2020-05-01,0,77181.14,2727847,7975105024
World,2020-05-02,0,77181.14,2727847,7975105024
World,2020-05-03,545638,77948.29,3273485,7975105024
World,2020-05-04,0,77948.29,3273485,7975105024
World,2020-05-05,0,77948.29,3273485,7975105024
World,2020-05-06,0,77948.29,3273485,7975105024
World,2020-05-07,0,77948.29,3273485,7975105024
World,2020-05-08,0,77948.29,3273485,7975105024
World,2020-05-09,0,77948.29,3273485,7975105024
World,2020-05-10,581533,83076.14,3855018,7975105024
World,2020-05-11,0,83076.14,3855018,7975105024
World,2020-05-12,0,83076.14,3855018,7975105024
World,2020-05-13,0,83076.14,3855018,7975105024
World,2020-05-14,0,83076.14,3855018,7975105024
World,2020-05-15,0,83076.14,3855018,7975105024
World,2020-05-16,0,83076.14,3855018,7975105024
World,2020-05-17,610590,87227.14,4465608,7975105024
World,2020-05-18,0,87227.14,4465608,7975105024
World,2020-05-19,0,87227.14,4465608,7975105024
World,2020-05-20,0,87227.14,4465608,7975105024
World,2020-05-21,0,87227.14,4465608,7975105024
World,2020-05-22,0,87227.14,4465608,7975105024
World,2020-05-23,0,87227.14,4465608,7975105024
World,2020-05-24,696687,99526.71,5162295,7975105024
World,2020-05-25,0,99526.71,5162295,7975105024
World,2020-05-26,0,99526.71,5162295,7975105024
World,2020-05-27,0,99526.71,5162295,7975105024
World,2020-05-28,0,99526.71,5162295,7975105024
World,2020-05-29,0,99526.71,5162295,7975105024
World,2020-05-30,0,99526.71,5162295,7975105024
World,2020-05-31,729003,104143.29,5891298,7975105024
World,2020-06-01,0,104143.29,5891298,7975105024
World,2020-06-02,0,104143.29,5891298,7975105024
World,2020-06-03,0,104143.29,5891298,7975105024
World,2020-06-04,0,104143.29,5891298,7975105024
World,2020-06-05,0,104143.29,5891298,7975105024
World,2020-06-06,0,104143.29,5891298,7975105024
World,2020-06-07,844663,120666.14,6735960,7975105024
World,2020-06-08,0,120666.14,6735960,7975105024
World,2020-06-09,0,120666.14,6735960,7975105024
World,2020-06-10,0,120666.14,6735960,7975105024
World,2020-06-11,0,120666.14,6735960,7975105024
World,2020-06-12,0,120666.14,6735960,7975105024
World,2020-06-13,0,120666.14,6735960,7975105024
World,2020-06-14,902650,128950.0,7638610,7975105024
World,2020-06-15,0,128950.0,7638610,7975105024
World,2020-06-16,0,128950.0,7638610,7975105024
World,2020-06-17,0,128950.0,7638610,7975105024
World,2020-06-18,0,128950.0,7638610,7975105024
World,2020-06-19,0,128950.0,7638610,7975105024
World,2020-06-20,0,128950.0,7638610,7975105024
World,2020-06-21,1031412,147344.57,8670022,7975105024
World,2020-06-22,0,147344.57,8670022,7975105024
World,2020-06-23,0,147344.57,8670022,7975105024
World,2020-06-24,0,147344.57,8670022,7975105024
World,2020-06-25,0,147344.57,8670022,7975105024
World,2020-06-26,0,147344.57,8670022,7975105024
World,2020-06-27,0,147344.57,8670022,7975105024
World,2020-06-28,1158117,165445.29,9828139,7975105024
World,2020-06-29,0,165445.29,9828139,7975105024
World,2020-06-30,0,165445.29,9828139,7975105024
World,2020-07-01,0,165445.29,9828139,7975105024
World,2020-07-02,0,165445.29,9828139,7975105024
World,2020-07-03,0,165445.29,9828139,7975105024
World,2020-07-04,0,165445.29,9828139,7975105024
World,2020-07-05,1328647,189806.71,11156786,7975105024
World,2020-07-06,0,189806.71,11156786,7975105024
World,2020-07-07,0,189806.71,11156786,7975105024
World,2020-07-08,0,189806.71,11156786,7975105024
World,2020-07-09,0,189806.71,11156786,7975105024
World,2020-07-10,0,189806.71,11156786,7975105024
World,2020-07-11,0,189806.71,11156786,7975105024
World,2020-07-12,1429050,204150.0,12585836,7975105024
World,2020-07-13,0,204150.0,12585836,7975105024
World,2020-07-14,0,204150.0,12585836,7975105024
World,2020-07-15,0,204150.0,12585836,7975105024
World,2020-07-16,0,204150.0,12585836,7975105024
World,2020-07-17,0,204150.0,12585836,7975105024
World,2020-07-18,0,204150.0,12585836,7975105024
World,2020-07-19,1574155,224879.29,14159991,7975105024
World,2020-07-20,0,224879.29,14159991,7975105024
World,2020-07-21,0,224879.29,14159991,7975105024
World,2020-07-22,0,224879.29,14159991,7975105024
World,2020-07-23,0,224879.29,14159991,7975105024
World,2020-07-24,0,224879.29,14159991,7975105024
World,2020-07-25,0,224879.29,14159991,7975105024
World,2020-07-26,1742871,248981.57,15902862,7975105024
World,2020-07-27,0,248981.57,15902862,7975105024
World,2020-07-28,0,248981.57,15902862,7975105024
World,2020-07-29,0,248981.57,15902862,7975105024
World,2020-07-30,0,248981.57,15902862,7975105024
World,2020-07-31,0,248981.57,15902862,7975105024
World,2020-08-01,0,248981.57,15902862,7975105024
World,2020-08-02,1839236,262748.0,17742098,7975105024
World,2020-08-03,0,262748.0,17742098,7975105024
World,2020-08-04,0,262748.0,17742098,7975105024
World,2020-08-05,0,262748.0,17742098,7975105024
World,2020-08-06,0,262748.0,17742098,7975105024
World,2020-08-07,0,262748.0,17742098,7975105024
World,2020-08-08,0,262748.0,17742098,7975105024
World,2020-08-09,1838664,262666.29,19580762,7975105024
World,2020-08-10,0,262666.29,19580762,7975105024
World,2020-08-11,0,262666.29,19580762,7975105024
World,2020-08-12,0,262666.29,19580762,7975105024
World,2020-08-13,0,262666.29,19580762,7975105024
World,2020-08-14,0,262666.29,19580762,7975105024
World,2020-08-15,0,262666.29,19580762,7975105024
World,2020-08-16,1885276,269325.14,21466038,7975105024
World,2020-08-17,0,269325.14,21466038,7975105024
World,2020-08-18,0,269325.14,21466038,7975105024
World,2020-08-19,0,269325.14,21466038,7975105024
World,2020-08-20,0,269325.14,21466038,7975105024
World,2020-08-21,0,269325.14,21466038,7975105024
World,2020-08-22,0,269325.14,21466038,7975105024
World,2020-08-23,1823522,260503.14,23289560,7975105024
World,2020-08-24,0,260503.14,23289560,7975105024
World,2020-08-25,0,260503.14,23289560,7975105024
World,2020-08-26,0,260503.14,23289560,7975105024
World,2020-08-27,0,260503.14,23289560,7975105024
World,2020-08-28,0,260503.14,23289560,7975105024
World,2020-08-29,0,260503.14,23289560,7975105024
World,2020-08-30,1875228,267889.71,25164788,7975105024
World,2020-08-31,0,267889.71,25164788,7975105024
World,2020-09-01,0,267889.71,25164788,7975105024
World,2020-09-02,0,267889.71,25164788,7975105024
World,2020-09-03,0,267889.71,25164788,7975105024
World,2020-09-04,0,267889.71,25164788,7975105024
World,2020-09-05,0,267889.71,25164788,7975105024
World,2020-09-06,1985046,283578.0,27149834,7975105024
World,2020-09-07,0,283578.0,27149834,7975105024
World,2020-09-08,0,283578.0,27149834,7975105024
World,2020-09-09,0,283578.0,27149834,7975105024
World,2020-09-10,0,283578.0,27149834,7975105024
World,2020-09-11,0,283578.0,27149834,7975105024
World,2020-09-12,0,283578.0,27149834,7975105024
World,2020-09-13,1957986,279712.29,29106226,7975105024
World,2020-09-14,0,279712.29,29106226,7975105024
World,2020-09-15,0,279712.29,29106226,7975105024
World,2020-09-16,0,279712.29,29106226,7975105024
World,2020-09-17,0,279712.29,29106226,7975105024
World,2020-09-18,0,279712.29,29106226,7975105024
World,2020-09-19,0,279712.29,29106226,7975105024
World,2020-09-20,2096023,299431.86,31202249,7975105024
World,2020-09-21,0,299431.86,31202249,7975105024
World,2020-09-22,0,299431.86,31202249,7975105024
World,2020-09-23,0,299431.86,31202249,7975105024
World,2020-09-24,0,299431.86,31202249,7975105024
World,2020-09-25,0,299431.86,31202249,7975105024
World,2020-09-26,0,299431.86,31202249,7975105024
World,2020-09-27,2104030,300575.71,33306279,7975105024
World,2020-09-28,0,300575.71,33306279,7975105024
World,2020-09-29,0,300575.71,33306279,7975105024
World,2020-09-30,0,300575.71,33306279,7975105024
World,2020-10-01,0,300575.71,33306279,7975105024
World,2020-10-02,0,300575.71,33306279,7975105024
World,2020-10-03,0,300575.71,33306279,7975105024
World,2020-10-04,2133124,304732.0,35439403,7975105024
World,2020-10-05,0,304732.0,35439403,7975105024
World,2020-10-06,0,304732.0,35439403,7975105024
World,2020-10-07,0,304732.0,35439403,7975105024
World,2020-10-08,0,304732.0,35439403,7975105024
World,2020-10-09,0,304732.0,35439403,7975105024
World,2020-10-10,0,304732.0,35439403,7975105024
World,2020-10-11,2365164,337880.57,37804565,7975105024
World,2020-10-12,0,337880.57,37804565,7975105024
World,2020-10-13,0,337880.57,37804565,7975105024
World,2020-10-14,0,337880.57,37804565,7975105024
World,2020-10-15,0,337880.57,37804565,7975105024
World,2020-10-16,0,337880.57,37804565,7975105024
World,2020-10-17,0,337880.57,37804565,7975105024
World,2020-10-18,2598276,371182.29,40402841,7975105024
World,2020-10-19,0,371182.29,40402841,7975105024
World,2020-10-20,0,371182.29,40402841,7975105024
World,2020-10-21,0,371182.29,40402841,7975105024
World,2020-10-22,0,371182.29,40402841,7975105024
World,2020-10-23,0,371182.29,40402841,7975105024
World,2020-10-24,0,371182.29,40402841,7975105024
World,2020-10-25,3090898,441556.86,43493739,7975105024
World,2020-10-26,0,441556.86,43493739,7975105024
World,2020-10-27,0,441556.86,43493739,7975105024
World,2020-10-28,0,441556.86,43493739,7975105024
World,2020-10-29,0,441556.86,43493739,7975105024
World,2020-10-30,0,441556.86,43493739,7975105024
World,2020-10-31,0,441556.86,43493739,7975105024
World,2020-11-01,3526641,503805.86,47020380,7975105024
World,2020-11-02,0,503805.86,47020380,7975105024
World,2020-11-03,0,503805.86,47020380,7975105024
World,2020-11-04,0,503805.86,47020380,7975105024
World,2020-11-05,0,503805.86,47020380,7975105024
World,2020-11-06,0,503805.86,47020380,7975105024
World,2020-11-07,0,503805.86,47020380,7975105024
World,2020-11-08,3857588,551084.0,50877968,7975105024
World,2020-11-09,0,551084.0,50877968,7975105024
World,2020-11-10,0,551084.0,50877968,7975105024
World,2020-11-11,0,551084.0,50877968,7975105024
World,2020-11-12,0,551084.0,50877968,7975105024
World,2020-11-13,0,551084.0,50877968,7975105024
World,2020-11-14,0,551084.0,50877968,7975105024
World,2020-11-15,4049247,578463.86,54927215,7975105024
World,2020-11-16,0,578463.86,54927215,7975105024
World,2020-11-17,0,578463.86,54927215,7975105024
World,2020-11-18,0,578463.86,54927215,7975105024
World,2020-11-19,0,578463.86,54927215,7975105024
World,2020-11-20,0,578463.86,54927215,7975105024
World,2020-11-21,0,578463.86,54927215,7975105024
World,2020-11-22,4110813,587259.0,59038028,7975105024
World,2020-11-23,0,587259.0,59038028,7975105024
World,2020-11-24,0,587259.0,59038028,7975105024
World,2020-11-25,0,587259.0,59038028,7975105024
World,2020-11-26,0,587259.0,59038028,7975105024
World,2020-11-27,0,587259.0,59038028,7975105024
World,2020-11-28,0,587259.0,59038028,7975105024
World,2020-11-29,4022147,574592.43,63060175,7975105024
World,2020-11-30,0,574592.43,63060175,7975105024
World,2020-12-01,0,574592.43,63060175,7975105024
World,2020-12-02,0,574592.43,63060175,7975105024
World,2020-12-03,0,574592.43,63060175,7975105024
World,2020-12-04,0,574592.43,63060175,7975105024
World,2020-12-05,0,574592.43,63060175,7975105024
World,2020-12-06,4200839,600119.86,67261014,7975105024
World,2020-12-07,0,600119.86,67261014,7975105024
World,2020-12-08,0,600119.86,67261014,7975105024
World,2020-12-09,0,600119.86,67261014,7975105024
World,2020-12-10,0,600119.86,67261014,7975105024
World,2020-12-11,0,600119.86,67261014,7975105024
World,2020-12-12,0,600119.86,67261014,7975105024
World,2020-12-13,4394478,627782.57,71655492,7975105024
World,2020-12-14,0,627782.57,71655492,7975105024
World,2020-12-15,0,627782.57,71655492,7975105024
World,2020-12-16,0,627782.57,71655492,7975105024
World,2020-12-17,0,627782.57,71655492,7975105024
World,2020-12-18,0,627782.57,71655492,7975105024
World,2020-12-19,0,627782.57,71655492,7975105024
World,2020-12-20,4542432,648918.86,76197924,7975105024
World,2020-12-21,0,648918.86,76197924,7975105024
World,2020-12-22,0,648918.86,76197924,7975105024
World,2020-12-23,0,648918.86,76197924,7975105024
World,2020-12-24,0,648918.86,76197924,7975105024
World,2020-12-25,0,648918.86,76197924,7975105024
World,2020-12-26,0,648918.86,76197924,7975105024
World,2020-12-27,4118121,588303.0,80316045,7975105024
World,2020-12-28,0,588303.0,80316045,7975105024
World,2020-12-29,0,588303.0,80316045,7975105024
World,2020-12-30,0,588303.0,80316045,7975105024
World,2020-12-31,0,588303.0,80316045,7975105024
World,2021-01-01,0,588303.0,80316045,7975105024
World,2021-01-02,0,588303.0,80316045,7975105024
World,2021-01-03,4246641,606663.0,84562686,7975105024
World,2021-01-04,0,606663.0,84562686,7975105024
World,2021-01-05,0,606663.0,84562686,7975105024
World,2021-01-06,0,606663.0,84562686,7975105024
World,2021-01-07,0,606663.0,84562686,7975105024
World,2021-01-08,0,606663.0,84562686,7975105024
World,2021-01-09,0,606663.0,84562686,7975105024
World,2021-01-10,5007618,715374.0,89570304,7975105024
World,2021-01-11,0,715374.0,89570304,7975105024
World,2021-01-12,0,715374.0,89570304,7975105024
World,2021-01-13,0,715374.0,89570304,7975105024
World,2021-01-14,0,715374.0,89570304,7975105024
World,2021-01-15,0,715374.0,89570304,7975105024
World,2021-01-16,0,715374.0,89570304,7975105024
World,2021-01-17,4853319,693331.29,94423623,7975105024
World,2021-01-18,0,693331.29,94423623,7975105024
World,2021-01-19,0,693331.29,94423623,7975105024
World,2021-01-20,0,693331.29,94423623,7975105024
World,2021-01-21,0,693331.29,94423623,7975105024
World,2021-01-22,0,693331.29,94423623,7975105024
World,2021-01-23,0,693331.29,94423623,7975105024
World,2021-01-24,4227124,603874.86,98650747,7975105024
World,2021-01-25,0,603874.86,98650747,7975105024
World,2021-01-26,0,603874.86,98650747,7975105024
World,2021-01-27,0,603874.86,98650747,7975105024
World,2021-01-28,0,603874.86,98650747,7975105024
World,2021-01-29,0,603874.86,98650747,7975105024
World,2021-01-30,0,603874.86,98650747,7975105024
World,2021-01-31,3735931,533704.43,102386678,7975105024
World,2021-02-01,0,533704.43,102386678,7975105024
World,2021-02-02,0,533704.43,102386678,7975105024
World,2021-02-03,0,533704.43,102386678,7975105024
World,2021-02-04,0,533704.43,102386678,7975105024
World,2021-02-05,0,533704.43,102386678,7975105024
World,2021-02-06,0,533704.43,102386678,7975105024
World,2021-02-07,3165479,452211.29,105552157,7975105024
World,2021-02-08,0,452211.29,105552157,7975105024
World,2021-02-09,0,452211.29,105552157,7975105024
World,2021-02-10,0,452211.29,105552157,7975105024
World,2021-02-11,0,452211.29,105552157,7975105024
World,2021-02-12,0,452211.29,105552157,7975105024
World,2021-02-13,0,452211.29,105552157,7975105024
World,2021-02-14,2720814,388687.71,108272971,7975105024
World,2021-02-15,0,388687.71,108272971,7975105024
World,2021-02-16,0,388687.71,108272971,7975105024
World,2021-02-17,0,388687.71,108272971,7975105024
World,2021-02-18,0,388687.71,108272971,7975105024
World,2021-02-19,0,388687.71,108272971,7975105024
World,2021-02-20,0,388687.71,108272971,7975105024
World,2021-02-21,2474264,353466.29,110747235,7975105024
World,2021-02-22,0,353466.29,110747235,7975105024
World,2021-02-23,0,353466.29,110747235,7975105024
World,2021-02-24,0,353466.29,110747235,7975105024
World,2021-02-25,0,353466.29,110747235,7975105024
World,2021-02-26,0,353466.29,110747235,7975105024
World,2021-02-27,0,353466.29,110747235,7975105024
World,2021-02-28,2661476,380210.86,113408711,7975105024
World,2021-03-01,0,380210.86,113408711,7975105024
World,2021-03-02,0,380210.86,113408711,7975105024
World,2021-03-03,0,380210.86,113408711,7975105024
World,2021-03-04,0,380210.86,113408711,7975105024
World,2021-03-05,0,380210.86,113408711,7975105024
World,2021-03-06,0,380210.86,113408711,7975105024
World,2021-03-07,2737571,391081.57,116146282,7975105024
World,2021-03-08,0,391081.57,116146282,7975105024
World,2021-03-09,0,391081.57,116146282,7975105024
World,2021-03-10,0,391081.57,116146282,7975105024
World,2021-03-11,0,391081.57,116146282,7975105024
World,2021-03-12,0,391081.57,116146282,7975105024
World,2021-03-13,0,391081.57,116146282,7975105024
World,2021-03-14,2963243,423320.43,119109525,7975105024
World,2021-03-15,0,423320.43,119109525,7975105024
World,2021-03-16,0,423320.43,119109525,7975105024
World,2021-03-17,0,423320.43,119109525,7975105024
World,2021-03-18,0,423320.43,119109525,7975105024
World,2021-03-19,0,423320.43,119109525,7975105024
World,2021-03-20,0,423320.43,119109525,7975105024
World,2021-03-21,3328321,475474.43,122437846,7975105024
World,2021-03-22,0,475474.43,122437846,7975105024
World,2021-03-23,0,475474.43,122437846,7975105024
World,2021-03-24,0,475474.43,122437846,7975105024
World,2021-03-25,0,475474.43,122437846,7975105024
World,2021-03-26,0,475474.43,122437846,7975105024
World,2021-03-27,0,475474.43,122437846,7975105024
World,2021-03-28,3832510,547501.43,126270356,7975105024
World,2021-03-29,0,547501.43,126270356,7975105024
World,2021-03-30,0,547501.43,126270356,7975105024
World,2021-03-31,0,547501.43,126270356,7975105024
World,2021-04-01,0,547501.43,126270356,7975105024
World,2021-04-02,0,547501.43,126270356,7975105024
World,2021-04-03,0,547501.43,126270356,7975105024
World,2021-04-04,4113875,587696.43,130384231,7975105024
World,2021-04-05,0,587696.43,130384231,7975105024
World,2021-04-06,0,587696.43,130384231,7975105024
World,2021-04-07,0,587696.43,130384231,7975105024
World,2021-04-08,0,587696.43,130384231,7975105024
World,2021-04-09,0,587696.43,130384231,7975105024
World,2021-04-10,0,587696.43,130384231,7975105024
World,2021-04-11,4559074,651296.29,134943305,7975105024
World,2021-04-12,0,651296.29,134943305,7975105024
World,2021-04-13,0,651296.29,134943305,7975105024
World,2021-04-14,0,651296.29,134943305,7975105024
World,2021-04-15,0,651296.29,134943305,7975105024
World,2021-04-16,0,651296.29,134943305,7975105024
World,2021-04-17,0,651296.29,134943305,7975105024
World,2021-04-18,5232835,747547.86,140176140,7975105024
World,2021-04-19,0,747547.86,140176140,7975105024
World,2021-04-20,0,747547.86,140176140,7975105024
World,2021-04-21,0,747547.86,140176140,7975105024
World,2021-04-22,0,747547.86,140176140,7975105024
World,2021-04-23,0,747547.86,140176140,7975105024
World,2021-04-24,0,747547.86,140176140,7975105024
World,2021-04-25,5695989,813712.71,145872129,7975105024
World,2021-04-26,0,813712.71,145872129,7975105024
World,2021-04-27,0,813712.71,145872129,7975105024
World,2021-04-28,0,813712.71,145872129,7975105024
World,2021-04-29,0,813712.71,145872129,7975105024
World,2021-04-30,0,813712.71,145872129,7975105024
World,2021-05-01,0,813712.71,145872129,7975105024
World,2021-05-02,5694041,813434.43,151566170,7975105024
World,2021-05-03,0,813434.43,151566170,7975105024
World,2021-05-04,0,813434.43,151566170,7975105024
World,2021-05-05,0,813434.43,151566170,7975105024
World,2021-05-06,0,813434.43,151566170,7975105024
World,2021-05-07,0,813434.43,151566170,7975105024
World,2021-05-08,0,813434.43,151566170,7975105024
World,2021-05-09,5464575,780653.57,157030745,7975105024
World,2021-05-10,0,780653.57,157030745,7975105024
World,2021-05-11,0,780653.57,157030745,7975105024
World,2021-05-12,0,780653.57,157030745,7975105024
World,2021-05-13,0,780653.57,157030745,7975105024
World,2021-05-14,0,780653.57,157030745,7975105024
World,2021-05-15,0,780653.57,157030745,7975105024
World,2021-05-16,4812039,687434.14,161842784,7975105024
World,2021-05-17,0,687434.14,161842784,7975105024
World,2021-05-18,0,687434.14,161842784,7975105024
World,2021-05-19,0,687434.14,161842784,7975105024
World,2021-05-20,0,687434.14,161842784,7975105024
World,2021-05-21,0,687434.14,161842784,7975105024
World,2021-05-22,0,687434.14,161842784,7975105024
World,2021-05-23,4216681,602383.0,166058590,7975105024
World,2021-05-24,0,602383.0,166058590,7975105024
World,2021-05-25,0,602383.0,166058590,7975105024
World,2021-05-26,0,602383.0,166058590,7975105024
World,2021-05-27,0,602383.0,166058590,7975105024
World,2021-05-28,0,602383.0,166058590,7975105024
World,2021-05-29,0,602383.0,166058590,7975105024
World,2021-05-30,3547504,506786.29,169606094,7975105024
World,2021-05-31,0,506786.29,169606094,7975105024
World,2021-06-01,0,506786.29,169606094,7975105024
World,2021-06-02,0,506786.29,169606094,7975105024
World,2021-06-03,0,506786.29,169606094,7975105024
World,2021-06-04,0,506786.29,169606094,7975105024
World,2021-06-05,0,506786.29,169606094,7975105024
World,2021-06-06,3006019,429431.29,172612113,7975105024
World,2021-06-07,0,429431.29,172612113,7975105024
World,2021-06-08,0,429431.29,172612113,7975105024
World,2021-06-09,0,429431.29,172612113,7975105024
World,2021-06-10,0,429431.29,172612113,7975105024
World,2021-06-11,0,429431.29,172612113,7975105024
World,2021-06-12,0,429431.29,172612113,7975105024
World,2021-06-13,2647895,378270.71,175260008,7975105024
World,2021-06-14,0,378270.71,175260008,7975105024
World,2021-06-15,0,378270.71,175260008,7975105024
World,2021-06-16,0,378270.71,175260008,7975105024
World,2021-06-17,0,378270.71,175260008,7975105024
World,2021-06-18,0,378270.71,175260008,7975105024
World,2021-06-19,0,378270.71,175260008,7975105024
World,2021-06-20,2537142,362448.86,177797150,7975105024
World,2021-06-21,0,362448.86,177797150,7975105024
World,2021-06-22,0,362448.86,177797150,7975105024
World,2021-06-23,0,362448.86,177797150,7975105024
World,2021-06-24,0,362448.86,177797150,7975105024
World,2021-06-25,0,362448.86,177797150,7975105024
World,2021-06-26,0,362448.86,177797150,7975105024
World,2021-06-27,2631879,375982.71,180429029,7975105024
World,2021-06-28,0,375982.71,180429029,7975105024
World,2021-06-29,0,375982.71,180429029,7975105024
World,2021-06-30,0,375982.71,180429029,7975105024
World,2021-07-01,0,375982.71,180429029,7975105024
World,2021-07-02,0,375982.71,180429029,7975105024
World,2021-07-03,0,375982.71,180429029,7975105024
World,2021-07-04,2760328,394332.57,183189357,7975105024
World,2021-07-05,0,394332.57,183189357,7975105024
World,2021-07-06,0,394332.57,183189357,7975105024
World,2021-07-07,0,394332.57,183189357,7975105024
World,2021-07-08,0,394332.57,183189357,7975105024
World,2021-07-09,0,394332.57,183189357,7975105024
World,2021-07-10,0,394332.57,183189357,7975105024
World,2021-07-11,3286176,469453.71,186475533,7975105024
World,2021-07-12,0,469453.71,186475533,7975105024
World,2021-07-13,0,469453.71,186475533,7975105024
World,2021-07-14,0,469453.71,186475533,7975105024
World,2021-07-15,0,469453.71,186475533,7975105024
World,2021-07-16,0,469453.71,186475533,7975105024
World,2021-07-17,0,469453.71,186475533,7975105024
World,2021-07-18,3607142,515306.0,190082675,7975105024
World,2021-07-19,0,515306.0,190082675,7975105024
World,2021-07-20,0,515306.0,190082675,7975105024
World,2021-07-21,0,515306.0,190082675,7975105024
World,2021-07-22,0,515306.0,190082675,7975105024
World,2021-07-23,0,515306.0,190082675,7975105024
World,2021-07-24,0,515306.0,190082675,7975105024
World,2021-07-25,3757104,536729.14,193839779,7975105024
World,2021-07-26,0,536729.14,193839779,7975105024
World,2021-07-27,0,536729.14,193839779,7975105024
World,2021-07-28,0,536729.14,193839779,7975105024
World,2021-07-29,0,536729.14,193839779,7975105024
World,2021-07-30,0,536729.14,193839779,7975105024
World,2021-07-31,0,536729.14,193839779,7975105024
World,2021-08-01,4144048,592006.86,197983827,7975105024
World,2021-08-02,0,592006.86,197983827,7975105024
World,2021-08-03,0,592006.86,197983827,7975105024
World,2021-08-04,0,592006.86,197983827,7975105024
World,2021-08-05,0,592006.86,197983827,7975105024
World,2021-08-06,0,592006.86,197983827,7975105024
World,2021-08-07,0,592006.86,197983827,7975105024
World,2021-08-08,4421909,631701.29,202405736,7975105024
World,2021-08-09,0,631701.29,202405736,7975105024
World,2021-08-10,0,631701.29,202405736,7975105024
World,2021-08-11,0,631701.29,202405736,7975105024
World,2021-08-12,0,631701.29,202405736,7975105024
World,2021-08-13,0,631701.29,202405736,7975105024
World,2021-08-14,0,631701.29,202405736,7975105024
World,2021-08-15,4519943,645706.14,206925679,7975105024
World,2021-08-16,0,645706.14,206925679,7975105024
World,2021-08-17,0,645706.14,206925679,7975105024
World,2021-08-18,0,645706.14,206925679,7975105024
World,2021-08-19,0,645706.14,206925679,7975105024
World,2021-08-20,0,645706.14,206925679,7975105024
World,2021-08-21,0,645706.14,206925679,7975105024
World,2021-08-22,4599083,657011.86,211524762,7975105024
World,2021-08-23,0,657011.86,211524762,7975105024
World,2021-08-24,0,657011.86,211524762,7975105024
World,2021-08-25,0,657011.86,211524762,7975105024
World,2021-08-26,0,657011.86,211524762,7975105024
World,2021-08-27,0,657011.86,211524762,7975105024
World,2021-08-28,0,657011.86,211524762,7975105024
World,2021-08-29,4568853,652693.29,216093615,7975105024
World,2021-08-30,0,652693.29,216093615,7975105024
World,2021-08-31,0,652693.29,216093615,7975105024
World,2021-09-01,0,652693.29,216093615,7975105024
World,2021-09-02,0,652693.29,216093615,7975105024
World,2021-09-03,0,652693.29,216093615,7975105024
World,2021-09-04,0,652693.29,216093615,7975105024
World,2021-09-05,4359886,622840.86,220453501,7975105024
World,2021-09-06,0,622840.86,220453501,7975105024
World,2021-09-07,0,622840.86,220453501,7975105024
World,2021-09-08,0,622840.86,220453501,7975105024
World,2021-09-09,0,622840.86,220453501,7975105024
World,2021-09-10,0,622840.86,220453501,7975105024
World,2021-09-11,0,622840.86,220453501,7975105024
World,2021-09-12,3930802,561543.14,224384303,7975105024
World,2021-09-13,0,561543.14,224384303,7975105024
World,2021-09-14,0,561543.14,224384303,7975105024
World,2021-09-15,0,561543.14,224384303,7975105024
World,2021-09-16,0,561543.14,224384303,7975105024
World,2021-09-17,0,561543.14,224384303,7975105024
World,2021-09-18,0,561543.14,224384303,7975105024
World,2021-09-19,3685775,526539.29,228070078,7975105024
World,2021-09-20,0,526539.29,228070078,7975105024
World,2021-09-21,0,526539.29,228070078,7975105024
World,2021-09-22,0,526539.29,228070078,7975105024
World,2021-09-23,0,526539.29,228070078,7975105024
World,2021-09-24,0,526539.29,228070078,7975105024
World,2021-09-25,0,526539.29,228070078,7975105024
World,2021-09-26,3507874,501124.86,231577952,7975105024
World,2021-09-27,0,501124.86,231577952,7975105024
World,2021-09-28,0,501124.86,231577952,7975105024
World,2021-09-29,0,501124.86,231577952,7975105024
World,2021-09-30,0,501124.86,231577952,7975105024
World,2021-10-01,0,501124.86,231577952,7975105024
World,2021-10-02,0,501124.86,231577952,7975105024
World,2021-10-03,3110823,444403.29,234688775,7975105024
World,2021-10-04,0,444403.29,234688775,7975105024
World,2021-10-05,0,444403.29,234688775,7975105024
World,2021-10-06,0,444403.29,234688775,7975105024
World,2021-10-07,0,444403.29,234688775,7975105024
World,2021-10-08,0,444403.29,234688775,7975105024
World,2021-10-09,0,444403.29,234688775,7975105024
World,2021-10-10,2957292,422470.29,237646067,7975105024
World,2021-10-11,0,422470.29,237646067,7975105024
World,2021-10-12,0,422470.29,237646067,7975105024
World,2021-10-13,0,422470.29,237646067,7975105024
World,2021-10-14,0,422470.29,237646067,7975105024
World,2021-10-15,0,422470.29,237646067,7975105024
World,2021-10-16,0,422470.29,237646067,7975105024
World,2021-10-17,2883607,411943.86,240529674,7975105024
World,2021-10-18,0,411943.86,240529674,7975105024
World,2021-10-19,0,411943.86,240529674,7975105024
World,2021-10-20,0,411943.86,240529674,7975105024
World,2021-10-21,0,411943.86,240529674,7975105024
World,2021-10-22,0,411943.86,240529674,7975105024
World,2021-10-23,0,411943.86,240529674,7975105024
World,2021-10-24,3006527,429503.86,243536201,7975105024
World,2021-10-25,0,429503.86,243536201,7975105024
World,2021-10-26,0,429503.86,243536201,7975105024
World,2021-10-27,0,429503.86,243536201,7975105024
World,2021-10-28,0,429503.86,243536201,7975105024
World,2021-10-29,0,429503.86,243536201,7975105024
World,2021-10-30,0,429503.86,243536201,7975105024
World,2021-10-31,3127850,446835.71,246664051,7975105024
World,2021-11-01,0,446835.71,246664051,7975105024
World,2021-11-02,0,446835.71,246664051,7975105024
World,2021-11-03,0,446835.71,246664051,7975105024
World,2021-11-04,0,446835.71,246664051,7975105024
World,2021-11-05,0,446835.71,246664051,7975105024
World,2021-11-06,0,446835.71,246664051,7975105024
World,2021-11-07,3180305,454329.29,249844356,7975105024
World,2021-11-08,0,454329.29,249844356,7975105024
World,2021-11-09,0,454329.29,249844356,7975105024
World,2021-11-10,0,454329.29,249844356,7975105024
World,2021-11-11,0,454329.29,249844356,7975105024
World,2021-11-12,0,454329.29,249844356,7975105024
World,2021-11-13,0,454329.29,249844356,7975105024
World,2021-11-14,3477998,496856.86,253322354,7975105024
World,2021-11-15,0,496856.86,253322354,7975105024
World,2021-11-16,0,496856.86,253322354,7975105024
World,2021-11-17,0,496856.86,253322354,7975105024
World,2021-11-18,0,496856.86,253322354,7975105024
World,2021-11-19,0,496856.86,253322354,7975105024
World,2021-11-20,0,496856.86,253322354,7975105024
World,2021-11-21,3863386,551912.29,257185740,7975105024
World,2021-11-22,0,551912.29,257185740,7975105024
World,2021-11-23,0,551912.29,257185740,7975105024
World,2021-11-24,0,551912.29,257185740,7975105024
World,2021-11-25,0,551912.29,257185740,7975105024
World,2021-11-26,0,551912.29,257185740,7975105024
World,2021-11-27,0,551912.29,257185740,7975105024
World,2021-11-28,4047356,578193.71,261233096,7975105024
World,2021-11-29,0,578193.71,261233096,7975105024
World,2021-11-30,0,578193.71,261233096,7975105024
World,2021-12-01,0,578193.71,261233096,7975105024
World,2021-12-02,0,578193.71,261233096,7975105024
World,2021-12-03,0,578193.71,261233096,7975105024
World,2021-12-04,0,578193.71,261233096,7975105024
World,2021-12-05,4273393,610484.71,265506489,7975105024
World,2021-12-06,0,610484.71,265506489,7975105024
World,2021-12-07,0,610484.71,265506489,7975105024
World,2021-12-08,0,610484.71,265506489,7975105024
World,2021-12-09,0,610484.71,265506489,7975105024
World,2021-12-10,0,610484.71,265506489,7975105024
World,2021-12-11,0,610484.71,265506489,7975105024
World,2021-12-12,4314007,616286.71,269820496,7975105024
World,2021-12-13,0,616286.71,269820496,7975105024
World,2021-12-14,0,616286.71,269820496,7975105024
World,2021-12-15,0,616286.71,269820496,7975105024
World,2021-12-16,0,616286.71,269820496,7975105024
World,2021-12-17,0,616286.71,269820496,7975105024
World,2021-12-18,0,616286.71,269820496,7975105024
World,2021-12-19,4702827,671832.43,274523323,7975105024
World,2021-12-20,0,671832.43,274523323,7975105024
World,2021-12-21,0,671832.43,274523323,7975105024
World,2021-12-22,0,671832.43,274523323,7975105024
World,2021-12-23,0,671832.43,274523323,7975105024
World,2021-12-24,0,671832.43,274523323,7975105024
World,2021-12-25,0,671832.43,274523323,7975105024
World,2021-12-26,6090327,870046.71,280613650,7975105024
World,2021-12-27,0,870046.71,280613650,7975105024
World,2021-12-28,0,870046.71,280613650,7975105024
World,2021-12-29,0,870046.71,280613650,7975105024
World,2021-12-30,0,870046.71,280613650,7975105024
World,2021-12-31,0,870046.71,280613650,7975105024
World,2022-01-01,0,870046.71,280613650,7975105024
World,2022-01-02,10468828,1495546.86,291082478,7975105024
World,2022-01-03,0,1495546.86,291082478,7975105024
World,2022-01-04,0,1495546.86,291082478,7975105024
World,2022-01-05,0,1495546.86,291082478,7975105024
World,2022-01-06,0,1495546.86,291082478,7975105024
World,2022-01-07,0,1495546.86,291082478,7975105024
World,2022-01-08,0,1495546.86,291082478,7975105024
World,2022-01-09,16597488,2371069.71,307679966,7975105024
World,2022-01-10,0,2371069.71,307679966,7975105024
World,2022-01-11,0,2371069.71,307679966,7975105024
World,2022-01-12,0,2371069.71,307679966,7975105024
World,2022-01-13,0,2371069.71,307679966,7975105024
World,2022-01-14,0,2371069.71,307679966,7975105024
World,2022-01-15,0,2371069.71,307679966,7975105024
World,2022-01-16,20661705,2951672.14,328341671,7975105024
World,2022-01-17,0,2951672.14,328341671,7975105024
World,2022-01-18,0,2951672.14,328341671,7975105024
World,2022-01-19,0,2951672.14,328341671,7975105024
World,2022-01-20,0,2951672.14,328341671,7975105024
World,2022-01-21,0,2951672.14,328341671,7975105024
World,2022-01-22,0,2951672.14,328341671,7975105024
World,2022-01-23,23541614,3363087.71,351883285,7975105024
World,2022-01-24,0,3363087.71,351883285,7975105024
World,2022-01-25,0,3363087.71,351883285,7975105024
World,2022-01-26,0,3363087.71,351883285,7975105024
World,2022-01-27,0,3363087.71,351883285,7975105024
World,2022-01-28,0,3363087.71,351883285,7975105024
World,2022-01-29,0,3363087.71,351883285,7975105024
World,2022-01-30,23424524,3346360.57,375307809,7975105024
World,2022-01-31,0,3346360.57,375307809,7975105024
World,2022-02-01,0,3346360.57,375307809,7975105024
World,2022-02-02,0,3346360.57,375307809,7975105024
World,2022-02-03,0,3346360.57,375307809,7975105024
World,2022-02-04,0,3346360.57,375307809,7975105024
World,2022-02-05,0,3346360.57,375307809,7975105024
World,2022-02-06,19928202,2846886.0,395236011,7975105024
World,2022-02-07,0,2846886.0,395236011,7975105024
World,2022-02-08,0,2846886.0,395236011,7975105024
World,2022-02-09,0,2846886.0,395236011,7975105024
World,2022-02-10,0,2846886.0,395236011,7975105024
World,2022-02-11,0,2846886.0,395236011,7975105024
World,2022-02-12,0,2846886.0,395236011,7975105024
World,2022-02-13,15911905,2273129.29,411147916,7975105024
World,2022-02-14,0,2273129.29,411147916,7975105024
World,2022-02-15,0,2273129.29,411147916,7975105024
World,2022-02-16,0,2273129.29,411147916,7975105024
World,2022-02-17,0,2273129.29,411147916,7975105024
World,2022-02-18,0,2273129.29,411147916,7975105024
World,2022-02-19,0,2273129.29,411147916,7975105024
World,2022-02-20,12871674,1838810.57,424019590,7975105024
World,2022-02-21,0,1838810.57,424019590,7975105024
World,2022-02-22,0,1838810.57,424019590,7975105024
World,2022-02-23,0,1838810.57,424019590,7975105024
World,2022-02-24,0,1838810.57,424019590,7975105024
World,2022-02-25,0,1838810.57,424019590,7975105024
World,2022-02-26,0,1838810.57,424019590,7975105024
World,2022-02-27,11049873,1578553.29,435069463,7975105024
World,2022-02-28,0,1578553.29,435069463,7975105024
World,2022-03-01,0,1578553.29,435069463,7975105024
World,2022-03-02,0,1578553.29,435069463,7975105024
World,2022-03-03,0,1578553.29,435069463,7975105024
World,2022-03-04,0,1578553.29,435069463,7975105024
World,2022-03-05,0,1578553.29,435069463,7975105024
World,2022-03-06,10900250,1557178.57,445969713,7975105024
World,2022-03-07,0,1557178.57,445969713,7975105024
World,2022-03-08,0,1557178.57,445969713,7975105024
World,2022-03-09,0,1557178.57,445969713,7975105024
World,2022-03-10,0,1557178.57,445969713,7975105024
World,2022-03-11,0,1557178.57,445969713,7975105024
World,2022-03-12,0,1557178.57,445969713,7975105024
World,2022-03-13,11805470,1686495.71,457775183,7975105024
World,2022-03-14,0,1686495.71,457775183,7975105024
World,2022-03-15,0,1686495.71,457775183,7975105024
World,2022-03-16,0,1686495.71,457775183,7975105024
World,2022-03-17,0,1686495.71,457775183,7975105024
World,2022-03-18,0,1686495.71,457775183,7975105024
World,2022-03-19,0,1686495.71,457775183,7975105024
World,2022-03-20,12378484,1768354.86,470153569,7975105024
World,2022-03-21,0,1768354.86,470153569,7975105024
World,2022-03-22,0,1768354.86,470153569,7975105024
World,2022-03-23,0,1768354.86,470153569,7975105024
World,2022-03-24,0,1768354.86,470153569,7975105024
World,2022-03-25,0,1768354.86,470153569,7975105024
World,2022-03-26,0,1768354.86,470153569,7975105024
World,2022-03-27,10998281,1571183.0,481151850,7975105024
World,2022-03-28,0,1571183.0,481151850,7975105024
World,2022-03-29,0,1571183.0,481151850,7975105024
World,2022-03-30,0,1571183.0,481151850,7975105024
World,2022-03-31,0,1571183.0,481151850,7975105024
World,2022-04-01,0,1571183.0,481151850,7975105024
World,2022-04-02,0,1571183.0,481151850,7975105024
World,2022-04-03,9369181,1338454.43,490521031,7975105024
World,2022-04-04,0,1338454.43,490521031,7975105024
World,2022-04-05,0,1338454.43,490521031,7975105024
World,2022-04-06,0,1338454.43,490521031,7975105024
World,2022-04-07,0,1338454.43,490521031,7975105024
World,2022-04-08,0,1338454.43,490521031,7975105024
World,2022-04-09,0,1338454.43,490521031,7975105024
World,2022-04-10,7200184,1028597.71,497721213,7975105024
World,2022-04-11,0,1028597.71,497721213,7975105024
World,2022-04-12,0,1028597.71,497721213,7975105024
World,2022-04-13,0,1028597.71,497721213,7975105024
World,2022-04-14,0,1028597.71,497721213,7975105024
World,2022-04-15,0,1028597.71,497721213,7975105024
World,2022-04-16,0,1028597.71,497721213,7975105024
World,2022-04-17,5697811,813973.0,503419024,7975105024
World,2022-04-18,0,813973.0,503419024,7975105024
World,2022-04-19,0,813973.0,503419024,7975105024
World,2022-04-20,0,813973.0,503419024,7975105024
World,2022-04-21,0,813973.0,503419024,7975105024
World,2022-04-22,0,813973.0,503419024,7975105024
World,2022-04-23,0,813973.0,503419024,7975105024
World,2022-04-24,4703247,671892.43,508122271,7975105024
World,2022-04-25,0,671892.43,508122271,7975105024
World,2022-04-26,0,671892.43,508122271,7975105024
World,2022-04-27,0,671892.43,508122271,7975105024
World,2022-04-28,0,671892.43,508122271,7975105024
World,2022-04-29,0,671892.43,508122271,7975105024
World,2022-04-30,0,671892.43,508122271,7975105024
World,2022-05-01,3998913,571273.29,512121184,7975105024
World,2022-05-02,0,571273.29,512121184,7975105024
World,2022-05-03,0,571273.29,512121184,7975105024
World,2022-05-04,0,571273.29,512121184,7975105024
World,2022-05-05,0,571273.29,512121184,7975105024
World,2022-05-06,0,571273.29,512121184,7975105024
World,2022-05-07,0,571273.29,512121184,7975105024
World,2022-05-08,3619137,517019.57,515740321,7975105024
World,2022-05-09,0,517019.57,515740321,7975105024
World,2022-05-10,0,517019.57,515740321,7975105024
World,2022-05-11,0,517019.57,515740321,7975105024
World,2022-05-12,0,517019.57,515740321,7975105024
World,2022-05-13,0,517019.57,515740321,7975105024
World,2022-05-14,0,517019.57,515740321,7975105024
World,2022-05-15,3964199,566314.14,519704520,7975105024
World,2022-05-16,0,566314.14,519704520,7975105024
World,2022-05-17,0,566314.14,519704520,7975105024
World,2022-05-18,0,566314.14,519704520,7975105024
World,2022-05-19,0,566314.14,519704520,7975105024
World,2022-05-20,0,566314.14,519704520,7975105024
World,2022-05-21,0,566314.14,519704520,7975105024
World,2022-05-22,3782153,540307.57,523486673,7975105024
World,2022-05-23,0,540307.57,523486673,7975105024
World,2022-05-24,0,540307.57,523486673,7975105024
World,2022-05-25,0,540307.57,523486673,7975105024
World,2022-05-26,0,540307.57,523486673,7975105024
World,2022-05-27,0,540307.57,523486673,7975105024
World,2022-05-28,0,540307.57,523486673,7975105024
World,2022-05-29,3387015,483859.29,526873688,7975105024
World,2022-05-30,0,483859.29,526873688,7975105024
World,2022-05-31,0,483859.29,526873688,7975105024
World,2022-06-01,0,483859.29,526873688,7975105024
World,2022-06-02,0,483859.29,526873688,7975105024
World,2022-06-03,0,483859.29,526873688,7975105024
World,2022-06-04,0,483859.29,526873688,7975105024
World,2022-06-05,3259098,465585.43,530132786,7975105024
World,2022-06-06,0,465585.43,530132786,7975105024
World,2022-06-07,0,465585.43,530132786,7975105024
World,2022-06-08,0,465585.43,530132786,7975105024
World,2022-06-09,0,465585.43,530132786,7975105024
World,2022-06-10,0,465585.43,530132786,7975105024
World,2022-06-11,0,465585.43,530132786,7975105024
World,2022-06-12,3523294,503327.71,533656080,7975105024
World,2022-06-13,0,503327.71,533656080,7975105024
World,2022-06-14,0,503327.71,533656080,7975105024
World,2022-06-15,0,503327.71,533656080,7975105024
World,2022-06-16,0,503327.71,533656080,7975105024
World,2022-06-17,0,503327.71,533656080,7975105024
World,2022-06-18,0,503327.71,533656080,7975105024
World,2022-06-19,3770613,538659.0,537426693,7975105024
World,2022-06-20,0,538659.0,537426693,7975105024
World,2022-06-21,0,538659.0,537426693,7975105024
World,2022-06-22,0,538659.0,537426693,7975105024
World,2022-06-23,0,538659.0,537426693,7975105024
World,2022-06-24,0,538659.0,537426693,7975105024
World,2022-06-25,0,538659.0,537426693,7975105024
World,2022-06-26,4592262,656037.43,542018955,7975105024
World,2022-06-27,0,656037.43,542018955,7975105024
World,2022-06-28,0,656037.43,542018955,7975105024
World,2022-06-29,0,656037.43,542018955,7975105024
World,2022-06-30,0,656037.43,542018955,7975105024
World,2022-07-01,0,656037.43,542018955,7975105024
World,2022-07-02,0,656037.43,542018955,7975105024
World,2022-07-03,5282069,754581.29,547301024,7975105024
World,2022-07-04,0,754581.29,547301024,7975105024
World,2022-07-05,0,754581.29,547301024,7975105024
World,2022-07-06,0,754581.29,547301024,7975105024
World,2022-07-07,0,754581.29,547301024,7975105024
World,2022-07-08,0,754581.29,547301024,7975105024
World,2022-07-09,0,754581.29,547301024,7975105024
World,2022-07-10,6341962,905994.57,553642986,7975105024
World,2022-07-11,0,905994.57,553642986,7975105024
World,2022-07-12,0,905994.57,553642986,7975105024
World,2022-07-13,0,905994.57,553642986,7975105024
World,2022-07-14,0,905994.57,553642986,7975105024
World,2022-07-15,0,905994.57,553642986,7975105024
World,2022-07-16,0,905994.57,553642986,7975105024
World,2022-07-17,6978602,996943.14,560621588,7975105024
World,2022-07-18,0,996943.14,560621588,7975105024
World,2022-07-19,0,996943.14,560621588,7975105024
World,2022-07-20,0,996943.14,560621588,7975105024
World,2022-07-21,0,996943.14,560621588,7975105024
World,2022-07-22,0,996943.14,560621588,7975105024
World,2022-07-23,0,996943.14,560621588,7975105024
World,2022-07-24,7173720,1024817.14,567795308,7975105024
World,2022-07-25,0,1024817.14,567795308,7975105024
World,2022-07-26,0,1024817.14,567795308,7975105024
World,2022-07-27,0,1024817.14,567795308,7975105024
World,2022-07-28,0,1024817.14,567795308,7975105024
World,2022-07-29,0,1024817.14,567795308,7975105024
World,2022-07-30,0,1024817.14,567795308,7975105024
World,2022-07-31,7204705,1029243.57,575000013,7975105024
World,2022-08-01,0,1029243.57,575000013,7975105024
World,2022-08-02,0,1029243.57,575000013,7975105024
World,2022-08-03,0,1029243.57,575000013,7975105024
World,2022-08-04,0,1029243.57,575000013,7975105024
World,2022-08-05,0,1029243.57,575000013,7975105024
World,2022-08-06,0,1029243.57,575000013,7975105024
World,2022-08-07,6945541,992220.14,581945554,7975105024
World,2022-08-08,0,992220.14,581945554,7975105024
World,2022-08-09,0,992220.14,581945554,7975105024
World,2022-08-10,0,992220.14,581945554,7975105024
World,2022-08-11,0,992220.14,581945554,7975105024
World,2022-08-12,0,992220.14,581945554,7975105024
World,2022-08-13,0,992220.14,581945554,7975105024
World,2022-08-14,5752766,821823.71,587698320,7975105024
World,2022-08-15,0,821823.71,587698320,7975105024
World,2022-08-16,0,821823.71,587698320,7975105024
World,2022-08-17,0,821823.71,587698320,7975105024
World,2022-08-18,0,821823.71,587698320,7975105024
World,2022-08-19,0,821823.71,587698320,7975105024
World,2022-08-20,0,821823.71,587698320,7975105024
World,2022-08-21,5386339,769477.0,593084659,7975105024
World,2022-08-22,0,769477.0,593084659,7975105024
World,2022-08-23,0,769477.0,593084659,7975105024
World,2022-08-24,0,769477.0,593084659,7975105024
World,2022-08-25,0,769477.0,593084659,7975105024
World,2022-08-26,0,769477.0,593084659,7975105024
World,2022-08-27,0,769477.0,593084659,7975105024
World,2022-08-28,4765784,680826.29,597850443,7975105024
World,2022-08-29,0,680826.29,597850443,7975105024
World,2022-08-30,0,680826.29,597850443,7975105024
World,2022-08-31,0,680826.29,597850443,7975105024
World,2022-09-01,0,680826.29,597850443,7975105024
World,2022-09-02,0,680826.29,597850443,7975105024
World,2022-09-03,0,680826.29,597850443,7975105024
World,2022-09-04,4289886,612840.86,602140329,7975105024
World,2022-09-05,0,612840.86,602140329,7975105024
World,2022-09-06,0,612840.86,602140329,7975105024
World,2022-09-07,0,612840.86,602140329,7975105024
World,2022-09-08,0,612840.86,602140329,7975105024
World,2022-09-09,0,612840.86,602140329,7975105024
World,2022-09-10,0,612840.86,602140329,7975105024
World,2022-09-11,3269394,467056.29,605409723,7975105024
World,2022-09-12,0,467056.29,605409723,7975105024
World,2022-09-13,0,467056.29,605409723,7975105024
World,2022-09-14,0,467056.29,605409723,7975105024
World,2022-09-15,0,467056.29,605409723,7975105024
World,2022-09-16,0,467056.29,605409723,7975105024
World,2022-09-17,0,467056.29,605409723,7975105024
World,2022-09-18,3395804,485114.86,608805527,7975105024
World,2022-09-19,0,485114.86,608805527,7975105024
World,2022-09-20,0,485114.86,608805527,7975105024
World,2022-09-21,0,485114.86,608805527,7975105024
World,2022-09-22,0,485114.86,608805527,7975105024
World,2022-09-23,0,485114.86,608805527,7975105024
World,2022-09-24,0,485114.86,608805527,7975105024
World,2022-09-25,3218403,459771.86,612023930,7975105024
World,2022-09-26,0,459771.86,612023930,7975105024
World,2022-09-27,0,459771.86,612023930,7975105024
World,2022-09-28,0,459771.86,612023930,7975105024
World,2022-09-29,0,459771.86,612023930,7975105024
World,2022-09-30,0,459771.86,612023930,7975105024
World,2022-10-01,0,459771.86,612023930,7975105024
World,2022-10-02,3230865,461552.14,615254795,7975105024
World,2022-10-03,0,461552.14,615254795,7975105024
World,2022-10-04,0,461552.14,615254795,7975105024
World,2022-10-05,0,461552.14,615254795,7975105024
World,2022-10-06,0,461552.14,615254795,7975105024
World,2022-10-07,0,461552.14,615254795,7975105024
World,2022-10-08,0,461552.14,615254795,7975105024
World,2022-10-09,3218729,459818.43,618473524,7975105024
World,2022-10-10,0,459818.43,618473524,7975105024
World,2022-10-11,0,459818.43,618473524,7975105024
World,2022-10-12,0,459818.43,618473524,7975105024
World,2022-10-13,0,459818.43,618473524,7975105024
World,2022-10-14,0,459818.43,618473524,7975105024
World,2022-10-15,0,459818.43,618473524,7975105024
World,2022-10-16,3175701,453671.57,621649225,7975105024
World,2022-10-17,0,453671.57,621649225,7975105024
World,2022-10-18,0,453671.57,621649225,7975105024
World,2022-10-19,0,453671.57,621649225,7975105024
World,2022-10-20,0,453671.57,621649225,7975105024
World,2022-10-21,0,453671.57,621649225,7975105024
World,2022-10-22,0,453671.57,621649225,7975105024
World,2022-10-23,2897731,413961.57,624546956,7975105024
World,2022-10-24,0,413961.57,624546956,7975105024
World,2022-10-25,0,413961.57,624546956,7975105024
World,2022-10-26,0,413961.57,624546956,7975105024
World,2022-10-27,0,413961.57,624546956,7975105024
World,2022-10-28,0,413961.57,624546956,7975105024
World,2022-10-29,0,413961.57,624546956,7975105024
World,2022-10-30,2534474,362067.71,627081430,7975105024
World,2022-10-31,0,362067.71,627081430,7975105024
World,2022-11-01,0,362067.71,627081430,7975105024
World,2022-11-02,0,362067.71,627081430,7975105024
World,2022-11-03,0,362067.71,627081430,7975105024
World,2022-11-04,0,362067.71,627081430,7975105024
World,2022-11-05,0,362067.71,627081430,7975105024
World,2022-11-06,2334725,333532.14,629416067,7975105024
World,2022-11-07,0,333532.14,629416067,7975105024
World,2022-11-08,0,333532.14,629416067,7975105024
World,2022-11-09,0,333532.14,629416067,7975105024
World,2022-11-10,0,333532.14,629416067,7975105024
World,2022-11-11,0,333532.14,629416067,7975105024
World,2022-11-12,0,333532.14,629416067,7975105024
World,2022-11-13,2489180,355597.14,631905247,7975105024
World,2022-11-14,0,355597.14,631905247,7975105024
World,2022-11-15,0,355597.14,631905247,7975105024
World,2022-11-16,0,355597.14,631905247,7975105024
World,2022-11-17,0,355597.14,631905247,7975105024
World,2022-11-18,0,355597.14,631905247,7975105024
World,2022-11-19,0,355597.14,631905247,7975105024
World,2022-11-20,2682050,383150.0,634587297,7975105024
World,2022-11-21,0,383150.0,634587297,7975105024
World,2022-11-22,0,383150.0,634587297,7975105024
World,2022-11-23,0,383150.0,634587297,7975105024
World,2022-11-24,0,383150.0,634587297,7975105024
World,2022-11-25,0,383150.0,634587297,7975105024
World,2022-11-26,0,383150.0,634587297,7975105024
World,2022-11-27,2977627,425375.29,637564924,7975105024
World,2022-11-28,0,425375.29,637564924,7975105024
World,2022-11-29,0,425375.29,637564924,7975105024
World,2022-11-30,0,425375.29,637564924,7975105024
World,2022-12-01,0,425375.29,637564924,7975105024
World,2022-12-02,0,425375.29,637564924,7975105024
World,2022-12-03,0,425375.29,637564924,7975105024
World,2022-12-04,3237009,462429.86,640801933,7975105024
World,2022-12-05,0,462429.86,640801933,7975105024
World,2022-12-06,0,462429.86,640801933,7975105024
World,2022-12-07,0,462429.86,640801933,7975105024
World,2022-12-08,0,462429.86,640801933,7975105024
World,2022-12-09,0,462429.86,640801933,7975105024
World,2022-12-10,0,462429.86,640801933,7975105024
World,2022-12-11,4615165,659309.29,645417098,7975105024
World,2022-12-12,0,659309.29,645417098,7975105024
World,2022-12-13,0,659309.29,645417098,7975105024
World,2022-12-14,0,659309.29,645417098,7975105024
World,2022-12-15,0,659309.29,645417098,7975105024
World,2022-12-16,0,659309.29,645417098,7975105024
World,2022-12-17,0,659309.29,645417098,7975105024
World,2022-12-18,14977514,2139644.86,660394612,7975105024
World,2022-12-19,0,2139644.86,660394612,7975105024
World,2022-12-20,0,2139644.86,660394612,7975105024
World,2022-12-21,0,2139644.86,660394612,7975105024
World,2022-12-22,0,2139644.86,660394612,7975105024
World,2022-12-23,0,2139644.86,660394612,7975105024
World,2022-12-24,0,2139644.86,660394612,7975105024
World,2022-12-25,44236227,6319461.0,704630839,7975105024
World,2022-12-26,0,6319461.0,704630839,7975105024
World,2022-12-27,0,6319461.0,704630839,7975105024
World,2022-12-28,0,6319461.0,704630839,7975105024
World,2022-12-29,0,6319461.0,704630839,7975105024
World,2022-12-30,0,6319461.0,704630839,7975105024
World,2022-12-31,0,6319461.0,704630839,7975105024
World,2023-01-01,27732700,3961814.29,732363539,7975105024
World,2023-01-02,0,3961814.29,732363539,7975105024
World,2023-01-03,0,3961814.29,732363539,7975105024
World,2023-01-04,0,3961814.29,732363539,7975105024
World,2023-01-05,0,3961814.29,732363539,7975105024
World,2023-01-06,0,3961814.29,732363539,7975105024
World,2023-01-07,0,3961814.29,732363539,7975105024
World,2023-01-08,10980015,1568573.57,743343554,7975105024
World,2023-01-09,0,1568573.57,743343554,7975105024
World,2023-01-10,0,1568573.57,743343554,7975105024
World,2023-01-11,0,1568573.57,743343554,7975105024
World,2023-01-12,0,1568573.57,743343554,7975105024
World,2023-01-13,0,1568573.57,743343554,7975105024
World,2023-01-14,0,1568573.57,743343554,7975105024
World,2023-01-15,4886948,698135.43,748230502,7975105024
World,2023-01-16,0,698135.43,748230502,7975105024
World,2023-01-17,0,698135.43,748230502,7975105024
World,2023-01-18,0,698135.43,748230502,7975105024
World,2023-01-19,0,698135.43,748230502,7975105024
World,2023-01-20,0,698135.43,748230502,7975105024
World,2023-01-21,0,698135.43,748230502,7975105024
World,2023-01-22,2514888,359269.71,750745390,7975105024
World,2023-01-23,0,359269.71,750745390,7975105024
World,2023-01-24,0,359269.71,750745390,7975105024
World,2023-01-25,0,359269.71,750745390,7975105024
World,2023-01-26,0,359269.71,750745390,7975105024
World,2023-01-27,0,359269.71,750745390,7975105024
World,2023-01-28,0,359269.71,750745390,7975105024
World,2023-01-29,1559501,222785.86,752304891,7975105024
World,2023-01-30,0,222785.86,752304891,7975105024
World,2023-01-31,0,222785.86,752304891,7975105024
World,2023-02-01,0,222785.86,752304891,7975105024
World,2023-02-02,0,222785.86,752304891,7975105024
World,2023-02-03,0,222785.86,752304891,7975105024
World,2023-02-04,0,222785.86,752304891,7975105024
World,2023-02-05,1385657,197951.0,753690548,7975105024
World,2023-02-06,0,197951.0,753690548,7975105024
World,2023-02-07,0,197951.0,753690548,7975105024
World,2023-02-08,0,197951.0,753690548,7975105024
World,2023-02-09,0,197951.0,753690548,7975105024
World,2023-02-10,0,197951.0,753690548,7975105024
World,2023-02-11,0,197951.0,753690548,7975105024
World,2023-02-12,1247483,178211.86,754937907,7975105024
World,2023-02-13,0,178211.86,754937907,7975105024
World,2023-02-14,0,178211.86,754937907,7975105024
World,2023-02-15,0,178211.86,754937907,7975105024
World,2023-02-16,0,178211.86,754937907,7975105024
World,2023-02-17,0,178211.86,754937907,7975105024
World,2023-02-18,0,178211.86,754937907,7975105024
World,2023-02-19,1145793,163684.71,756083700,7975105024
World,2023-02-20,0,163684.71,756083700,7975105024
World,2023-02-21,0,163684.71,756083700,7975105024
World,2023-02-22,0,163684.71,756083700,7975105024
World,2023-02-23,0,163684.71,756083700,7975105024
World,2023-02-24,0,163684.71,756083700,7975105024
World,2023-02-25,0,163684.71,756083700,7975105024
World,2023-02-26,1072885,153269.29,757156585,7975105024
World,2023-02-27,0,153269.29,757156585,7975105024
World,2023-02-28,0,153269.29,757156585,7975105024
World,2023-03-01,0,153269.29,757156585,7975105024
World,2023-03-02,0,153269.29,757156585,7975105024
World,2023-03-03,0,153269.29,757156585,7975105024
World,2023-03-04,0,153269.29,757156585,7975105024
World,2023-03-05,1028478,146925.43,758185063,7975105024
World,2023-03-06,0,146925.43,758185063,7975105024
World,2023-03-07,0,146925.43,758185063,7975105024
World,2023-03-08,0,146925.43,758185063,7975105024
World,2023-03-09,0,146925.43,758185063,7975105024
World,2023-03-10,0,146925.43,758185063,7975105024
World,2023-03-11,0,146925.43,758185063,7975105024
World,2023-03-12,894852,127836.0,759079915,7975105024
World,2023-03-13,0,127836.0,759079915,7975105024
World,2023-03-14,0,127836.0,759079915,7975105024
World,2023-03-15,0,127836.0,759079915,7975105024
World,2023-03-16,0,127836.0,759079915,7975105024
World,2023-03-17,0,127836.0,759079915,7975105024
World,2023-03-18,0,127836.0,759079915,7975105024
World,2023-03-19,879247,125606.71,759959162,7975105024
World,2023-03-20,0,125606.71,759959162,7975105024
World,2023-03-21,0,125606.71,759959162,7975105024
World,2023-03-22,0,125606.71,759959162,7975105024
World,2023-03-23,0,125606.71,759959162,7975105024
World,2023-03-24,0,125606.71,759959162,7975105024
World,2023-03-25,0,125606.71,759959162,7975105024
World,2023-03-26,833141,119020.14,760792303,7975105024
World,2023-03-27,0,119020.14,760792303,7975105024
World,2023-03-28,0,119020.14,760792303,7975105024
World,2023-03-29,0,119020.14,760792303,7975105024
World,2023-03-30,0,119020.14,760792303,7975105024
World,2023-03-31,0,119020.14,760792303,7975105024
World,2023-04-01,0,119020.14,760792303,7975105024
World,2023-04-02,799538,114219.71,761591841,7975105024
World,2023-04-03,0,114219.71,761591841,7975105024
World,2023-04-04,0,114219.71,761591841,7975105024
World,2023-04-05,0,114219.71,761591841,7975105024
World,2023-04-06,0,114219.71,761591841,7975105024
World,2023-04-07,0,114219.71,761591841,7975105024
World,2023-04-08,0,114219.71,761591841,7975105024
World,2023-04-09,701069,100152.71,762292910,7975105024
World,2023-04-10,0,100152.71,762292910,7975105024
World,2023-04-11,0,100152.71,762292910,7975105024
World,2023-04-12,0,100152.71,762292910,7975105024
World,2023-04-13,0,100152.71,762292910,7975105024
World,2023-04-14,0,100152.71,762292910,7975105024
World,2023-04-15,0,100152.71,762292910,7975105024
World,2023-04-16,694820,99260.0,762987730,7975105024
World,2023-04-17,0,99260.0,762987730,7975105024
World,2023-04-18,0,99260.0,762987730,7975105024
World,2023-04-19,0,99260.0,762987730,7975105024
World,2023-04-20,0,99260.0,762987730,7975105024
World,2023-04-21,0,99260.0,762987730,7975105024
World,2023-04-22,0,99260.0,762987730,7975105024
World,2023-04-23,737620,105374.29,763725350,7975105024
World,2023-04-24,0,105374.29,763725350,7975105024
World,2023-04-25,0,105374.29,763725350,7975105024
World,2023-04-26,0,105374.29,763725350,7975105024
World,2023-04-27,0,105374.29,763725350,7975105024
World,2023-04-28,0,105374.29,763725350,7975105024
World,2023-04-29,0,105374.29,763725350,7975105024
World,2023-04-30,684613,97801.86,764409963,7975105024
World,2023-05-01,0,97801.86,764409963,7975105024
World,2023-05-02,0,97801.86,764409963,7975105024
World,2023-05-03,0,97801.86,764409963,7975105024
World,2023-05-04,0,97801.86,764409963,7975105024
World,2023-05-05,0,97801.86,764409963,7975105024
World,2023-05-06,0,97801.86,764409963,7975105024
World,2023-05-07,609449,87064.14,765019412,7975105024
World,2023-05-08,0,87064.14,765019412,7975105024
World,2023-05-09,0,87064.14,765019412,7975105024
World,2023-05-10,0,87064.14,765019412,7975105024
World,2023-05-11,0,87064.14,765019412,7975105024
World,2023-05-12,0,87064.14,765019412,7975105024
World,2023-05-13,0,87064.14,765019412,7975105024
World,2023-05-14,566903,80986.14,765586315,7975105024
World,2023-05-15,0,80986.14,765586315,7975105024
World,2023-05-16,0,80986.14,765586315,7975105024
World,2023-05-17,0,80986.14,765586315,7975105024
World,2023-05-18,0,80986.14,765586315,7975105024
World,2023-05-19,0,80986.14,765586315,7975105024
World,2023-05-20,0,80986.14,765586315,7975105024
World,2023-05-21,371881,53125.86,765958196,7975105024
World,2023-05-22,0,53125.86,765958196,7975105024
World,2023-05-23,0,53125.86,765958196,7975105024
World,2023-05-24,0,53125.86,765958196,7975105024
World,2023-05-25,0,53125.86,765958196,7975105024
World,2023-05-26,0,53125.86,765958196,7975105024
World,2023-05-27,0,53125.86,765958196,7975105024
World,2023-05-28,347048,49578.29,766305244,7975105024
World,2023-05-29,0,49578.29,766305244,7975105024
World,2023-05-30,0,49578.29,766305244,7975105024
World,2023-05-31,0,49578.29,766305244,7975105024
World,2023-06-01,0,49578.29,766305244,7975105024
World,2023-06-02,0,49578.29,766305244,7975105024
World,2023-06-03,0,49578.29,766305244,7975105024
World,2023-06-04,289975,41425.0,766595199,7975105024
World,2023-06-05,0,41425.0,766595199,7975105024
World,2023-06-06,0,41425.0,766595199,7975105024
World,2023-06-07,0,41425.0,766595199,7975105024
World,2023-06-08,0,41425.0,766595199,7975105024
World,2023-06-09,0,41425.0,766595199,7975105024
World,2023-06-10,0,41425.0,766595199,7975105024
World,2023-06-11,280591,40084.43,766875788,7975105024
World,2023-06-12,0,40084.43,766875788,7975105024
World,2023-06-13,0,40084.43,766875788,7975105024
World,2023-06-14,0,40084.43,766875788,7975105024
World,2023-06-15,0,40084.43,766875788,7975105024
World,2023-06-16,0,40084.43,766875788,7975105024
World,2023-06-17,0,40084.43,766875788,7975105024
World,2023-06-18,142924,20417.71,767018712,7975105024
World,2023-06-19,0,20417.71,767018712,7975105024
World,2023-06-20,0,20417.71,767018712,7975105024
World,2023-06-21,0,20417.71,767018712,7975105024
World,2023-06-22,0,20417.71,767018712,7975105024
World,2023-06-23,0,20417.71,767018712,7975105024
World,2023-06-24,0,20417.71,767018712,7975105024
World,2023-06-25,205040,29291.43,767223752,7975105024
World,2023-06-26,0,29291.43,767223752,7975105024
World,2023-06-27,0,29291.43,767223752,7975105024
World,2023-06-28,0,29291.43,767223752,7975105024
World,2023-06-29,0,29291.43,767223752,7975105024
World,2023-06-30,0,29291.43,767223752,7975105024
World,2023-07-01,0,29291.43,767223752,7975105024
World,2023-07-02,176487,25212.43,767400239,7975105024
World,2023-07-03,0,25212.43,767400239,7975105024
World,2023-07-04,0,25212.43,767400239,7975105024
World,2023-07-05,0,25212.43,767400239,7975105024
World,2023-07-06,0,25212.43,767400239,7975105024
World,2023-07-07,0,25212.43,767400239,7975105024
World,2023-07-08,0,25212.43,767400239,7975105024
World,2023-07-09,182375,26053.57,767582614,7975105024
World,2023-07-10,0,26053.57,767582614,7975105024
World,2023-07-11,0,26053.57,767582614,7975105024
World,2023-07-12,0,26053.57,767582614,7975105024
World,2023-07-13,0,26053.57,767582614,7975105024
World,2023-07-14,0,26053.57,767582614,7975105024
World,2023-07-15,0,26053.57,767582614,7975105024
World,2023-07-16,201572,28796.0,767784081,7975105024
World,2023-07-17,0,28796.0,767784081,7975105024
World,2023-07-18,0,28796.0,767784081,7975105024
World,2023-07-19,0,28796.0,767784081,7975105024
World,2023-07-20,0,28796.0,767784081,7975105024
World,2023-07-21,0,28796.0,767784081,7975105024
World,2023-07-22,0,28796.0,767784081,7975105024
World,2023-07-23,250148,35735.43,768034229,7975105024
World,2023-07-24,0,35735.43,768034229,7975105024
World,2023-07-25,0,35735.43,768034229,7975105024
World,2023-07-26,0,35735.43,768034229,7975105024
World,2023-07-27,0,35735.43,768034229,7975105024
World,2023-07-28,0,35735.43,768034229,7975105024
World,2023-07-29,0,35735.43,768034229,7975105024
World,2023-07-30,316998,45285.43,768351226,7975105024
World,2023-07-31,0,45285.43,768351226,7975105024
World,2023-08-01,0,45285.43,768351226,7975105024
World,2023-08-02,0,45285.43,768351226,7975105024
World,2023-08-03,0,45285.43,768351226,7975105024
World,2023-08-04,0,45285.43,768351226,7975105024
World,2023-08-05,0,45285.43,768351226,7975105024
World,2023-08-06,701668,100238.29,769052894,7975105024
World,2023-08-07,0,100238.29,769052894,7975105024
World,2023-08-08,0,100238.29,769052894,7975105024
World,2023-08-09,0,100238.29,769052894,7975105024
World,2023-08-10,0,100238.29,769052894,7975105024
World,2023-08-11,0,100238.29,769052894,7975105024
World,2023-08-12,0,100238.29,769052894,7975105024
World,2023-08-13,134096,19156.57,769186830,7975105024
World,2023-08-14,0,19156.57,769186830,7975105024
World,2023-08-15,0,19156.57,769186830,7975105024
World,2023-08-16,0,19156.57,769186830,7975105024
World,2023-08-17,0,19156.57,769186830,7975105024
World,2023-08-18,0,19156.57,769186830,7975105024
World,2023-08-19,0,19156.57,769186830,7975105024
World,2023-08-20,343684,49097.71,769465435,7975105024
World,2023-08-21,0,49097.71,769465435,7975105024
World,2023-08-22,0,49097.71,769465435,7975105024
World,2023-08-23,0,49097.71,769465435,7975105024
World,2023-08-24,0,49097.71,769465435,7975105024
World,2023-08-25,0,49097.71,769465435,7975105024
World,2023-08-26,0,49097.71,769465435,7975105024
World,2023-08-27,356857,50979.57,769822292,7975105024
World,2023-08-28,0,50979.57,769822292,7975105024
World,2023-08-29,0,50979.57,769822292,7975105024
World,2023-08-30,0,50979.57,769822292,7975105024
World,2023-08-31,0,50979.57,769822292,7975105024
World,2023-09-01,0,50979.57,769822292,7975105024
World,2023-09-02,0,50979.57,769822292,7975105024
World,2023-09-03,340117,48588.14,770162409,7975105024
World,2023-09-04,0,48588.14,770162409,7975105024
World,2023-09-05,0,48588.14,770162409,7975105024
World,2023-09-06,0,48588.14,770162409,7975105024
World,2023-09-07,0,48588.14,770162409,7975105024
World,2023-09-08,0,48588.14,770162409,7975105024
World,2023-09-09,0,48588.14,770162409,7975105024
World,2023-09-10,233205,33315.0,770395614,7975105024
World,2023-09-11,0,33315.0,770395614,7975105024
World,2023-09-12,0,33315.0,770395614,7975105024
World,2023-09-13,0,33315.0,770395614,7975105024
World,2023-09-14,0,33315.0,770395614,7975105024
World,2023-09-15,0,33315.0,770395614,7975105024
World,2023-09-16,0,33315.0,770395614,7975105024
World,2023-09-17,120577,17225.29,770516191,7975105024
World,2023-09-18,0,17225.29,770516191,7975105024
World,2023-09-19,0,17225.29,770516191,7975105024
World,2023-09-20,0,17225.29,770516191,7975105024
World,2023-09-21,0,17225.29,770516191,7975105024
World,2023-09-22,0,17225.29,770516191,7975105024
World,2023-09-23,0,17225.29,770516191,7975105024
World,2023-09-24,136848,19549.71,770653039,7975105024
World,2023-09-25,0,19549.71,770653039,7975105024
World,2023-09-26,0,19549.71,770653039,7975105024
World,2023-09-27,0,19549.71,770653039,7975105024
World,2023-09-28,0,19549.71,770653039,7975105024
World,2023-09-29,0,19549.71,770653039,7975105024
World,2023-09-30,0,19549.71,770653039,7975105024
World,2023-10-01,157489,22498.43,770810528,7975105024
World,2023-10-02,0,22498.43,770810528,7975105024
World,2023-10-03,0,22498.43,770810528,7975105024
World,2023-10-04,0,22498.43,770810528,7975105024
World,2023-10-05,0,22498.43,770810528,7975105024
World,2023-10-06,0,22498.43,770810528,7975105024
World,2023-10-07,0,22498.43,770810528,7975105024
World,2023-10-08,167166,23880.86,770977694,7975105024
World,2023-10-09,0,23880.86,770977694,7975105024
World,2023-10-10,0,23880.86,770977694,7975105024
World,2023-10-11,0,23880.86,770977694,7975105024
World,2023-10-12,0,23880.86,770977694,7975105024
World,2023-10-13,0,23880.86,770977694,7975105024
World,2023-10-14,0,23880.86,770977694,7975105024
World,2023-10-15,151104,21586.29,771128791,7975105024
World,2023-10-16,0,21586.29,771128791,7975105024
World,2023-10-17,0,21586.29,771128791,7975105024
World,2023-10-18,0,21586.29,771128791,7975105024
World,2023-10-19,0,21586.29,771128791,7975105024
World,2023-10-20,0,21586.29,771128791,7975105024
World,2023-10-21,0,21586.29,771128791,7975105024
World,2023-10-22,140674,20096.29,771269465,7975105024
World,2023-10-23,0,20096.29,771269465,7975105024
World,2023-10-24,0,20096.29,771269465,7975105024
World,2023-10-25,0,20096.29,771269465,7975105024
World,2023-10-26,0,20096.29,771269465,7975105024
World,2023-10-27,0,20096.29,771269465,7975105024
World,2023-10-28,0,20096.29,771269465,7975105024
World,2023-10-29,142308,20329.71,771411773,7975105024
World,2023-10-30,0,20329.71,771411773,7975105024
World,2023-10-31,0,20329.71,771411773,7975105024
World,2023-11-01,0,20329.71,771411773,7975105024
World,2023-11-02,0,20329.71,771411773,7975105024
World,2023-11-03,0,20329.71,771411773,7975105024
World,2023-11-04,0,20329.71,771411773,7975105024
World,2023-11-05,157622,22517.43,771569395,7975105024
World,2023-11-06,0,22517.43,771569395,7975105024
World,2023-11-07,0,22517.43,771569395,7975105024
World,2023-11-08,0,22517.43,771569395,7975105024
World,2023-11-09,0,22517.43,771569395,7975105024
World,2023-11-10,0,22517.43,771569395,7975105024
World,2023-11-11,0,22517.43,771569395,7975105024
World,2023-11-12,174856,24979.43,771744251,7975105024
World,2023-11-13,0,24979.43,771744251,7975105024
World,2023-11-14,0,24979.43,771744251,7975105024
World,2023-11-15,0,24979.43,771744251,7975105024
World,2023-11-16,0,24979.43,771744251,7975105024
World,2023-11-17,0,24979.43,771744251,7975105024
World,2023-11-18,0,24979.43,771744251,7975105024
World,2023-11-19,206897,29556.71,771951148,7975105024
World,2023-11-20,0,29556.71,771951148,7975105024
World,2023-11-21,0,29556.71,771951148,7975105024
World,2023-11-22,0,29556.71,771951148,7975105024
World,2023-11-23,0,29556.71,771951148,7975105024
World,2023-11-24,0,29556.71,771951148,7975105024
World,2023-11-25,0,29556.71,771951148,7975105024
World,2023-11-26,237594,33942.0,772188742,7975105024
World,2023-11-27,0,33942.0,772188742,7975105024
World,2023-11-28,0,33942.0,772188742,7975105024
World,2023-11-29,0,33942.0,772188742,7975105024
World,2023-11-30,0,33942.0,772188742,7975105024
World,2023-12-01,0,33942.0,772188742,7975105024
World,2023-12-02,0,33942.0,772188742,7975105024
World,2023-12-03,281558,40222.57,772470300,7975105024
World,2023-12-04,0,40222.57,772470300,7975105024
World,2023-12-05,0,40222.57,772470300,7975105024
World,2023-12-06,0,40222.57,772470300,7975105024
World,2023-12-07,0,40222.57,772470300,7975105024
World,2023-12-08,0,40222.57,772470300,7975105024
World,2023-12-09,0,40222.57,772470300,7975105024
World,2023-12-10,332506,47500.86,772802806,7975105024
World,2023-12-11,0,47500.86,772802806,7975105024
World,2023-12-12,0,47500.86,772802806,7975105024
World,2023-12-13,0,47500.86,772802806,7975105024
World,2023-12-14,0,47500.86,772802806,7975105024
World,2023-12-15,0,47500.86,772802806,7975105024
World,2023-12-16,0,47500.86,772802806,7975105024
World,2023-12-17,381606,54515.14,773184412,7975105024
World,2023-12-18,0,54515.14,773184412,7975105024
World,2023-12-19,0,54515.14,773184412,7975105024
World,2023-12-20,0,54515.14,773184412,7975105024
World,2023-12-21,0,54515.14,773184412,7975105024
World,2023-12-22,0,54515.14,773184412,7975105024
World,2023-12-23,0,54515.14,773184412,7975105024
World,2023-12-24,356531,50933.0,773540943,7975105024
World,2023-12-25,0,50933.0,773540943,7975105024
World,2023-12-26,0,50933.0,773540943,7975105024
World,2023-12-27,0,50933.0,773540943,7975105024
World,2023-12-28,0,50933.0,773540943,7975105024
World,2023-12-29,0,50933.0,773540943,7975105024
World,2023-12-30,0,50933.0,773540943,7975105024
World,2023-12-31,262564,37509.14,773803507,7975105024
World,2024-01-01,0,37509.14,773803507,7975105024
World,2024-01-02,0,37509.14,773803507,7975105024
World,2024-01-03,0,37509.14,773803507,7975105024
World,2024-01-04,0,37509.14,773803507,7975105024
World,2024-01-05,0,37509.14,773803507,7975105024
World,2024-01-06,0,37509.14,773803507,7975105024
World,2024-01-07,198936,28419.43,774002443,7975105024
World,2024-01-08,0,28419.43,774002443,7975105024
World,2024-01-09,0,28419.43,774002443,7975105024
World,2024-01-10,0,28419.43,774002443,7975105024
World,2024-01-11,0,28419.43,774002443,7975105024
World,2024-01-12,0,28419.43,774002443,7975105024
World,2024-01-13,0,28419.43,774002443,7975105024
World,2024-01-14,187498,26785.43,774189941,7975105024
World,2024-01-15,0,26785.43,774189941,7975105024
World,2024-01-16,0,26785.43,774189941,7975105024
World,2024-01-17,0,26785.43,774189941,7975105024
World,2024-01-18,0,26785.43,774189941,7975105024
World,2024-01-19,0,26785.43,774189941,7975105024
World,2024-01-20,0,26785.43,774189941,7975105024
World,2024-01-21,137692,19670.29,774327633,7975105024
World,2024-01-22,0,19670.29,774327633,7975105024
World,2024-01-23,0,19670.29,774327633,7975105024
World,2024-01-24,0,19670.29,774327633,7975105024
World,2024-01-25,0,19670.29,774327633,7975105024
World,2024-01-26,0,19670.29,774327633,7975105024
World,2024-01-27,0,19670.29,774327633,7975105024
World,2024-01-28,116134,16590.57,774443767,7975105024
World,2024-01-29,0,16590.57,774443767,7975105024
World,2024-01-30,0,16590.57,774443767,7975105024
World,2024-01-31,0,16590.57,774443767,7975105024
World,2024-02-01,0,16590.57,774443767,7975105024
World,2024-02-02,0,16590.57,774443767,7975105024
World,2024-02-03,0,16590.57,774443767,7975105024
World,2024-02-04,100204,14314.86,774543971,7975105024
World,2024-02-05,0,14314.86,774543971,7975105024
World,2024-02-06,0,14314.86,774543971,7975105024
World,2024-02-07,0,14314.86,774543971,7975105024
World,2024-02-08,0,14314.86,774543971,7975105024
World,2024-02-09,0,14314.86,774543971,7975105024
World,2024-02-10,0,14314.86,774543971,7975105024
World,2024-02-11,88867,12695.29,774632838,7975105024
World,2024-02-12,0,12695.29,774632838,7975105024
World,2024-02-13,0,12695.29,774632838,7975105024
World,2024-02-14,0,12695.29,774632838,7975105024
World,2024-02-15,0,12695.29,774632838,7975105024
World,2024-02-16,0,12695.29,774632838,7975105024
World,2024-02-17,0,12695.29,774632838,7975105024
World,2024-02-18,78784,11254.86,774711622,7975105024
World,2024-02-19,0,11254.86,774711622,7975105024
World,2024-02-20,0,11254.86,774711622,7975105024
World,2024-02-21,0,11254.86,774711622,7975105024
World,2024-02-22,0,11254.86,774711622,7975105024
World,2024-02-23,0,11254.86,774711622,7975105024
World,2024-02-24,0,11254.86,774711622,7975105024
World,2024-02-25,76553,10936.14,774788175,7975105024
World,2024-02-26,0,10936.14,774788175,7975105024
World,2024-02-27,0,10936.14,774788175,7975105024
World,2024-02-28,0,10936.14,774788175,7975105024
World,2024-02-29,0,10936.14,774788175,7975105024
World,2024-03-01,0,10936.14,774788175,7975105024
World,2024-03-02,0,10936.14,774788175,7975105024
World,2024-03-03,71911,10273.0,774860086,7975105024
World,2024-03-04,0,10273.0,774860086,7975105024
World,2024-03-05,0,10273.0,774860086,7975105024
World,2024-03-06,0,10273.0,774860086,7975105024
World,2024-03-07,0,10273.0,774860086,7975105024
World,2024-03-08,0,10273.0,774860086,7975105024
World,2024-03-09,0,10273.0,774860086,7975105024
World,2024-03-10,60907,8701.0,774920993,7975105024
World,2024-03-11,0,8701.0,774920993,7975105024
World,2024-03-12,0,8701.0,774920993,7975105024
World,2024-03-13,0,8701.0,774920993,7975105024
World,2024-03-14,0,8701.0,774920993,7975105024
World,2024-03-15,0,8701.0,774920993,7975105024
World,2024-03-16,0,8701.0,774920993,7975105024
World,2024-03-17,57974,8282.0,774978967,7975105024
World,2024-03-18,0,8282.0,774978967,7975105024
World,2024-03-19,0,8282.0,774978967,7975105024
World,2024-03-20,0,8282.0,774978967,7975105024
World,2024-03-21,0,8282.0,774978967,7975105024
World,2024-03-22,0,8282.0,774978967,7975105024
World,2024-03-23,0,8282.0,774978967,7975105024
World,2024-03-24,50807,7258.14,775029774,7975105024
World,2024-03-25,0,7258.14,775029774,7975105024
World,2024-03-26,0,7258.14,775029774,7975105024
World,2024-03-27,0,7258.14,775029774,7975105024
World,2024-03-28,0,7258.14,775029774,7975105024
World,2024-03-29,0,7258.14,775029774,7975105024
World,2024-03-30,0,7258.14,775029774,7975105024
World,2024-03-31,114046,16292.29,775143820,7975105024
World,2024-04-01,0,16292.29,775143820,7975105024
World,2024-04-02,0,16292.29,775143820,7975105024
World,2024-04-03,0,16292.29,775143820,7975105024
World,2024-04-04,0,16292.29,775143820,7975105024
World,2024-04-05,0,16292.29,775143820,7975105024
World,2024-04-06,0,16292.29,775143820,7975105024
World,2024-04-07,40397,5771.0,775184217,7975105024
World,2024-04-08,0,5771.0,775184217,7975105024
World,2024-04-09,0,5771.0,775184217,7975105024
World,2024-04-10,0,5771.0,775184217,7975105024
World,2024-04-11,0,5771.0,775184217,7975105024
World,2024-04-12,0,5771.0,775184217,7975105024
World,2024-04-13,0,5771.0,775184217,7975105024
World,2024-04-14,39908,5701.14,775224125,7975105024
World,2024-04-15,0,5701.14,775224125,7975105024
World,2024-04-16,0,5701.14,775224125,7975105024
World,2024-04-17,0,5701.14,775224125,7975105024
World,2024-04-18,0,5701.14,775224125,7975105024
World,2024-04-19,0,5701.14,775224125,7975105024
World,2024-04-20,0,5701.14,775224125,7975105024
World,2024-04-21,32370,4624.29,775256495,7975105024
World,2024-04-22,0,4624.29,775256495,7975105024
World,2024-04-23,0,4624.29,775256495,7975105024
World,2024-04-24,0,4624.29,775256495,7975105024
World,2024-04-25,0,4624.29,775256495,7975105024
World,2024-04-26,0,4624.29,775256495,7975105024
World,2024-04-27,0,4624.29,775256495,7975105024
World,2024-04-28,34765,4966.43,775291260,7975105024
World,2024-04-29,0,4966.43,775291260,7975105024
World,2024-04-30,0,4966.43,775291260,7975105024
World,2024-05-01,0,4966.43,775291260,7975105024
World,2024-05-02,0,4966.43,775291260,7975105024
World,2024-05-03,0,4966.43,775291260,7975105024
World,2024-05-04,0,4966.43,775291260,7975105024
World,2024-05-05,31421,4488.71,775322681,7975105024
World,2024-05-06,0,4488.71,775322681,7975105024
World,2024-05-07,0,4488.71,775322681,7975105024
World,2024-05-08,0,4488.71,775322681,7975105024
World,2024-05-09,0,4488.71,775322681,7975105024
World,2024-05-10,0,4488.71,775322681,7975105024
World,2024-05-11,0,4488.71,775322681,7975105024
World,2024-05-12,34389,4912.71,775357070,7975105024
World,2024-05-13,0,4912.71,775357070,7975105024
World,2024-05-14,0,4912.71,775357070,7975105024
World,2024-05-15,0,4912.71,775357070,7975105024
World,2024-05-16,0,4912.71,775357070,7975105024
World,2024-05-17,0,4912.71,775357070,7975105024
World,2024-05-18,0,4912.71,775357070,7975105024
World,2024-05-19,38145,5449.29,775395215,7975105024
World,2024-05-20,0,5449.29,775395215,7975105024
World,2024-05-21,0,5449.29,775395215,7975105024
World,2024-05-22,0,5449.29,775395215,7975105024
World,2024-05-23,0,5449.29,775395215,7975105024
World,2024-05-24,0,5449.29,775395215,7975105024
World,2024-05-25,0,5449.29,775395215,7975105024
World,2024-05-26,32204,4600.57,775427419,7975105024
World,2024-05-27,0,4600.57,775427419,7975105024
World,2024-05-28,0,4600.57,775427419,7975105024
World,2024-05-29,0,4600.57,775427419,7975105024
World,2024-05-30,0,4600.57,775427419,7975105024
World,2024-05-31,0,4600.57,775427419,7975105024
World,2024-06-01,0,4600.57,775427419,7975105024
World,2024-06-02,34916,4988.0,775462248,7975105024
World,2024-06-03,0,4988.0,775462248,7975105024
World,2024-06-04,0,4988.0,775462248,7975105024
World,2024-06-05,0,4988.0,775462248,7975105024
World,2024-06-06,0,4988.0,775462248,7975105024
World,2024-06-07,0,4988.0,775462248,7975105024
World,2024-06-08,0,4988.0,775462248,7975105024
World,2024-06-09,35767,5109.57,775498015,7975105024
World,2024-06-10,0,5109.57,775498015,7975105024
World,2024-06-11,0,5109.57,775498015,7975105024
World,2024-06-12,0,5109.57,775498015,7975105024
World,2024-06-13,0,5109.57,775498015,7975105024
World,2024-06-14,0,5109.57,775498015,7975105024
World,2024-06-15,0,5109.57,775498015,7975105024
World,2024-06-16,36243,5177.57,775534258,7975105024
World,2024-06-17,0,5177.57,775534258,7975105024
World,2024-06-18,0,5177.57,775534258,7975105024
World,2024-06-19,0,5177.57,775534258,7975105024
World,2024-06-20,0,5177.57,775534258,7975105024
World,2024-06-21,0,5177.57,775534258,7975105024
World,2024-06-22,0,5177.57,775534258,7975105024
World,2024-06-23,37136,5305.14,775571394,7975105024
World,2024-06-24,0,5305.14,775571394,7975105024
World,2024-06-25,0,5305.14,775571394,7975105024
World,2024-06-26,0,5305.14,775571394,7975105024
World,2024-06-27,0,5305.14,775571394,7975105024
World,2024-06-28,0,5305.14,775571394,7975105024
World,2024-06-29,0,5305.14,775571394,7975105024
World,2024-06-30,46506,6643.71,775617900,7975105024
World,2024-07-01,0,6643.71,775617900,7975105024
World,2024-07-02,0,6643.71,775617900,7975105024
World,2024-07-03,0,6643.71,775617900,7975105024
World,2024-07-04,0,6643.71,775617900,7975105024
World,2024-07-05,0,6643.71,775617900,7975105024
World,2024-07-06,0,6643.71,775617900,7975105024
World,2024-07-07,47072,6724.57,775664972,7975105024
World,2024-07-08,0,6724.57,775664972,7975105024
World,2024-07-09,0,6724.57,775664972,7975105024
World,2024-07-10,0,6724.57,775664972,7975105024
World,2024-07-11,0,6724.57,775664972,7975105024
World,2024-07-12,0,6724.57,775664972,7975105024
World,2024-07-13,0,6724.57,775664972,7975105024
World,2024-07-14,46547,6649.57,775711519,7975105024
World,2024-07-15,0,6649.57,775711519,7975105024
World,2024-07-16,0,6649.57,775711519,7975105024
World,2024-07-17,0,6649.57,775711519,7975105024
World,2024-07-18,0,6649.57,775711519,7975105024
World,2024-07-19,0,6649.57,775711519,7975105024
World,2024-07-20,0,6649.57,775711519,7975105024
World,2024-07-21,52079,7439.86,775763598,7975105024
World,2024-07-22,0,7439.86,775763598,7975105024
World,2024-07-23,0,7439.86,775763598,7975105024
World,2024-07-24,0,7439.86,775763598,7975105024
World,2024-07-25,0,7439.86,775763598,7975105024
World,2024-07-26,0,7439.86,775763598,7975105024
World,2024-07-27,0,7439.86,775763598,7975105024
World,2024-07-28,56016,8002.29,775819614,7975105024
World,2024-07-29,0,8002.29,775819614,7975105024
World,2024-07-30,0,8002.29,775819614,7975105024
World,2024-07-31,0,8002.29,775819614,7975105024
World,2024-08-01,0,8002.29,775819614,7975105024
World,2024-08-02,0,8002.29,775819614,7975105024
World,2024-08-03,0,8002.29,775819614,7975105024
World,2024-08-04,47169,6738.43,775866783,7975105024
World,2024-08-05,,,,7975105024
World,2024-08-06,,,,7975105024
World,2024-08-07,,,,7975105024
World,2024-08-08,,,,7975105024
World,2024-08-09,,,,7975105024
World,2024-08-10,,,,7975105024
World,2024-08-11,,,,7975105024
World,2024-08-12,,,,7975105024
World,2024-08-13,,,,7975105024
World,2024-08-14,,,,7975105024
